locations_no;lie_city;lie_city_part;lie_street;lie_housenoonly;lie_housenoonlyext;flurstueck;rechtswert;hochwert;wohneinheiten;geweinheiten;rvfarbe;rvname;dpsid;hamikrorohr;aplaufgelegt;hakabelfasern;hakabelspleiss;kntname;odfspleiss;odfkabelfasern;mfgsid;popextid;auftraggeber;assigned_user_id;popsid
LOC10453;Gerstetten;Heldenfingen;Altheimer Weg;9;-;-;578758.74;5383737.0;1;0;grün;HLDFG-HA1x10rt-ws-RVT04-01-013;HLDFG-RVT-04;rot / weiß;1-2;12 F (1x12);2;HLDFG-RVT-04;1-2;288 F (24x12);HLDFG-MFG-001;-;NetCom BW;114.3 - Heldenfingen (Gerstetten);DETGE-MFG-001
LOC10527;Gerstetten;Heldenfingen;Dettinger Weg;8;-;-;579033.03;5384076.0;3;0;grün;HLDFG-HA1x10bl-RVT06-02-03;HLDFG-RVT-06;blau;1-6;12 F (1x12);6;HLDFG-RVT-06;1-6;288 F (24x12);HLDFG-MFG-001;-;NetCom BW;114.3 - Heldenfingen (Gerstetten);DETGE-MFG-001
LOC10683;Gerstetten;Heldenfingen;Kornblumenweg;7;-;-;579071.41;5384599.0;2;0;orange;HLDFG-HA1x10ge-RVT08-02-04;HLDFG-RVT-08;gelb;1-4;12 F (1x12);4;HLDFG-RVT-08;1-4;288 F (24x12);HLDFG-MFG-001;-;NetCom BW;114.3 - Heldenfingen (Gerstetten);DETGE-MFG-001
LOC10746;Gerstetten;Heldenfingen;Molkereistraße;31;-;-;578791.73;5384204.0;2;0;orange;HLDFG-HA1x10gn-ws-RVT05-02-014;HLDFG-RVT-05;grün / weiß;1-4;12 F (1x12);4;HLDFG-RVT-05;1-4;288 F (24x12);HLDFG-MFG-001;-;NetCom BW;114.3 - Heldenfingen (Gerstetten);DETGE-MFG-001
LOC10816;Gerstetten;Heldenfingen;Rüblinger Straße;23;-;-;578819.81;5384287.0;2;0;grün;HLDFG-HA1x10ge-RVT02-02-04;HLDFG-RVT-02;gelb;1-4;12 F (1x12);4;HLDFG-RVT-02;1-4;288 F (24x12);HLDFG-MFG-001;-;NetCom BW;114.3 - Heldenfingen (Gerstetten);DETGE-MFG-001
LOC10826;Gerstetten;Heldenfingen;Rüblinger Straße;38;-;-;578942.96;5384325.0;2;0;rot;HLDFG-HA1x10rt-ws-RVT07-04-013;HLDFG-RVT-07;rot / weiß;1-4;12 F (1x12);4;HLDFG-RVT-07;1-4;288 F (24x12);HLDFG-MFG-001;-;NetCom BW;114.3 - Heldenfingen (Gerstetten);DETGE-MFG-001
LOC10865;Gerstetten;Heldenfingen;Vordere Gasse;1;-;-;578557.41;5384039.0;1;0;grün;HLDFG-HA1x10br-RVT03-04-07;HLDFG-RVT-03;braun;1-2;12 F (1x12);2;HLDFG-RVT-03;1-2;288 F (24x12);HLDFG-MFG-001;-;NetCom BW;114.3 - Heldenfingen (Gerstetten);DETGE-MFG-001
LOC10563;Gerstetten;Heldenfingen;Felsenstraße;11;-;-;578916.28;5384290.0;2;0;rot;HLDFG-HA1x10br-RVT07-04-07;HLDFG-RVT-07;braun;1-4;12 F (1x12);4;HLDFG-RVT-07;5-8;288 F (24x12);HLDFG-MFG-001;-;NetCom BW;114.3 - Heldenfingen (Gerstetten);DETGE-MFG-001
LOC10672;Gerstetten;Heldenfingen;Konradstraße;9;-;-;578711.06;5383796.0;1;0;blau;HLDFG-HA1x10br-RVT04-04-07;HLDFG-RVT-04;braun;1-2;12 F (1x12);2;HLDFG-RVT-04;5-6;288 F (24x12);HLDFG-MFG-001;-;NetCom BW;114.3 - Heldenfingen (Gerstetten);DETGE-MFG-001
LOC10686;Gerstetten;Heldenfingen;Kornblumenweg;10;-;-;579131.29;5384600.0;2;0;orange;HLDFG-HA1x10rt-RVT08-02-01;HLDFG-RVT-08;rot;1-4;12 F (1x12);4;HLDFG-RVT-08;5-8;288 F (24x12);HLDFG-MFG-001;-;NetCom BW;114.3 - Heldenfingen (Gerstetten);DETGE-MFG-001
LOC10751;Gerstetten;Heldenfingen;Molkereistraße;40;-;-;578857.2;5384154.0;2;0;orange;HLDFG-HA1x10gr-ws-RVT05-02-018;HLDFG-RVT-05;grau / weiß;1-4;12 F (1x12);4;HLDFG-RVT-05;5-8;288 F (24x12);HLDFG-MFG-001;-;NetCom BW;114.3 - Heldenfingen (Gerstetten);DETGE-MFG-001
LOC10811;Gerstetten;Heldenfingen;Rüblinger Straße;18;-;-;578798.82;5384255.0;2;0;grün;HLDFG-HA1x10br-RVT02-02-07;HLDFG-RVT-02;braun;1-4;12 F (1x12);4;HLDFG-RVT-02;5-8;288 F (24x12);HLDFG-MFG-001;-;NetCom BW;114.3 - Heldenfingen (Gerstetten);DETGE-MFG-001
LOC10866;Gerstetten;Heldenfingen;Vordere Gasse;2;-;-;578538.71;5384027.0;1;0;schwarz;HLDFG-HA1x10sw-RVT03-05-010;HLDFG-RVT-03;schwarz;1-2;12 F (1x12);2;HLDFG-RVT-03;5-6;288 F (24x12);HLDFG-MFG-001;-;NetCom BW;114.3 - Heldenfingen (Gerstetten);DETGE-MFG-001
LOC10688;Gerstetten;Heldenfingen;Kurzer Weg;3;-;-;579188.87;5384150.0;2;0;orange;HLDFG-HA1x10vi-RVT06-04-08;HLDFG-RVT-06;violett;1-4;12 F (1x12);4;HLDFG-RVT-06;7-10;288 F (24x12);HLDFG-MFG-001;-;NetCom BW;114.3 - Heldenfingen (Gerstetten);DETGE-MFG-001
LOC10773;Gerstetten;Heldenfingen;Rabenweg;7;-;-;578827.41;5383721.0;1;0;grün;HLDFG-HA1x10gn-RVT04-01-02;HLDFG-RVT-04;grün;1-2;12 F (1x12);2;HLDFG-RVT-04;7-8;288 F (24x12);HLDFG-MFG-001;-;NetCom BW;114.3 - Heldenfingen (Gerstetten);DETGE-MFG-001
LOC10568;Gerstetten;Heldenfingen;Felsenstraße;16;-;-;578972.75;5384285.0;2;0;grün;HLDFG-HA1x10ws-sw-RVT07-01-017;HLDFG-RVT-07;schwarz / weiß;1-4;12 F (1x12);4;HLDFG-RVT-07;9-12;288 F (24x12);HLDFG-MFG-001;-;NetCom BW;114.3 - Heldenfingen (Gerstetten);DETGE-MFG-001
LOC10715;Gerstetten;Heldenfingen;Max-Eyth-Straße;29;-;-;578483.35;5384041.0;2;0;grün;HLDFG-HA1x10or-RVT03-01-011;HLDFG-RVT-03;orange;1-4;12 F (1x12);4;HLDFG-RVT-03;9-12;288 F (24x12);HLDFG-MFG-001;-;NetCom BW;114.3 - Heldenfingen (Gerstetten);DETGE-MFG-001
LOC10805;Gerstetten;Heldenfingen;Rüblinger Straße;11;-;-;578721.25;5384237.0;2;0;grün;HLDFG-HA1x10bl-ws-RVT02-02-015;HLDFG-RVT-02;blau / weiß;1-4;12 F (1x12);4;HLDFG-RVT-02;9-12;288 F (24x12);HLDFG-MFG-001;-;NetCom BW;114.3 - Heldenfingen (Gerstetten);DETGE-MFG-001
LOC10835;Gerstetten;Heldenfingen;Rüblinger Straße;50;-;-;578980.45;5384466.0;2;0;grün;HLDFG-HA1x10tk-RVT08-01-09;HLDFG-RVT-08;türkis;1-4;12 F (1x12);4;HLDFG-RVT-08;9-12;288 F (24x12);HLDFG-MFG-001;-;NetCom BW;114.3 - Heldenfingen (Gerstetten);DETGE-MFG-001
LOC10451;Gerstetten;Heldenfingen;Altheimer Weg;5;-;-;578807.02;5383813.0;1;0;orange;HLDFG-HA1x10rs-RVT04-02-012;HLDFG-RVT-04;rosa;1-2;12 F (1x12);2;HLDFG-RVT-04;11-12;288 F (24x12);HLDFG-MFG-001;-;NetCom BW;114.3 - Heldenfingen (Gerstetten);DETGE-MFG-001
LOC10539;Gerstetten;Heldenfingen;Dettinger Weg;28;-;-;579170.87;5384047.0;2;0;grün;HLDFG-HA1x10bl-ws-RVT06-02-015;HLDFG-RVT-06;blau / weiß;1-4;12 F (1x12);4;HLDFG-RVT-06;11-14;288 F (24x12);HLDFG-MFG-001;-;NetCom BW;114.3 - Heldenfingen (Gerstetten);DETGE-MFG-001
LOC10634;Gerstetten;Heldenfingen;Jakobusstraße;9;-;-;578798.62;5384513.0;1;0;grün;HLDFG-HA1x10tk-RVT01-01-09;HLDFG-RVT-01;türkis;1-2;12 F (1x12);2;HLDFG-RVT-01;101-102;288 F (24x12);HLDFG-MFG-001;-;NetCom BW;114.3 - Heldenfingen (Gerstetten);DETGE-MFG-001
LOC10489;Gerstetten;Heldenfingen;Baumstraße;26;-;-;578458.16;5383926.0;1;0;orange;HLDFG-HA1x10gn-ws-RVT03-02-014;HLDFG-RVT-03;grün / weiß;1-2;12 F (1x12);2;HLDFG-RVT-03;13-14;288 F (24x12);HLDFG-MFG-001;-;NetCom BW;114.3 - Heldenfingen (Gerstetten);DETGE-MFG-001
LOC10555;Gerstetten;Heldenfingen;Enzianweg;10;-;-;579182.67;5384516.0;1;0;rot;HLDFG-HA1x10ws-RVT08-03-05;HLDFG-RVT-08;weiß;1-2;12 F (1x12);2;HLDFG-RVT-08;13-14;288 F (24x12);HLDFG-MFG-001;-;NetCom BW;114.3 - Heldenfingen (Gerstetten);DETGE-MFG-001
LOC10624;Gerstetten;Heldenfingen;Hügelweg;9;-;-;578896.18;5384297.0;2;0;grün;HLDFG-HA1x10sw-RVT07-03-010;HLDFG-RVT-07;schwarz;1-4;12 F (1x12);4;HLDFG-RVT-07;13-16;288 F (24x12);HLDFG-MFG-001;-;NetCom BW;114.3 - Heldenfingen (Gerstetten);DETGE-MFG-001
LOC10674;Gerstetten;Heldenfingen;Konradstraße;13;/1;-;578701.66;5383752.0;1;0;blau;HLDFG-HA1x10ge-RVT04-04-04;HLDFG-RVT-04;gelb;1-2;12 F (1x12);2;HLDFG-RVT-04;13-14;288 F (24x12);HLDFG-MFG-001;-;NetCom BW;114.3 - Heldenfingen (Gerstetten);DETGE-MFG-001
LOC10724;Gerstetten;Heldenfingen;Mittlere Dorfstraße;6;-;-;578673.27;5384065.0;2;0;grün;HLDFG-HA1x10vi-ws-RVT02-01-020;HLDFG-RVT-02;violett / weiß;1-4;12 F (1x12);4;HLDFG-RVT-02;13-16;288 F (24x12);HLDFG-MFG-001;-;NetCom BW;114.3 - Heldenfingen (Gerstetten);DETGE-MFG-001
LOC10749;Gerstetten;Heldenfingen;Molkereistraße;36;-;-;578822.71;5384151.0;2;0;orange;HLDFG-HA1x10ws-sw-RVT05-02-017;HLDFG-RVT-05;schwarz / weiß;1-4;12 F (1x12);4;HLDFG-RVT-05;13-16;288 F (24x12);HLDFG-MFG-001;-;NetCom BW;114.3 - Heldenfingen (Gerstetten);DETGE-MFG-001
LOC10460;Gerstetten;Heldenfingen;Anemonenweg;1;-;-;579007.04;5384512.0;1;0;grün;HLDFG-HA1x10vi-ws-RVT08-01-020;HLDFG-RVT-08;violett / weiß;1-2;12 F (1x12);2;HLDFG-RVT-08;15-16;288 F (24x12);HLDFG-MFG-001;-;NetCom BW;114.3 - Heldenfingen (Gerstetten);DETGE-MFG-001
LOC10613;Gerstetten;Heldenfingen;Heuchlinger Straße;16;-;-;578749.84;5383868.0;1;0;orange;HLDFG-HA1x10gr-ws-RVT04-02-018;HLDFG-RVT-04;grau / weiß;1-2;12 F (1x12);2;HLDFG-RVT-04;15-16;288 F (24x12);HLDFG-MFG-001;-;NetCom BW;114.3 - Heldenfingen (Gerstetten);DETGE-MFG-001
LOC10721;Gerstetten;Heldenfingen;Max-Eyth-Straße;38;-;-;578409.18;5383980.0;1;0;grün;HLDFG-HA1x10ws-RVT03-01-05;HLDFG-RVT-03;weiß;1-2;12 F (1x12);2;HLDFG-RVT-03;15-16;288 F (24x12);HLDFG-MFG-001;-;NetCom BW;114.3 - Heldenfingen (Gerstetten);DETGE-MFG-001
LOC10655;Gerstetten;Heldenfingen;Kastanienweg;12;-;-;578739.25;5384489.0;1;0;grün;HLDFG-HA1x10br-RVT01-02-07;HLDFG-RVT-01;braun;1-2;12 F (1x12);2;HLDFG-RVT-01;103-104;288 F (24x12);HLDFG-MFG-001;-;NetCom BW;114.3 - Heldenfingen (Gerstetten);DETGE-MFG-001
LOC10552;Gerstetten;Heldenfingen;Enzianweg;6;-;-;579155.68;5384467.0;1;0;rot;HLDFG-HA1x10sw-RVT08-03-010;HLDFG-RVT-08;schwarz;1-2;12 F (1x12);2;HLDFG-RVT-08;17-18;288 F (24x12);HLDFG-MFG-001;-;NetCom BW;114.3 - Heldenfingen (Gerstetten);DETGE-MFG-001
LOC10558;Gerstetten;Heldenfingen;Felsenstraße;2;-;-;578898.08;5384264.0;1;0;rot;HLDFG-HA1x10bl-RVT07-04-03;HLDFG-RVT-07;blau;1-2;12 F (1x12);2;HLDFG-RVT-07;17-18;288 F (24x12);HLDFG-MFG-001;-;NetCom BW;114.3 - Heldenfingen (Gerstetten);DETGE-MFG-001
LOC10582;Gerstetten;Heldenfingen;Flurstraße;7;-;-;578959.16;5383998.0;2;0;grün;HLDFG-HA1x10bl-ws-RVT05-01-015;HLDFG-RVT-05;blau / weiß;1-4;12 F (1x12);4;HLDFG-RVT-05;17-20;288 F (24x12);HLDFG-MFG-001;-;NetCom BW;114.3 - Heldenfingen (Gerstetten);DETGE-MFG-001
LOC10675;Gerstetten;Heldenfingen;Konradstraße;19;-;-;578687.17;5383717.0;1;0;blau;HLDFG-HA1x10rt-RVT04-04-01;HLDFG-RVT-04;rot;1-2;12 F (1x12);2;HLDFG-RVT-04;17-18;288 F (24x12);HLDFG-MFG-001;-;NetCom BW;114.3 - Heldenfingen (Gerstetten);DETGE-MFG-001
LOC10719;Gerstetten;Heldenfingen;Max-Eyth-Straße;34;-;-;578438.47;5384009.0;1;0;grün;HLDFG-HA1x10br-RVT03-01-07;HLDFG-RVT-03;braun;1-2;12 F (1x12);2;HLDFG-RVT-03;17-18;288 F (24x12);HLDFG-MFG-001;-;NetCom BW;114.3 - Heldenfingen (Gerstetten);DETGE-MFG-001
LOC10815;Gerstetten;Heldenfingen;Rüblinger Straße;22;-;-;578831.01;5384266.0;2;0;grün;HLDFG-HA1x10ws-RVT02-02-05;HLDFG-RVT-02;weiß;1-4;12 F (1x12);4;HLDFG-RVT-02;17-20;288 F (24x12);HLDFG-MFG-001;-;NetCom BW;114.3 - Heldenfingen (Gerstetten);DETGE-MFG-001
LOC10862;Gerstetten;Heldenfingen;Untere Hirschstraße;23;-;-;579022.63;5384227.0;1;0;grün;HLDFG-HA1x10ge-RVT06-01-04;HLDFG-RVT-06;gelb;1-2;12 F (1x12);2;HLDFG-RVT-06;17-18;288 F (24x12);HLDFG-MFG-001;-;NetCom BW;114.3 - Heldenfingen (Gerstetten);DETGE-MFG-001
LOC10506;Gerstetten;Heldenfingen;Brunnenäcker;6;-;-;578784.03;5384339.0;1;0;orange;HLDFG-HA1x10gr-RVT01-03-06;HLDFG-RVT-01;grau;1-2;12 F (1x12);2;HLDFG-RVT-01;105-106;288 F (24x12);HLDFG-MFG-001;-;NetCom BW;114.3 - Heldenfingen (Gerstetten);DETGE-MFG-001
LOC10478;Gerstetten;Heldenfingen;Baumstraße;6;-;-;578670.27;5383906.0;1;0;rot;HLDFG-HA1x10gr-RVT04-03-06;HLDFG-RVT-04;grau;1-2;12 F (1x12);2;HLDFG-RVT-04;19-20;288 F (24x12);HLDFG-MFG-001;-;NetCom BW;114.3 - Heldenfingen (Gerstetten);DETGE-MFG-001
LOC10482;Gerstetten;Heldenfingen;Baumstraße;16;-;-;578554.22;5383907.0;1;0;schwarz;HLDFG-HA1x10gn-RVT03-03-02;HLDFG-RVT-03;grün;1-2;12 F (1x12);2;HLDFG-RVT-03;19-20;288 F (24x12);HLDFG-MFG-001;-;NetCom BW;114.3 - Heldenfingen (Gerstetten);DETGE-MFG-001
LOC10525;Gerstetten;Heldenfingen;Dettinger Weg;6;-;-;579010.94;5384080.0;1;0;grün;HLDFG-HA1x10gn-RVT06-02-02;HLDFG-RVT-06;grün;1-2;12 F (1x12);2;HLDFG-RVT-06;19-20;288 F (24x12);HLDFG-MFG-001;-;NetCom BW;114.3 - Heldenfingen (Gerstetten);DETGE-MFG-001
LOC10572;Gerstetten;Heldenfingen;Felsenstraße;21;-;-;579013.94;5384314.0;1;0;grün;HLDFG-HA1x10or-RVT07-01-011;HLDFG-RVT-07;orange;1-2;12 F (1x12);2;HLDFG-RVT-07;19-20;288 F (24x12);HLDFG-MFG-001;-;NetCom BW;114.3 - Heldenfingen (Gerstetten);DETGE-MFG-001
LOC10640;Gerstetten;Heldenfingen;Jakobusstraße;17;-;-;578709.61;5384536.0;1;0;grün;HLDFG-HA1x10ge-RVT01-01-04;HLDFG-RVT-01;gelb;1-2;12 F (1x12);2;HLDFG-RVT-01;109-110;288 F (24x12);HLDFG-MFG-001;-;NetCom BW;114.3 - Heldenfingen (Gerstetten);DETGE-MFG-001
LOC10461;Gerstetten;Heldenfingen;Anemonenweg;2;-;-;579039.63;5384518.0;1;0;orange;HLDFG-HA1x10rt-ws-RVT08-02-013;HLDFG-RVT-08;rot / weiß;1-2;12 F (1x12);2;HLDFG-RVT-08;21-22;288 F (24x12);HLDFG-MFG-001;-;NetCom BW;114.3 - Heldenfingen (Gerstetten);DETGE-MFG-001
LOC10669;Gerstetten;Heldenfingen;Konradstraße;1;-;-;578735.25;5383856.0;1;0;blau;HLDFG-HA1x10or-RVT04-04-011;HLDFG-RVT-04;orange;1-2;12 F (1x12);2;HLDFG-RVT-04;21-22;288 F (24x12);HLDFG-MFG-001;-;NetCom BW;114.3 - Heldenfingen (Gerstetten);DETGE-MFG-001
LOC10735;Gerstetten;Heldenfingen;Molkereistraße;18;-;-;578699.26;5384141.0;2;0;rot;HLDFG-HA1x10tk-RVT02-03-09;HLDFG-RVT-02;türkis;1-4;12 F (1x12);4;HLDFG-RVT-02;21-24;288 F (24x12);HLDFG-MFG-001;-;NetCom BW;114.3 - Heldenfingen (Gerstetten);DETGE-MFG-001
LOC10737;Gerstetten;Heldenfingen;Molkereistraße;20;-;-;578733.15;5384147.0;2;0;orange;HLDFG-HA1x10vi-RVT05-02-08;HLDFG-RVT-05;violett;1-4;12 F (1x12);4;HLDFG-RVT-05;21-24;288 F (24x12);HLDFG-MFG-001;-;NetCom BW;114.3 - Heldenfingen (Gerstetten);DETGE-MFG-001
LOC10787;Gerstetten;Heldenfingen;Raiffeisenstraße;20;-;-;579169.07;5384251.0;1;0;grün;HLDFG-HA1x10ws-sw-RVT06-01-017;HLDFG-RVT-06;schwarz / weiß;1-2;12 F (1x12);2;HLDFG-RVT-06;21-22;288 F (24x12);HLDFG-MFG-001;-;NetCom BW;114.3 - Heldenfingen (Gerstetten);DETGE-MFG-001
LOC10859;Gerstetten;Heldenfingen;Untere Hirschstraße;15;-;-;578952.46;5384240.0;1;0;orange;HLDFG-HA1x10ws-RVT07-02-05;HLDFG-RVT-07;weiß;1-2;12 F (1x12);2;HLDFG-RVT-07;21-22;288 F (24x12);HLDFG-MFG-001;-;NetCom BW;114.3 - Heldenfingen (Gerstetten);DETGE-MFG-001
LOC10509;Gerstetten;Heldenfingen;Brunnenäcker;9;-;-;578819.11;5384381.0;1;0;orange;HLDFG-HA1x10sw-RVT01-03-010;HLDFG-RVT-01;schwarz;1-2;12 F (1x12);2;HLDFG-RVT-01;111-112;288 F (24x12);HLDFG-MFG-001;-;NetCom BW;114.3 - Heldenfingen (Gerstetten);DETGE-MFG-001
LOC10623;Gerstetten;Heldenfingen;Hügelweg;7;-;-;578888.49;5384293.0;1;0;grün;HLDFG-HA1x10br-RVT07-03-07;HLDFG-RVT-07;braun;1-2;12 F (1x12);2;HLDFG-RVT-07;23-24;288 F (24x12);HLDFG-MFG-001;-;NetCom BW;114.3 - Heldenfingen (Gerstetten);DETGE-MFG-001
LOC10702;Gerstetten;Heldenfingen;Max-Eyth-Straße;5;-;-;578605.2;5384024.0;1;0;grün;HLDFG-HA1x10bl-RVT03-04-03;HLDFG-RVT-03;blau;1-2;12 F (1x12);2;HLDFG-RVT-03;23-24;288 F (24x12);HLDFG-MFG-001;-;NetCom BW;114.3 - Heldenfingen (Gerstetten);DETGE-MFG-001
LOC10784;Gerstetten;Heldenfingen;Raiffeisenstraße;14;-;-;579111.23;5384212.0;1;0;grün;HLDFG-HA1x10sw-RVT06-01-010;HLDFG-RVT-06;schwarz;1-2;12 F (1x12);2;HLDFG-RVT-06;23-24;288 F (24x12);HLDFG-MFG-001;-;NetCom BW;114.3 - Heldenfingen (Gerstetten);DETGE-MFG-001
LOC10692;Gerstetten;Heldenfingen;Ligusterweg;3;-;-;578754.64;5384406.0;1;0;orange;HLDFG-HA1x10ge-RVT01-03-04;HLDFG-RVT-01;gelb;1-2;12 F (1x12);2;HLDFG-RVT-01;113-114;288 F (24x12);HLDFG-MFG-001;-;NetCom BW;114.3 - Heldenfingen (Gerstetten);DETGE-MFG-001
LOC10554;Gerstetten;Heldenfingen;Enzianweg;8;-;-;579169.77;5384494.0;1;0;rot;HLDFG-HA1x10br-RVT08-03-07;HLDFG-RVT-08;braun;1-2;12 F (1x12);2;HLDFG-RVT-08;25-26;288 F (24x12);HLDFG-MFG-001;-;NetCom BW;114.3 - Heldenfingen (Gerstetten);DETGE-MFG-001
LOC10618;Gerstetten;Heldenfingen;Heuchlinger Straße;26;-;-;578867.79;5383760.0;1;0;orange;HLDFG-HA1x10sw-RVT04-02-010;HLDFG-RVT-04;schwarz;1-2;12 F (1x12);2;HLDFG-RVT-04;25-26;288 F (24x12);HLDFG-MFG-001;-;NetCom BW;114.3 - Heldenfingen (Gerstetten);DETGE-MFG-001
LOC10704;Gerstetten;Heldenfingen;Max-Eyth-Straße;9;-;-;578597.33;5384027.0;1;0;grün;HLDFG-HA1x10ge-RVT03-04-04;HLDFG-RVT-03;gelb;1-2;12 F (1x12);2;HLDFG-RVT-03;25-26;288 F (24x12);HLDFG-MFG-001;-;NetCom BW;114.3 - Heldenfingen (Gerstetten);DETGE-MFG-001
LOC10726;Gerstetten;Heldenfingen;Mittlere Dorfstraße;10;-;-;578674.67;5384099.0;1;0;rot;HLDFG-HA1x10vi-RVT02-03-08;HLDFG-RVT-02;violett;1-2;12 F (1x12);2;HLDFG-RVT-02;25-26;288 F (24x12);HLDFG-MFG-001;-;NetCom BW;114.3 - Heldenfingen (Gerstetten);DETGE-MFG-001
LOC10740;Gerstetten;Heldenfingen;Molkereistraße;24;-;-;578762.74;5384116.0;2;0;orange;HLDFG-HA1x10rt-RVT05-02-01;HLDFG-RVT-05;rot;1-4;12 F (1x12);4;HLDFG-RVT-05;25-28;288 F (24x12);HLDFG-MFG-001;-;NetCom BW;114.3 - Heldenfingen (Gerstetten);DETGE-MFG-001
LOC10819;Gerstetten;Heldenfingen;Rüblinger Straße;27;-;-;578852.8;5384297.0;1;0;grün;HLDFG-HA1x10gn-RVT07-03-02;HLDFG-RVT-07;grün;1-2;12 F (1x12);2;HLDFG-RVT-07;25-26;288 F (24x12);HLDFG-MFG-001;-;NetCom BW;114.3 - Heldenfingen (Gerstetten);DETGE-MFG-001
LOC10632;Gerstetten;Heldenfingen;Jakobusstraße;7;-;-;578820.91;5384508.0;1;0;grün;HLDFG-HA1x10rt-ws-RVT01-01-013;HLDFG-RVT-01;rot / weiß;1-2;12 F (1x12);2;HLDFG-RVT-01;115-116;288 F (24x12);HLDFG-MFG-001;-;NetCom BW;114.3 - Heldenfingen (Gerstetten);DETGE-MFG-001
LOC10538;Gerstetten;Heldenfingen;Dettinger Weg;26;-;-;579162.38;5384048.0;1;0;grün;HLDFG-HA1x10ge-ws-RVT06-02-016;HLDFG-RVT-06;gelb / weiß;1-2;12 F (1x12);2;HLDFG-RVT-06;27-28;288 F (24x12);HLDFG-MFG-001;-;NetCom BW;114.3 - Heldenfingen (Gerstetten);DETGE-MFG-001
LOC10542;Gerstetten;Heldenfingen;Elsternweg;1;-;-;578969.05;5383693.0;1;0;orange;HLDFG-HA1x10ge-RVT04-02-04;HLDFG-RVT-04;gelb;1-2;12 F (1x12);2;HLDFG-RVT-04;27-28;288 F (24x12);HLDFG-MFG-001;-;NetCom BW;114.3 - Heldenfingen (Gerstetten);DETGE-MFG-001
LOC10573;Gerstetten;Heldenfingen;Felsenstraße;23;-;-;579038.63;5384314.0;1;0;grün;HLDFG-HA1x10sw-RVT07-01-010;HLDFG-RVT-07;schwarz;1-2;12 F (1x12);2;HLDFG-RVT-07;27-28;288 F (24x12);HLDFG-MFG-001;-;NetCom BW;114.3 - Heldenfingen (Gerstetten);DETGE-MFG-001
LOC10837;Gerstetten;Heldenfingen;Rüblinger Straße;55;-;-;578954.36;5384539.0;1;0;grün;HLDFG-HA1x10ws-sw-RVT08-01-017;HLDFG-RVT-08;schwarz / weiß;1-2;12 F (1x12);2;HLDFG-RVT-08;27-28;288 F (24x12);HLDFG-MFG-001;-;NetCom BW;114.3 - Heldenfingen (Gerstetten);DETGE-MFG-001
LOC10654;Gerstetten;Heldenfingen;Kastanienweg;11;-;-;578732.25;5384457.0;1;0;grün;HLDFG-HA1x10gr-RVT01-02-06;HLDFG-RVT-01;grau;1-2;12 F (1x12);2;HLDFG-RVT-01;117-118;288 F (24x12);HLDFG-MFG-001;-;NetCom BW;114.3 - Heldenfingen (Gerstetten);DETGE-MFG-001
LOC10535;Gerstetten;Heldenfingen;Dettinger Weg;20;-;-;579119.49;5384055.0;1;0;grün;HLDFG-HA1x10rs-RVT06-02-012;HLDFG-RVT-06;rosa;1-2;12 F (1x12);2;HLDFG-RVT-06;29-30;288 F (24x12);HLDFG-MFG-001;-;NetCom BW;114.3 - Heldenfingen (Gerstetten);DETGE-MFG-001
LOC10593;Gerstetten;Heldenfingen;Friedhofstraße;14;-;-;578835.11;5384036.0;2;0;rot;HLDFG-HA1x10sw-RVT05-03-010;HLDFG-RVT-05;schwarz;1-4;12 F (1x12);4;HLDFG-RVT-05;29-32;288 F (24x12);HLDFG-MFG-001;-;NetCom BW;114.3 - Heldenfingen (Gerstetten);DETGE-MFG-001
LOC10699;Gerstetten;Heldenfingen;Max-Eyth-Straße;2;-;-;578643.18;5384034.0;2;0;grün;HLDFG-HA1x10ge-ws-RVT02-01-016;HLDFG-RVT-02;gelb / weiß;1-4;12 F (1x12);4;HLDFG-RVT-02;29-32;288 F (24x12);HLDFG-MFG-001;-;NetCom BW;114.3 - Heldenfingen (Gerstetten);DETGE-MFG-001
LOC10858;Gerstetten;Heldenfingen;Untere Hirschstraße;14;-;-;578916.28;5384235.0;1;0;orange;HLDFG-HA1x10rt-ws-RVT07-02-013;HLDFG-RVT-07;rot / weiß;1-2;12 F (1x12);2;HLDFG-RVT-07;29-30;288 F (24x12);HLDFG-MFG-001;-;NetCom BW;114.3 - Heldenfingen (Gerstetten);DETGE-MFG-001
LOC10636;Gerstetten;Heldenfingen;Jakobusstraße;11;-;-;578780.73;5384515.0;1;0;grün;HLDFG-HA1x10sw-RVT01-01-010;HLDFG-RVT-01;schwarz;1-2;12 F (1x12);2;HLDFG-RVT-01;121-122;288 F (24x12);HLDFG-MFG-001;-;NetCom BW;114.3 - Heldenfingen (Gerstetten);DETGE-MFG-001
LOC10708;Gerstetten;Heldenfingen;Max-Eyth-Straße;15;-;-;578533.53;5384066.0;1;0;grün;HLDFG-HA1x10ws-sw-RVT03-01-017;HLDFG-RVT-03;schwarz / weiß;1-2;12 F (1x12);2;HLDFG-RVT-03;31-32;288 F (24x12);HLDFG-MFG-001;-;NetCom BW;114.3 - Heldenfingen (Gerstetten);DETGE-MFG-001
LOC10770;Gerstetten;Heldenfingen;Rabenweg;4;-;-;578803.72;5383767.0;1;0;grün;HLDFG-HA1x10gr-RVT04-01-06;HLDFG-RVT-04;grau;1-2;12 F (1x12);2;HLDFG-RVT-04;31-32;288 F (24x12);HLDFG-MFG-001;-;NetCom BW;114.3 - Heldenfingen (Gerstetten);DETGE-MFG-001
LOC10786;Gerstetten;Heldenfingen;Raiffeisenstraße;18;-;-;579148.28;5384236.0;1;0;grün;HLDFG-HA1x10gr-ws-RVT06-01-018;HLDFG-RVT-06;grau / weiß;1-2;12 F (1x12);2;HLDFG-RVT-06;31-32;288 F (24x12);HLDFG-MFG-001;-;NetCom BW;114.3 - Heldenfingen (Gerstetten);DETGE-MFG-001
LOC10793;Gerstetten;Heldenfingen;Ringstraße;24;-;-;579114.4;5384422.0;1;0;blau;HLDFG-HA1x10sw-RVT08-04-010;HLDFG-RVT-08;schwarz;1-2;12 F (1x12);2;HLDFG-RVT-08;31-32;288 F (24x12);HLDFG-MFG-001;-;NetCom BW;114.3 - Heldenfingen (Gerstetten);DETGE-MFG-001
LOC10857;Gerstetten;Heldenfingen;Untere Hirschstraße;12;-;-;578907.78;5384237.0;1;0;orange;HLDFG-HA1x10gn-ws-RVT07-02-014;HLDFG-RVT-07;grün / weiß;1-2;12 F (1x12);2;HLDFG-RVT-07;31-32;288 F (24x12);HLDFG-MFG-001;-;NetCom BW;114.3 - Heldenfingen (Gerstetten);DETGE-MFG-001
LOC10693;Gerstetten;Heldenfingen;Ligusterweg;5;-;-;578781.73;5384420.0;2;0;orange;HLDFG-HA1x10gn-RVT01-03-02;HLDFG-RVT-01;grün;1-4;12 F (1x12);4;HLDFG-RVT-01;13-16;288 F (24x12);HLDFG-MFG-001;-;NetCom BW;114.3 - Heldenfingen (Gerstetten);DETGE-MFG-001
LOC10608;Gerstetten;Heldenfingen;Heuchlinger Straße;9;-;-;578731.75;5383955.0;2;0;grün;HLDFG-HA1x10bl-RVT02-01-03;HLDFG-RVT-02;blau;1-4;12 F (1x12);4;HLDFG-RVT-02;33-36;288 F (24x12);HLDFG-MFG-001;-;NetCom BW;114.3 - Heldenfingen (Gerstetten);DETGE-MFG-001
LOC10664;Gerstetten;Heldenfingen;Kliffstraße;4;-;-;579154.18;5384148.0;1;0;rot;HLDFG-HA1x10rs-RVT06-03-012;HLDFG-RVT-06;rosa;1-2;12 F (1x12);2;HLDFG-RVT-06;33-34;288 F (24x12);HLDFG-MFG-001;-;NetCom BW;114.3 - Heldenfingen (Gerstetten);DETGE-MFG-001
LOC10743;Gerstetten;Heldenfingen;Molkereistraße;28;-;-;578790.73;5384113.0;1;0;orange;HLDFG-HA1x10ge-RVT05-02-04;HLDFG-RVT-05;gelb;1-2;12 F (1x12);2;HLDFG-RVT-05;33-34;288 F (24x12);HLDFG-MFG-001;-;NetCom BW;114.3 - Heldenfingen (Gerstetten);DETGE-MFG-001
LOC10825;Gerstetten;Heldenfingen;Rüblinger Straße;38;/1;-;578944.93;5384335.0;1;0;rot;HLDFG-HA1x10gn-ws-RVT07-04-014;HLDFG-RVT-07;grün / weiß;1-2;12 F (1x12);2;HLDFG-RVT-07;33-34;288 F (24x12);HLDFG-MFG-001;-;NetCom BW;114.3 - Heldenfingen (Gerstetten);DETGE-MFG-001
LOC10637;Gerstetten;Heldenfingen;Jakobusstraße;13;-;-;578753.94;5384524.0;2;0;grün;HLDFG-HA1x10br-RVT01-01-07;HLDFG-RVT-01;braun;1-4;12 F (1x12);4;HLDFG-RVT-01;1-4;288 F (24x12);HLDFG-MFG-001;-;NetCom BW;114.3 - Heldenfingen (Gerstetten);DETGE-MFG-001
LOC10547;Gerstetten;Heldenfingen;Enzianweg;1;-;-;579117.2;5384476.0;1;0;rot;HLDFG-HA1x10tk-RVT08-03-09;HLDFG-RVT-08;türkis;1-2;12 F (1x12);2;HLDFG-RVT-08;35-36;288 F (24x12);HLDFG-MFG-001;-;NetCom BW;114.3 - Heldenfingen (Gerstetten);DETGE-MFG-001
LOC10617;Gerstetten;Heldenfingen;Heuchlinger Straße;21;-;-;578789.33;5383870.0;1;0;orange;HLDFG-HA1x10bl-ws-RVT04-02-015;HLDFG-RVT-04;blau / weiß;1-2;12 F (1x12);2;HLDFG-RVT-04;35-36;288 F (24x12);HLDFG-MFG-001;-;NetCom BW;114.3 - Heldenfingen (Gerstetten);DETGE-MFG-001
LOC10705;Gerstetten;Heldenfingen;Max-Eyth-Straße;10;-;-;578582.41;5384048.0;1;0;grün;HLDFG-HA1x10ws-RVT03-04-05;HLDFG-RVT-03;weiß;1-2;12 F (1x12);2;HLDFG-RVT-03;35-36;288 F (24x12);HLDFG-MFG-001;-;NetCom BW;114.3 - Heldenfingen (Gerstetten);DETGE-MFG-001
LOC10847;Gerstetten;Heldenfingen;Schlehenweg;7;-;-;579216.06;5384244.0;1;0;rot;HLDFG-HA1x10bl-RVT06-03-03;HLDFG-RVT-06;blau;1-2;12 F (1x12);2;HLDFG-RVT-06;35-36;288 F (24x12);HLDFG-MFG-001;-;NetCom BW;114.3 - Heldenfingen (Gerstetten);DETGE-MFG-001
LOC10651;Gerstetten;Heldenfingen;Kastanienweg;8;-;-;578794.32;5384473.0;1;0;grün;HLDFG-HA1x10tk-RVT01-02-09;HLDFG-RVT-01;türkis;1-2;12 F (1x12);2;HLDFG-RVT-01;17-18;288 F (24x12);HLDFG-MFG-001;-;NetCom BW;114.3 - Heldenfingen (Gerstetten);DETGE-MFG-001
LOC10557;Gerstetten;Heldenfingen;Felsenstraße;1;-;-;578877.39;5384269.0;1;0;rot;HLDFG-HA1x10rt-RVT07-04-01;HLDFG-RVT-07;rot;1-2;12 F (1x12);2;HLDFG-RVT-07;37-38;288 F (24x12);HLDFG-MFG-001;-;NetCom BW;114.3 - Heldenfingen (Gerstetten);DETGE-MFG-001
LOC10706;Gerstetten;Heldenfingen;Max-Eyth-Straße;11;-;-;578567.11;5384037.0;1;0;grün;HLDFG-HA1x10gr-RVT03-04-06;HLDFG-RVT-03;grau;1-2;12 F (1x12);2;HLDFG-RVT-03;37-38;288 F (24x12);HLDFG-MFG-001;-;NetCom BW;114.3 - Heldenfingen (Gerstetten);DETGE-MFG-001
LOC10727;Gerstetten;Heldenfingen;Molkereistraße;1;-;-;578556.42;5384091.0;1;0;rot;HLDFG-HA1x10bl-RVT02-03-03;HLDFG-RVT-02;blau;1-2;12 F (1x12);2;HLDFG-RVT-02;37-38;288 F (24x12);HLDFG-MFG-001;-;NetCom BW;114.3 - Heldenfingen (Gerstetten);DETGE-MFG-001
LOC10832;Gerstetten;Heldenfingen;Rüblinger Straße;45;-;-;578938.87;5384416.0;1;0;grün;HLDFG-HA1x10ge-RVT08-01-04;HLDFG-RVT-08;gelb;1-2;12 F (1x12);2;HLDFG-RVT-08;37-38;288 F (24x12);HLDFG-MFG-001;-;NetCom BW;114.3 - Heldenfingen (Gerstetten);DETGE-MFG-001
LOC10848;Gerstetten;Heldenfingen;Schlehenweg;8;-;-;579221.65;5384219.0;1;0;rot;HLDFG-HA1x10ge-RVT06-03-04;HLDFG-RVT-06;gelb;1-2;12 F (1x12);2;HLDFG-RVT-06;37-38;288 F (24x12);HLDFG-MFG-001;-;NetCom BW;114.3 - Heldenfingen (Gerstetten);DETGE-MFG-001
LOC10644;Gerstetten;Heldenfingen;Jakobusstraße;24;-;-;578682.57;5384544.0;1;0;grün;HLDFG-HA1x10rt-RVT01-01-01;HLDFG-RVT-01;rot;1-2;12 F (1x12);2;HLDFG-RVT-01;19-20;288 F (24x12);HLDFG-MFG-001;-;NetCom BW;114.3 - Heldenfingen (Gerstetten);DETGE-MFG-001
LOC10463;Gerstetten;Heldenfingen;Anemonenweg;5;-;-;579011.34;5384559.0;1;0;grün;HLDFG-HA1x10ws-RVT08-05-05;HLDFG-RVT-08;weiß;1-2;12 F (1x12);2;HLDFG-RVT-08;39-40;288 F (24x12);HLDFG-MFG-001;-;NetCom BW;114.3 - Heldenfingen (Gerstetten);DETGE-MFG-001
LOC10544;Gerstetten;Heldenfingen;Elsternweg;4;-;-;578917.18;5383702.0;1;0;orange;HLDFG-HA1x10gr-RVT04-02-06;HLDFG-RVT-04;grau;1-2;12 F (1x12);2;HLDFG-RVT-04;39-40;288 F (24x12);HLDFG-MFG-001;-;NetCom BW;114.3 - Heldenfingen (Gerstetten);DETGE-MFG-001
LOC10589;Gerstetten;Heldenfingen;Friedhofstraße;10;-;-;578800.22;5383990.0;1;0;rot;HLDFG-HA1x10gr-RVT05-03-06;HLDFG-RVT-05;grau;1-2;12 F (1x12);2;HLDFG-RVT-05;39-40;288 F (24x12);HLDFG-MFG-001;-;NetCom BW;114.3 - Heldenfingen (Gerstetten);DETGE-MFG-001
LOC10701;Gerstetten;Heldenfingen;Max-Eyth-Straße;4;-;-;578629.99;5384036.0;1;0;grün;HLDFG-HA1x10gn-RVT03-04-02;HLDFG-RVT-03;grün;1-2;12 F (1x12);2;HLDFG-RVT-03;39-40;288 F (24x12);HLDFG-MFG-001;-;NetCom BW;114.3 - Heldenfingen (Gerstetten);DETGE-MFG-001
LOC10763;Gerstetten;Heldenfingen;Pfarrgasse;2;-;-;578642.08;5383994.0;1;0;grün;HLDFG-HA1x10rt-ws-RVT02-01-013;HLDFG-RVT-02;rot / weiß;1-2;12 F (1x12);2;HLDFG-RVT-02;39-40;288 F (24x12);HLDFG-MFG-001;-;NetCom BW;114.3 - Heldenfingen (Gerstetten);DETGE-MFG-001
LOC10789;Gerstetten;Heldenfingen;Ringstraße;18;-;-;579089.81;5384336.0;1;0;grün;HLDFG-HA1x10gr-RVT07-01-06;HLDFG-RVT-07;grau;1-2;12 F (1x12);2;HLDFG-RVT-07;39-40;288 F (24x12);HLDFG-MFG-001;-;NetCom BW;114.3 - Heldenfingen (Gerstetten);DETGE-MFG-001
LOC10514;Gerstetten;Heldenfingen;Brunnenäcker;19;-;-;578874.29;5384456.0;1;0;grün;HLDFG-HA1x10br-ws-RVT01-02-019;HLDFG-RVT-01;braun / weiß;1-2;12 F (1x12);2;HLDFG-RVT-01;21-22;288 F (24x12);HLDFG-MFG-001;-;NetCom BW;114.3 - Heldenfingen (Gerstetten);DETGE-MFG-001
LOC10484;Gerstetten;Heldenfingen;Baumstraße;19;-;-;578539.93;5383875.0;1;0;orange;HLDFG-HA1x10vi-RVT03-02-08;HLDFG-RVT-03;violett;1-2;12 F (1x12);2;HLDFG-RVT-03;41-42;288 F (24x12);HLDFG-MFG-001;-;NetCom BW;114.3 - Heldenfingen (Gerstetten);DETGE-MFG-001
LOC10556;Gerstetten;Heldenfingen;Enzianweg;12;-;-;579186.67;5384550.0;1;0;rot;HLDFG-HA1x10bl-RVT08-03-03;HLDFG-RVT-08;blau;1-2;12 F (1x12);2;HLDFG-RVT-08;41-42;288 F (24x12);HLDFG-MFG-001;-;NetCom BW;114.3 - Heldenfingen (Gerstetten);DETGE-MFG-001
LOC10671;Gerstetten;Heldenfingen;Konradstraße;6;-;-;578684.97;5383784.0;1;0;blau;HLDFG-HA1x10gr-RVT04-04-06;HLDFG-RVT-04;grau;1-2;12 F (1x12);2;HLDFG-RVT-04;41-42;288 F (24x12);HLDFG-MFG-001;-;NetCom BW;114.3 - Heldenfingen (Gerstetten);DETGE-MFG-001
LOC10723;Gerstetten;Heldenfingen;Mittlere Dorfstraße;6;/1;-;578701.26;5384060.0;1;0;grün;HLDFG-HA1x10br-ws-RVT02-01-019;HLDFG-RVT-02;braun / weiß;1-2;12 F (1x12);2;HLDFG-RVT-02;41-42;288 F (24x12);HLDFG-MFG-001;-;NetCom BW;114.3 - Heldenfingen (Gerstetten);DETGE-MFG-001
LOC10783;Gerstetten;Heldenfingen;Raiffeisenstraße;13;-;-;579098.4;5384230.0;1;0;grün;HLDFG-HA1x10or-RVT06-01-011;HLDFG-RVT-06;orange;1-2;12 F (1x12);2;HLDFG-RVT-06;41-42;288 F (24x12);HLDFG-MFG-001;-;NetCom BW;114.3 - Heldenfingen (Gerstetten);DETGE-MFG-001
LOC10631;Gerstetten;Heldenfingen;Jakobusstraße;6;/1;-;578895.68;5384534.0;1;0;grün;HLDFG-HA1x10br-ws-RVT01-01-019;HLDFG-RVT-01;braun / weiß;1-2;12 F (1x12);2;HLDFG-RVT-01;23-24;288 F (24x12);HLDFG-MFG-001;-;NetCom BW;114.3 - Heldenfingen (Gerstetten);DETGE-MFG-001
LOC10545;Gerstetten;Heldenfingen;Elsternweg;6;-;-;578881.59;5383663.0;1;0;orange;HLDFG-HA1x10bl-RVT04-02-03;HLDFG-RVT-04;blau;1-2;12 F (1x12);2;HLDFG-RVT-04;43-44;288 F (24x12);HLDFG-MFG-001;-;NetCom BW;114.3 - Heldenfingen (Gerstetten);DETGE-MFG-001
LOC10609;Gerstetten;Heldenfingen;Heuchlinger Straße;11;-;-;578751.54;5383932.0;1;0;grün;HLDFG-HA1x10gn-RVT02-01-02;HLDFG-RVT-02;grün;1-2;12 F (1x12);2;HLDFG-RVT-02;43-44;288 F (24x12);HLDFG-MFG-001;-;NetCom BW;114.3 - Heldenfingen (Gerstetten);DETGE-MFG-001
LOC10707;Gerstetten;Heldenfingen;Max-Eyth-Straße;13;-;-;578544.22;5384058.0;1;0;grün;HLDFG-HA1x10gr-ws-RVT03-01-018;HLDFG-RVT-03;grau / weiß;1-2;12 F (1x12);2;HLDFG-RVT-03;43-44;288 F (24x12);HLDFG-MFG-001;-;NetCom BW;114.3 - Heldenfingen (Gerstetten);DETGE-MFG-001
LOC10827;Gerstetten;Heldenfingen;Rüblinger Straße;39;-;-;578914.18;5384353.0;1;0;grün;HLDFG-HA1x10gn-ws-RVT07-03-014;HLDFG-RVT-07;grün / weiß;1-2;12 F (1x12);2;HLDFG-RVT-07;43-44;288 F (24x12);HLDFG-MFG-001;-;NetCom BW;114.3 - Heldenfingen (Gerstetten);DETGE-MFG-001
LOC10839;Gerstetten;Heldenfingen;Rüblinger Straße;57;-;-;578945.86;5384559.0;1;0;grün;HLDFG-HA1x10ge-ws-RVT08-01-016;HLDFG-RVT-08;gelb / weiß;1-2;12 F (1x12);2;HLDFG-RVT-08;43-44;288 F (24x12);HLDFG-MFG-001;-;NetCom BW;114.3 - Heldenfingen (Gerstetten);DETGE-MFG-001
LOC10863;Gerstetten;Heldenfingen;Untere Hirschstraße;25;-;-;579032.43;5384225.0;1;0;grün;HLDFG-HA1x10ws-RVT06-01-05;HLDFG-RVT-06;weiß;1-2;12 F (1x12);2;HLDFG-RVT-06;43-44;288 F (24x12);HLDFG-MFG-001;-;NetCom BW;114.3 - Heldenfingen (Gerstetten);DETGE-MFG-001
LOC10694;Gerstetten;Heldenfingen;Ligusterweg;6;-;-;578782.03;5384397.0;1;0;orange;HLDFG-HA1x10bl-RVT01-03-03;HLDFG-RVT-01;blau;1-2;12 F (1x12);2;HLDFG-RVT-01;25-26;288 F (24x12);HLDFG-MFG-001;-;NetCom BW;114.3 - Heldenfingen (Gerstetten);DETGE-MFG-001
LOC10475;Gerstetten;Heldenfingen;Baumstraße;1;-;-;578715.76;5383867.0;1;0;rot;HLDFG-HA1x10tk-RVT04-03-09;HLDFG-RVT-04;türkis;1-2;12 F (1x12);2;HLDFG-RVT-04;45-46;288 F (24x12);HLDFG-MFG-001;-;NetCom BW;114.3 - Heldenfingen (Gerstetten);DETGE-MFG-001
LOC10517;Gerstetten;Heldenfingen;Burrenweg;2;-;-;578910.78;5384172.0;1;0;grün;HLDFG-HA1x10br-RVT05-01-07;HLDFG-RVT-05;braun;1-2;12 F (1x12);2;HLDFG-RVT-05;45-46;288 F (24x12);HLDFG-MFG-001;-;NetCom BW;114.3 - Heldenfingen (Gerstetten);DETGE-MFG-001
LOC10663;Gerstetten;Heldenfingen;Kliffstraße;3;-;-;579128.89;5384125.0;1;0;rot;HLDFG-HA1x10or-RVT06-03-011;HLDFG-RVT-06;orange;1-2;12 F (1x12);2;HLDFG-RVT-06;45-46;288 F (24x12);HLDFG-MFG-001;-;NetCom BW;114.3 - Heldenfingen (Gerstetten);DETGE-MFG-001
LOC10812;Gerstetten;Heldenfingen;Rüblinger Straße;19;-;-;578781.23;5384277.0;1;0;grün;HLDFG-HA1x10vi-RVT02-02-08;HLDFG-RVT-02;violett;1-2;12 F (1x12);2;HLDFG-RVT-02;45-46;288 F (24x12);HLDFG-MFG-001;-;NetCom BW;114.3 - Heldenfingen (Gerstetten);DETGE-MFG-001
LOC10639;Gerstetten;Heldenfingen;Jakobusstraße;16;-;-;578778.98;5384556.0;1;0;grün;HLDFG-HA1x10vi-RVT01-01-08;HLDFG-RVT-01;violett;1-2;12 F (1x12);2;HLDFG-RVT-01;27-28;288 F (24x12);HLDFG-MFG-001;-;NetCom BW;114.3 - Heldenfingen (Gerstetten);DETGE-MFG-001
LOC10521;Gerstetten;Heldenfingen;Burrenweg;6;-;-;578941.77;5384165.0;1;0;grün;HLDFG-HA1x10ge-RVT05-01-04;HLDFG-RVT-05;gelb;1-2;12 F (1x12);2;HLDFG-RVT-05;47-48;288 F (24x12);HLDFG-MFG-001;-;NetCom BW;114.3 - Heldenfingen (Gerstetten);DETGE-MFG-001
LOC10526;Gerstetten;Heldenfingen;Dettinger Weg;7;-;-;579035.53;5384106.0;1;0;grün;HLDFG-HA1x10ge-RVT06-02-04;HLDFG-RVT-06;gelb;1-2;12 F (1x12);2;HLDFG-RVT-06;47-48;288 F (24x12);HLDFG-MFG-001;-;NetCom BW;114.3 - Heldenfingen (Gerstetten);DETGE-MFG-001
LOC10670;Gerstetten;Heldenfingen;Konradstraße;3;-;-;578728.65;5383839.0;1;0;blau;HLDFG-HA1x10sw-RVT04-04-010;HLDFG-RVT-04;schwarz;1-2;12 F (1x12);2;HLDFG-RVT-04;47-48;288 F (24x12);HLDFG-MFG-001;-;NetCom BW;114.3 - Heldenfingen (Gerstetten);DETGE-MFG-001
LOC10716;Gerstetten;Heldenfingen;Max-Eyth-Straße;30;-;-;578451.96;5384024.0;1;0;grün;HLDFG-HA1x10sw-RVT03-01-010;HLDFG-RVT-03;schwarz;1-2;12 F (1x12);2;HLDFG-RVT-03;47-48;288 F (24x12);HLDFG-MFG-001;-;NetCom BW;114.3 - Heldenfingen (Gerstetten);DETGE-MFG-001
LOC10790;Gerstetten;Heldenfingen;Ringstraße;21;-;-;579058.92;5384482.0;1;0;blau;HLDFG-HA1x10or-RVT08-04-011;HLDFG-RVT-08;orange;1-2;12 F (1x12);2;HLDFG-RVT-08;47-48;288 F (24x12);HLDFG-MFG-001;-;NetCom BW;114.3 - Heldenfingen (Gerstetten);DETGE-MFG-001
LOC10809;Gerstetten;Heldenfingen;Rüblinger Straße;16;-;-;578779.43;5384248.0;1;0;grün;HLDFG-HA1x10tk-RVT02-02-09;HLDFG-RVT-02;türkis;1-2;12 F (1x12);2;HLDFG-RVT-02;47-48;288 F (24x12);HLDFG-MFG-001;-;NetCom BW;114.3 - Heldenfingen (Gerstetten);DETGE-MFG-001
LOC10860;Gerstetten;Heldenfingen;Untere Hirschstraße;16;-;-;578938.07;5384228.0;1;0;orange;HLDFG-HA1x10tk-RVT07-02-09;HLDFG-RVT-07;türkis;1-2;12 F (1x12);2;HLDFG-RVT-07;47-48;288 F (24x12);HLDFG-MFG-001;-;NetCom BW;114.3 - Heldenfingen (Gerstetten);DETGE-MFG-001
LOC10650;Gerstetten;Heldenfingen;Kastanienweg;7;-;-;578778.93;5384449.0;1;0;grün;HLDFG-HA1x10or-RVT01-02-011;HLDFG-RVT-01;orange;1-2;12 F (1x12);2;HLDFG-RVT-01;29-30;288 F (24x12);HLDFG-MFG-001;-;NetCom BW;114.3 - Heldenfingen (Gerstetten);DETGE-MFG-001
LOC10625;Gerstetten;Heldenfingen;Hügelweg;11;-;-;578907.88;5384306.0;1;0;grün;HLDFG-HA1x10tk-RVT07-03-09;HLDFG-RVT-07;türkis;1-2;12 F (1x12);2;HLDFG-RVT-07;49-50;288 F (24x12);HLDFG-MFG-001;-;NetCom BW;114.3 - Heldenfingen (Gerstetten);DETGE-MFG-001
LOC10689;Gerstetten;Heldenfingen;Kurzer Weg;4;-;-;579201.56;5384128.0;1;0;orange;HLDFG-HA1x10tk-RVT06-04-09;HLDFG-RVT-06;türkis;1-2;12 F (1x12);2;HLDFG-RVT-06;49-50;288 F (24x12);HLDFG-MFG-001;-;NetCom BW;114.3 - Heldenfingen (Gerstetten);DETGE-MFG-001
LOC10738;Gerstetten;Heldenfingen;Molkereistraße;21;-;-;578736.65;5384164.0;1;0;orange;HLDFG-HA1x10br-RVT05-02-07;HLDFG-RVT-05;braun;1-2;12 F (1x12);2;HLDFG-RVT-05;49-50;288 F (24x12);HLDFG-MFG-001;-;NetCom BW;114.3 - Heldenfingen (Gerstetten);DETGE-MFG-001
LOC10769;Gerstetten;Heldenfingen;Rabenweg;3;-;-;578808.32;5383783.0;1;0;grün;HLDFG-HA1x10br-RVT04-01-07;HLDFG-RVT-04;braun;1-2;12 F (1x12);2;HLDFG-RVT-04;49-50;288 F (24x12);HLDFG-MFG-001;-;NetCom BW;114.3 - Heldenfingen (Gerstetten);DETGE-MFG-001
LOC10508;Gerstetten;Heldenfingen;Brunnenäcker;8;-;-;578802.92;5384342.0;1;0;orange;HLDFG-HA1x10vi-RVT01-03-08;HLDFG-RVT-01;violett;1-2;12 F (1x12);2;HLDFG-RVT-01;31-32;288 F (24x12);HLDFG-MFG-001;-;NetCom BW;114.3 - Heldenfingen (Gerstetten);DETGE-MFG-001
LOC10519;Gerstetten;Heldenfingen;Burrenweg;4;-;-;578925.07;5384167.0;1;0;grün;HLDFG-HA1x10ws-RVT05-01-05;HLDFG-RVT-05;weiß;1-2;12 F (1x12);2;HLDFG-RVT-05;51-52;288 F (24x12);HLDFG-MFG-001;-;NetCom BW;114.3 - Heldenfingen (Gerstetten);DETGE-MFG-001
LOC10553;Gerstetten;Heldenfingen;Enzianweg;7;-;-;579168.68;5384561.0;1;0;rot;HLDFG-HA1x10ge-RVT08-03-04;HLDFG-RVT-08;gelb;1-2;12 F (1x12);2;HLDFG-RVT-08;51-52;288 F (24x12);HLDFG-MFG-001;-;NetCom BW;114.3 - Heldenfingen (Gerstetten);DETGE-MFG-001
LOC10730;Gerstetten;Heldenfingen;Molkereistraße;6;-;-;578577.97;5384078.0;1;0;schwarz;HLDFG-HA1x10rt-RVT03-06-01;HLDFG-RVT-03;rot;1-2;12 F (1x12);2;HLDFG-RVT-03;51-52;288 F (24x12);HLDFG-MFG-001;-;NetCom BW;114.3 - Heldenfingen (Gerstetten);DETGE-MFG-001
LOC10803;Gerstetten;Heldenfingen;Rüblinger Straße;5;-;-;578683.27;5384202.0;1;0;rot;HLDFG-HA1x10rt-ws-RVT02-03-013;HLDFG-RVT-02;rot / weiß;1-2;12 F (1x12);2;HLDFG-RVT-02;51-52;288 F (24x12);HLDFG-MFG-001;-;NetCom BW;114.3 - Heldenfingen (Gerstetten);DETGE-MFG-001
LOC10691;Gerstetten;Heldenfingen;Ligusterweg;1;-;-;578743.84;5384383.0;1;0;orange;HLDFG-HA1x10ws-RVT01-03-05;HLDFG-RVT-01;weiß;1-2;12 F (1x12);2;HLDFG-RVT-01;33-34;288 F (24x12);HLDFG-MFG-001;-;NetCom BW;114.3 - Heldenfingen (Gerstetten);DETGE-MFG-001
LOC10530;Gerstetten;Heldenfingen;Dettinger Weg;11;-;-;579101.5;5384098.0;1;0;grün;HLDFG-HA1x10vi-RVT06-02-08;HLDFG-RVT-06;violett;1-2;12 F (1x12);2;HLDFG-RVT-06;53-54;288 F (24x12);HLDFG-MFG-001;-;NetCom BW;114.3 - Heldenfingen (Gerstetten);DETGE-MFG-001
LOC10575;Gerstetten;Heldenfingen;Felsenstraße;24;/1;-;579018.09;5384289.0;1;0;grün;HLDFG-HA1x10rs-RVT07-01-012;HLDFG-RVT-07;rosa;1-2;12 F (1x12);2;HLDFG-RVT-07;53-54;288 F (24x12);HLDFG-MFG-001;-;NetCom BW;114.3 - Heldenfingen (Gerstetten);DETGE-MFG-001
LOC10772;Gerstetten;Heldenfingen;Rabenweg;6;-;-;578798.62;5383744.0;1;0;grün;HLDFG-HA1x10ge-RVT04-01-04;HLDFG-RVT-04;gelb;1-2;12 F (1x12);2;HLDFG-RVT-04;53-54;288 F (24x12);HLDFG-MFG-001;-;NetCom BW;114.3 - Heldenfingen (Gerstetten);DETGE-MFG-001
LOC10806;Gerstetten;Heldenfingen;Rüblinger Straße;12;-;-;578747.44;5384241.0;1;0;grün;HLDFG-HA1x10or-RVT02-02-011;HLDFG-RVT-02;orange;1-2;12 F (1x12);2;HLDFG-RVT-02;53-54;288 F (24x12);HLDFG-MFG-001;-;NetCom BW;114.3 - Heldenfingen (Gerstetten);DETGE-MFG-001
LOC10630;Gerstetten;Heldenfingen;Jakobusstraße;6;-;-;578891.79;5384524.0;1;0;grün;HLDFG-HA1x10gr-ws-RVT01-01-018;HLDFG-RVT-01;grau / weiß;1-2;12 F (1x12);2;HLDFG-RVT-01;35-36;288 F (24x12);HLDFG-MFG-001;-;NetCom BW;114.3 - Heldenfingen (Gerstetten);DETGE-MFG-001
LOC10469;Gerstetten;Heldenfingen;Austernweg;2;-;-;579232.25;5384100.0;1;0;orange;HLDFG-HA1x10gr-RVT06-04-06;HLDFG-RVT-06;grau;1-2;12 F (1x12);2;HLDFG-RVT-06;55-56;288 F (24x12);HLDFG-MFG-001;-;NetCom BW;114.3 - Heldenfingen (Gerstetten);DETGE-MFG-001
LOC10480;Gerstetten;Heldenfingen;Baumstraße;9;-;-;578639.59;5383867.0;1;0;rot;HLDFG-HA1x10bl-RVT04-03-03;HLDFG-RVT-04;blau;1-2;12 F (1x12);2;HLDFG-RVT-04;55-56;288 F (24x12);HLDFG-MFG-001;-;NetCom BW;114.3 - Heldenfingen (Gerstetten);DETGE-MFG-001
LOC10485;Gerstetten;Heldenfingen;Baumstraße;19;/1;-;578534.73;5383841.0;1;0;orange;HLDFG-HA1x10ws-RVT03-02-05;HLDFG-RVT-03;weiß;1-2;12 F (1x12);2;HLDFG-RVT-03;55-56;288 F (24x12);HLDFG-MFG-001;-;NetCom BW;114.3 - Heldenfingen (Gerstetten);DETGE-MFG-001
LOC10498;Gerstetten;Heldenfingen;Breite Straße;10;-;-;578656.58;5384274.0;1;0;orange;HLDFG-HA1x10vi-RVT02-04-08;HLDFG-RVT-02;violett;1-2;12 F (1x12);2;HLDFG-RVT-02;55-56;288 F (24x12);HLDFG-MFG-001;-;NetCom BW;114.3 - Heldenfingen (Gerstetten);DETGE-MFG-001
LOC10566;Gerstetten;Heldenfingen;Felsenstraße;14;-;-;578946.96;5384284.0;1;0;rot;HLDFG-HA1x10sw-RVT07-04-010;HLDFG-RVT-07;schwarz;1-2;12 F (1x12);2;HLDFG-RVT-07;55-56;288 F (24x12);HLDFG-MFG-001;-;NetCom BW;114.3 - Heldenfingen (Gerstetten);DETGE-MFG-001
LOC10587;Gerstetten;Heldenfingen;Friedhofstraße;7;-;-;578768.13;5384033.0;1;0;rot;HLDFG-HA1x10ge-RVT05-03-04;HLDFG-RVT-05;gelb;1-2;12 F (1x12);2;HLDFG-RVT-05;55-56;288 F (24x12);HLDFG-MFG-001;-;NetCom BW;114.3 - Heldenfingen (Gerstetten);DETGE-MFG-001
LOC10660;Gerstetten;Heldenfingen;Kastanienweg;17;-;-;578680.27;5384490.0;1;0;grün;HLDFG-HA1x10bl-RVT01-02-03;HLDFG-RVT-01;blau;1-2;12 F (1x12);2;HLDFG-RVT-01;37-38;288 F (24x12);HLDFG-MFG-001;-;NetCom BW;114.3 - Heldenfingen (Gerstetten);DETGE-MFG-001
LOC10567;Gerstetten;Heldenfingen;Felsenstraße;15;-;-;578945.96;5384301.0;1;0;rot;HLDFG-HA1x10or-RVT07-04-011;HLDFG-RVT-07;orange;1-2;12 F (1x12);2;HLDFG-RVT-07;57-58;288 F (24x12);HLDFG-MFG-001;-;NetCom BW;114.3 - Heldenfingen (Gerstetten);DETGE-MFG-001
LOC10577;Gerstetten;Heldenfingen;Flurstraße;1;-;-;578971.95;5384058.0;1;0;grün;HLDFG-HA1x10gr-ws-RVT05-01-018;HLDFG-RVT-05;grau / weiß;1-2;12 F (1x12);2;HLDFG-RVT-05;57-58;288 F (24x12);HLDFG-MFG-001;-;NetCom BW;114.3 - Heldenfingen (Gerstetten);DETGE-MFG-001
LOC10764;Gerstetten;Heldenfingen;Pfarrgasse;3;-;-;578667.07;5383978.0;1;0;grün;HLDFG-HA1x10rs-RVT02-01-012;HLDFG-RVT-02;rosa;1-2;12 F (1x12);2;HLDFG-RVT-02;57-58;288 F (24x12);HLDFG-MFG-001;-;NetCom BW;114.3 - Heldenfingen (Gerstetten);DETGE-MFG-001
LOC10647;Gerstetten;Heldenfingen;Kastanienweg;4;-;-;578845.6;5384462.0;1;0;grün;HLDFG-HA1x10gn-ws-RVT01-02-014;HLDFG-RVT-01;grün / weiß;1-2;12 F (1x12);2;HLDFG-RVT-01;39-40;288 F (24x12);HLDFG-MFG-001;-;NetCom BW;114.3 - Heldenfingen (Gerstetten);DETGE-MFG-001
LOC10455;Gerstetten;Heldenfingen;Altheimer Weg;11;-;-;578755.84;5383705.0;1;0;grün;HLDFG-HA1x10rs-RVT04-01-012;HLDFG-RVT-04;rosa;1-2;12 F (1x12);2;HLDFG-RVT-04;59-60;288 F (24x12);HLDFG-MFG-001;-;NetCom BW;114.3 - Heldenfingen (Gerstetten);DETGE-MFG-001
LOC10536;Gerstetten;Heldenfingen;Dettinger Weg;22;-;-;579136.89;5384052.0;1;0;grün;HLDFG-HA1x10gr-ws-RVT06-02-018;HLDFG-RVT-06;grau / weiß;1-2;12 F (1x12);2;HLDFG-RVT-06;59-60;288 F (24x12);HLDFG-MFG-001;-;NetCom BW;114.3 - Heldenfingen (Gerstetten);DETGE-MFG-001
LOC10622;Gerstetten;Heldenfingen;Hügelweg;5;-;-;578881.29;5384289.0;1;0;grün;HLDFG-HA1x10vi-RVT07-03-08;HLDFG-RVT-07;violett;1-2;12 F (1x12);2;HLDFG-RVT-07;59-60;288 F (24x12);HLDFG-MFG-001;-;NetCom BW;114.3 - Heldenfingen (Gerstetten);DETGE-MFG-001
LOC10679;Gerstetten;Heldenfingen;Kornblumenweg;3;-;-;579083.21;5384546.0;1;0;orange;HLDFG-HA1x10br-RVT08-02-07;HLDFG-RVT-08;braun;1-2;12 F (1x12);2;HLDFG-RVT-08;59-60;288 F (24x12);HLDFG-MFG-001;-;NetCom BW;114.3 - Heldenfingen (Gerstetten);DETGE-MFG-001
LOC10717;Gerstetten;Heldenfingen;Max-Eyth-Straße;32;-;-;578441.47;5384016.0;1;0;grün;HLDFG-HA1x10tk-RVT03-01-09;HLDFG-RVT-03;türkis;1-2;12 F (1x12);2;HLDFG-RVT-03;59-60;288 F (24x12);HLDFG-MFG-001;-;NetCom BW;114.3 - Heldenfingen (Gerstetten);DETGE-MFG-001
LOC10754;Gerstetten;Heldenfingen;Molkereistraße;46;-;-;578906.48;5384127.0;1;0;grün;HLDFG-HA1x10sw-RVT05-01-010;HLDFG-RVT-05;schwarz;1-2;12 F (1x12);2;HLDFG-RVT-05;59-60;288 F (24x12);HLDFG-MFG-001;-;NetCom BW;114.3 - Heldenfingen (Gerstetten);DETGE-MFG-001
LOC10852;Gerstetten;Heldenfingen;Untere Hirschstraße;2;-;-;578844.5;5384268.0;1;0;grün;HLDFG-HA1x10gn-RVT02-02-02;HLDFG-RVT-02;grün;1-2;12 F (1x12);2;HLDFG-RVT-02;59-60;288 F (24x12);HLDFG-MFG-001;-;NetCom BW;114.3 - Heldenfingen (Gerstetten);DETGE-MFG-001
LOC10628;Gerstetten;Heldenfingen;Jakobusstraße;3;-;-;578867.3;5384499.0;1;0;grün;HLDFG-HA1x10ws-sw-RVT01-01-017;HLDFG-RVT-01;schwarz / weiß;1-2;12 F (1x12);2;HLDFG-RVT-01;41-42;288 F (24x12);HLDFG-MFG-001;-;NetCom BW;114.3 - Heldenfingen (Gerstetten);DETGE-MFG-001
LOC10471;Gerstetten;Heldenfingen;Austernweg;8;-;-;579245.84;5384168.0;1;0;orange;HLDFG-HA1x10gn-RVT06-04-02;HLDFG-RVT-06;grün;1-2;12 F (1x12);2;HLDFG-RVT-06;61-62;288 F (24x12);HLDFG-MFG-001;-;NetCom BW;114.3 - Heldenfingen (Gerstetten);DETGE-MFG-001
LOC10678;Gerstetten;Heldenfingen;Kornblumenweg;2;-;-;579092.51;5384495.0;1;0;orange;HLDFG-HA1x10sw-RVT08-02-010;HLDFG-RVT-08;schwarz;1-2;12 F (1x12);2;HLDFG-RVT-08;61-62;288 F (24x12);HLDFG-MFG-001;-;NetCom BW;114.3 - Heldenfingen (Gerstetten);DETGE-MFG-001
LOC10760;Gerstetten;Heldenfingen;Obere Hirschstraße;5;-;-;579003.64;5384252.0;1;0;orange;HLDFG-HA1x10bl-RVT07-02-03;HLDFG-RVT-07;blau;1-2;12 F (1x12);2;HLDFG-RVT-07;61-62;288 F (24x12);HLDFG-MFG-001;-;NetCom BW;114.3 - Heldenfingen (Gerstetten);DETGE-MFG-001
LOC10515;Gerstetten;Heldenfingen;Brunnenäcker;20;-;-;578904.38;5384439.0;1;0;grün;HLDFG-HA1x10gr-ws-RVT01-02-018;HLDFG-RVT-01;grau / weiß;1-2;12 F (1x12);2;HLDFG-RVT-01;43-44;288 F (24x12);HLDFG-MFG-001;-;NetCom BW;114.3 - Heldenfingen (Gerstetten);DETGE-MFG-001
LOC10477;Gerstetten;Heldenfingen;Baumstraße;4;-;-;578693.76;5383905.0;1;0;rot;HLDFG-HA1x10ws-RVT04-03-05;HLDFG-RVT-04;weiß;1-2;12 F (1x12);2;HLDFG-RVT-04;63-64;288 F (24x12);HLDFG-MFG-001;-;NetCom BW;114.3 - Heldenfingen (Gerstetten);DETGE-MFG-001
LOC10522;Gerstetten;Heldenfingen;Dettinger Weg;2;-;-;578949.96;5384100.0;1;0;grün;HLDFG-HA1x10vi-ws-RVT05-01-020;HLDFG-RVT-05;violett / weiß;1-2;12 F (1x12);2;HLDFG-RVT-05;63-64;288 F (24x12);HLDFG-MFG-001;-;NetCom BW;114.3 - Heldenfingen (Gerstetten);DETGE-MFG-001
LOC10598;Gerstetten;Heldenfingen;Halde;1;-;-;579232.55;5384434.0;1;0;grün;HLDFG-HA1x10gn-RVT07-01-02;HLDFG-RVT-07;grün;1-2;12 F (1x12);2;HLDFG-RVT-07;63-64;288 F (24x12);HLDFG-MFG-001;-;NetCom BW;114.3 - Heldenfingen (Gerstetten);DETGE-MFG-001
LOC10711;Gerstetten;Heldenfingen;Max-Eyth-Straße;22;-;-;578514.44;5384080.0;1;0;grün;HLDFG-HA1x10bl-ws-RVT03-01-015;HLDFG-RVT-03;blau / weiß;1-2;12 F (1x12);2;HLDFG-RVT-03;63-64;288 F (24x12);HLDFG-MFG-001;-;NetCom BW;114.3 - Heldenfingen (Gerstetten);DETGE-MFG-001
LOC10807;Gerstetten;Heldenfingen;Rüblinger Straße;13;-;-;578733.95;5384255.0;1;0;grün;HLDFG-HA1x10gn-ws-RVT02-02-014;HLDFG-RVT-02;grün / weiß;1-2;12 F (1x12);2;HLDFG-RVT-02;63-64;288 F (24x12);HLDFG-MFG-001;-;NetCom BW;114.3 - Heldenfingen (Gerstetten);DETGE-MFG-001
LOC10836;Gerstetten;Heldenfingen;Rüblinger Straße;53;-;-;578956.66;5384515.0;1;0;grün;HLDFG-HA1x10gr-ws-RVT08-01-018;HLDFG-RVT-08;grau / weiß;1-2;12 F (1x12);2;HLDFG-RVT-08;63-64;288 F (24x12);HLDFG-MFG-001;-;NetCom BW;114.3 - Heldenfingen (Gerstetten);DETGE-MFG-001
LOC10845;Gerstetten;Heldenfingen;Schlehenweg;4;-;-;579144.88;5384206.0;1;0;rot;HLDFG-HA1x10gr-RVT06-03-06;HLDFG-RVT-06;grau;1-2;12 F (1x12);2;HLDFG-RVT-06;63-64;288 F (24x12);HLDFG-MFG-001;-;NetCom BW;114.3 - Heldenfingen (Gerstetten);DETGE-MFG-001
LOC10656;Gerstetten;Heldenfingen;Kastanienweg;13;-;-;578703.76;5384466.0;1;0;grün;HLDFG-HA1x10ws-RVT01-02-05;HLDFG-RVT-01;weiß;1-2;12 F (1x12);2;HLDFG-RVT-01;45-46;288 F (24x12);HLDFG-MFG-001;-;NetCom BW;114.3 - Heldenfingen (Gerstetten);DETGE-MFG-001
LOC10456;Gerstetten;Heldenfingen;Altheimer Weg;15;-;-;578756.42;5383642.0;1;0;grün;HLDFG-HA1x10sw-RVT04-01-010;HLDFG-RVT-04;schwarz;1-2;12 F (1x12);2;HLDFG-RVT-04;65-66;288 F (24x12);HLDFG-MFG-001;-;NetCom BW;114.3 - Heldenfingen (Gerstetten);DETGE-MFG-001
LOC10473;Gerstetten;Heldenfingen;Austernweg;14;-;-;579263.04;5384237.0;1;0;rot;HLDFG-HA1x10gn-RVT06-03-02;HLDFG-RVT-06;grün;1-2;12 F (1x12);2;HLDFG-RVT-06;65-66;288 F (24x12);HLDFG-MFG-001;-;NetCom BW;114.3 - Heldenfingen (Gerstetten);DETGE-MFG-001
LOC10483;Gerstetten;Heldenfingen;Baumstraße;17;-;-;578559.19;5383884.0;1;0;orange;HLDFG-HA1x10br-RVT03-02-07;HLDFG-RVT-03;braun;1-2;12 F (1x12);2;HLDFG-RVT-03;65-66;288 F (24x12);HLDFG-MFG-001;-;NetCom BW;114.3 - Heldenfingen (Gerstetten);DETGE-MFG-001
LOC10549;Gerstetten;Heldenfingen;Enzianweg;3;-;-;579146.08;5384505.0;1;0;rot;HLDFG-HA1x10vi-RVT08-03-08;HLDFG-RVT-08;violett;1-2;12 F (1x12);2;HLDFG-RVT-08;65-66;288 F (24x12);HLDFG-MFG-001;-;NetCom BW;114.3 - Heldenfingen (Gerstetten);DETGE-MFG-001
LOC10606;Gerstetten;Heldenfingen;Heuchlinger Straße;7;-;-;578725.65;5383975.0;1;0;grün;HLDFG-HA1x10gr-RVT02-01-06;HLDFG-RVT-02;grau;1-2;12 F (1x12);2;HLDFG-RVT-02;65-66;288 F (24x12);HLDFG-MFG-001;-;NetCom BW;114.3 - Heldenfingen (Gerstetten);DETGE-MFG-001
LOC10851;Gerstetten;Heldenfingen;Sonnenhalde;4;-;-;578903.08;5384205.0;1;0;orange;HLDFG-HA1x10or-RVT07-02-011;HLDFG-RVT-07;orange;1-2;12 F (1x12);2;HLDFG-RVT-07;65-66;288 F (24x12);HLDFG-MFG-001;-;NetCom BW;114.3 - Heldenfingen (Gerstetten);DETGE-MFG-001
LOC10494;Gerstetten;Heldenfingen;Breite Straße;4;-;-;578685.27;5384246.0;1;0;orange;HLDFG-HA1x10rs-RVT02-04-012;HLDFG-RVT-02;rosa;1-2;12 F (1x12);2;HLDFG-RVT-02;67-68;288 F (24x12);HLDFG-MFG-001;-;NetCom BW;114.3 - Heldenfingen (Gerstetten);DETGE-MFG-001
LOC10722;Gerstetten;Heldenfingen;Max-Eyth-Straße;39;-;-;578463.96;5383948.0;1;0;orange;HLDFG-HA1x10gr-ws-RVT03-02-018;HLDFG-RVT-03;grau / weiß;1-2;12 F (1x12);2;HLDFG-RVT-03;67-68;288 F (24x12);HLDFG-MFG-001;-;NetCom BW;114.3 - Heldenfingen (Gerstetten);DETGE-MFG-001
LOC10776;Gerstetten;Heldenfingen;Raiffeisenstraße;1;-;-;578962.66;5384146.0;1;0;grün;HLDFG-HA1x10br-RVT05-04-07;HLDFG-RVT-05;braun;1-2;12 F (1x12);2;HLDFG-RVT-05;67-68;288 F (24x12);HLDFG-MFG-001;-;NetCom BW;114.3 - Heldenfingen (Gerstetten);DETGE-MFG-001
LOC10796;Gerstetten;Heldenfingen;Ringstraße;27;-;-;579008.48;5384489.0;1;0;grün;HLDFG-HA1x10sw-RVT08-01-010;HLDFG-RVT-08;schwarz;1-2;12 F (1x12);2;HLDFG-RVT-08;67-68;288 F (24x12);HLDFG-MFG-001;-;NetCom BW;114.3 - Heldenfingen (Gerstetten);DETGE-MFG-001
LOC10846;Gerstetten;Heldenfingen;Schlehenweg;6;-;-;579181.17;5384210.0;1;0;rot;HLDFG-HA1x10ws-RVT06-03-05;HLDFG-RVT-06;weiß;1-2;12 F (1x12);2;HLDFG-RVT-06;67-68;288 F (24x12);HLDFG-MFG-001;-;NetCom BW;114.3 - Heldenfingen (Gerstetten);DETGE-MFG-001
LOC10854;Gerstetten;Heldenfingen;Untere Hirschstraße;8;-;-;578892.88;5384244.0;1;0;orange;HLDFG-HA1x10rs-RVT07-02-012;HLDFG-RVT-07;rosa;1-2;12 F (1x12);2;HLDFG-RVT-07;67-68;288 F (24x12);HLDFG-MFG-001;-;NetCom BW;114.3 - Heldenfingen (Gerstetten);DETGE-MFG-001
LOC10543;Gerstetten;Heldenfingen;Elsternweg;2;-;-;578934.87;5383706.0;1;0;orange;HLDFG-HA1x10br-RVT04-02-07;HLDFG-RVT-04;braun;1-2;12 F (1x12);2;HLDFG-RVT-04;69-70;288 F (24x12);HLDFG-MFG-001;-;NetCom BW;114.3 - Heldenfingen (Gerstetten);DETGE-MFG-001
LOC10559;Gerstetten;Heldenfingen;Felsenstraße;5;-;-;578892.59;5384277.0;1;0;rot;HLDFG-HA1x10gn-RVT07-04-02;HLDFG-RVT-07;grün;1-2;12 F (1x12);2;HLDFG-RVT-07;69-70;288 F (24x12);HLDFG-MFG-001;-;NetCom BW;114.3 - Heldenfingen (Gerstetten);DETGE-MFG-001
LOC10580;Gerstetten;Heldenfingen;Flurstraße;4;-;-;578940.17;5384052.0;1;0;grün;HLDFG-HA1x10ws-sw-RVT05-01-017;HLDFG-RVT-05;schwarz / weiß;1-2;12 F (1x12);2;HLDFG-RVT-05;69-70;288 F (24x12);HLDFG-MFG-001;-;NetCom BW;114.3 - Heldenfingen (Gerstetten);DETGE-MFG-001
LOC10840;Gerstetten;Heldenfingen;Rüblinger Straße;58;-;-;578974.75;5384555.0;1;0;grün;HLDFG-HA1x10bl-ws-RVT08-01-015;HLDFG-RVT-08;blau / weiß;1-2;12 F (1x12);2;HLDFG-RVT-08;69-70;288 F (24x12);HLDFG-MFG-001;-;NetCom BW;114.3 - Heldenfingen (Gerstetten);DETGE-MFG-001
LOC10626;Gerstetten;Heldenfingen;Jakobusstraße;1;-;-;578892.09;5384497.0;1;0;orange;HLDFG-HA1x10gn-RVT01-04-02;HLDFG-RVT-01;grün;1-2;12 F (1x12);2;HLDFG-RVT-01;47-48;288 F (24x12);HLDFG-MFG-001;-;NetCom BW;114.3 - Heldenfingen (Gerstetten);DETGE-MFG-001
LOC10486;Gerstetten;Heldenfingen;Baumstraße;19;/2;-;578527.03;5383814.0;1;0;orange;HLDFG-HA1x10gr-RVT03-02-06;HLDFG-RVT-03;grau;1-2;12 F (1x12);2;HLDFG-RVT-03;71-72;288 F (24x12);HLDFG-MFG-001;-;NetCom BW;114.3 - Heldenfingen (Gerstetten);DETGE-MFG-001
LOC10591;Gerstetten;Heldenfingen;Friedhofstraße;12;-;-;578814.92;5384030.0;1;0;rot;HLDFG-HA1x10vi-RVT05-03-08;HLDFG-RVT-05;violett;1-2;12 F (1x12);2;HLDFG-RVT-05;71-72;288 F (24x12);HLDFG-MFG-001;-;NetCom BW;114.3 - Heldenfingen (Gerstetten);DETGE-MFG-001
LOC10729;Gerstetten;Heldenfingen;Molkereistraße;5;-;-;578551.32;5384105.0;1;0;rot;HLDFG-HA1x10gn-RVT02-03-02;HLDFG-RVT-02;grün;1-2;12 F (1x12);2;HLDFG-RVT-02;71-72;288 F (24x12);HLDFG-MFG-001;-;NetCom BW;114.3 - Heldenfingen (Gerstetten);DETGE-MFG-001
LOC10781;Gerstetten;Heldenfingen;Raiffeisenstraße;9;-;-;579081.91;5384226.0;1;0;grün;HLDFG-HA1x10tk-RVT06-01-09;HLDFG-RVT-06;türkis;1-2;12 F (1x12);2;HLDFG-RVT-06;71-72;288 F (24x12);HLDFG-MFG-001;-;NetCom BW;114.3 - Heldenfingen (Gerstetten);DETGE-MFG-001
LOC10842;Gerstetten;Heldenfingen;Rüblinger Straße;60;-;-;578974.85;5384586.0;1;0;grün;HLDFG-HA1x10rt-ws-RVT08-01-013;HLDFG-RVT-08;rot / weiß;1-2;12 F (1x12);2;HLDFG-RVT-08;71-72;288 F (24x12);HLDFG-MFG-001;-;NetCom BW;114.3 - Heldenfingen (Gerstetten);DETGE-MFG-001
LOC10695;Gerstetten;Heldenfingen;Ligusterweg;8;-;-;578809.42;5384408.0;1;0;orange;HLDFG-HA1x10rt-RVT01-03-01;HLDFG-RVT-01;rot;1-2;12 F (1x12);2;HLDFG-RVT-01;49-50;288 F (24x12);HLDFG-MFG-001;-;NetCom BW;114.3 - Heldenfingen (Gerstetten);DETGE-MFG-001
LOC10450;Gerstetten;Heldenfingen;Altheimer Weg;3;-;-;578783.23;5383814.0;1;0;grün;HLDFG-HA1x10br-ws-RVT04-01-019;HLDFG-RVT-04;braun / weiß;1-2;12 F (1x12);2;HLDFG-RVT-04;73-74;288 F (24x12);HLDFG-MFG-001;-;NetCom BW;114.3 - Heldenfingen (Gerstetten);DETGE-MFG-001
LOC10666;Gerstetten;Heldenfingen;Kliffstraße;6;-;-;579172.47;5384181.0;1;0;rot;HLDFG-HA1x10tk-RVT06-03-09;HLDFG-RVT-06;türkis;1-2;12 F (1x12);2;HLDFG-RVT-06;73-74;288 F (24x12);HLDFG-MFG-001;-;NetCom BW;114.3 - Heldenfingen (Gerstetten);DETGE-MFG-001
LOC10676;Gerstetten;Heldenfingen;Korallenweg;1;-;-;579091.01;5384296.0;1;0;grün;HLDFG-HA1x10bl-RVT07-01-03;HLDFG-RVT-07;blau;1-2;12 F (1x12);2;HLDFG-RVT-07;73-74;288 F (24x12);HLDFG-MFG-001;-;NetCom BW;114.3 - Heldenfingen (Gerstetten);DETGE-MFG-001
LOC10742;Gerstetten;Heldenfingen;Molkereistraße;26;-;-;578773.43;5384096.0;1;0;orange;HLDFG-HA1x10bl-RVT05-02-03;HLDFG-RVT-05;blau;1-2;12 F (1x12);2;HLDFG-RVT-05;73-74;288 F (24x12);HLDFG-MFG-001;-;NetCom BW;114.3 - Heldenfingen (Gerstetten);DETGE-MFG-001
LOC10834;Gerstetten;Heldenfingen;Rüblinger Straße;48;-;-;578970.85;5384436.0;1;0;grün;HLDFG-HA1x10br-RVT08-01-07;HLDFG-RVT-08;braun;1-2;12 F (1x12);2;HLDFG-RVT-08;73-74;288 F (24x12);HLDFG-MFG-001;-;NetCom BW;114.3 - Heldenfingen (Gerstetten);DETGE-MFG-001
LOC10510;Gerstetten;Heldenfingen;Brunnenäcker;10;-;-;578823.01;5384358.0;1;0;orange;HLDFG-HA1x10tk-RVT01-03-09;HLDFG-RVT-01;türkis;1-2;12 F (1x12);2;HLDFG-RVT-01;51-52;288 F (24x12);HLDFG-MFG-001;-;NetCom BW;114.3 - Heldenfingen (Gerstetten);DETGE-MFG-001
LOC10532;Gerstetten;Heldenfingen;Dettinger Weg;14;-;-;579084.51;5384060.0;1;0;grün;HLDFG-HA1x10tk-RVT06-02-09;HLDFG-RVT-06;türkis;1-2;12 F (1x12);2;HLDFG-RVT-06;75-76;288 F (24x12);HLDFG-MFG-001;-;NetCom BW;114.3 - Heldenfingen (Gerstetten);DETGE-MFG-001
LOC10615;Gerstetten;Heldenfingen;Heuchlinger Straße;18;-;-;578764.94;5383858.0;1;0;orange;HLDFG-HA1x10ge-ws-RVT04-02-016;HLDFG-RVT-04;gelb / weiß;1-2;12 F (1x12);2;HLDFG-RVT-04;75-76;288 F (24x12);HLDFG-MFG-001;-;NetCom BW;114.3 - Heldenfingen (Gerstetten);DETGE-MFG-001
LOC10713;Gerstetten;Heldenfingen;Max-Eyth-Straße;26;-;-;578479.95;5384072.0;1;0;grün;HLDFG-HA1x10rt-ws-RVT03-01-013;HLDFG-RVT-03;rot / weiß;1-2;12 F (1x12);2;HLDFG-RVT-03;75-76;288 F (24x12);HLDFG-MFG-001;-;NetCom BW;114.3 - Heldenfingen (Gerstetten);DETGE-MFG-001
LOC10813;Gerstetten;Heldenfingen;Rüblinger Straße;20;-;-;578805.82;5384261.0;1;0;grün;HLDFG-HA1x10gr-RVT02-02-06;HLDFG-RVT-02;grau;1-2;12 F (1x12);2;HLDFG-RVT-02;75-76;288 F (24x12);HLDFG-MFG-001;-;NetCom BW;114.3 - Heldenfingen (Gerstetten);DETGE-MFG-001
LOC10633;Gerstetten;Heldenfingen;Jakobusstraße;8;-;-;578866.6;5384523.0;1;0;grün;HLDFG-HA1x10ge-ws-RVT01-01-016;HLDFG-RVT-01;gelb / weiß;1-2;12 F (1x12);2;HLDFG-RVT-01;53-54;288 F (24x12);HLDFG-MFG-001;-;NetCom BW;114.3 - Heldenfingen (Gerstetten);DETGE-MFG-001
LOC10462;Gerstetten;Heldenfingen;Anemonenweg;4;-;-;579038.83;5384542.0;1;0;grün;HLDFG-HA1x10gr-RVT08-05-06;HLDFG-RVT-08;grau;1-2;12 F (1x12);2;HLDFG-RVT-08;77-78;288 F (24x12);HLDFG-MFG-001;-;NetCom BW;114.3 - Heldenfingen (Gerstetten);DETGE-MFG-001
LOC10594;Gerstetten;Heldenfingen;Friedhofstraße;16;-;-;578866.0;5384052.0;2;0;rot;HLDFG-HA1x10rt-ws-RVT05-03-013;HLDFG-RVT-05;rot / weiß;1-4;12 F (1x12);4;HLDFG-RVT-05;77-80;288 F (24x12);HLDFG-MFG-001;-;NetCom BW;114.3 - Heldenfingen (Gerstetten);DETGE-MFG-001
LOC10610;Gerstetten;Heldenfingen;Heuchlinger Straße;12;-;-;578738.35;5383907.0;1;0;grün;HLDFG-HA1x10rt-RVT02-01-01;HLDFG-RVT-02;rot;1-2;12 F (1x12);2;HLDFG-RVT-02;77-78;288 F (24x12);HLDFG-MFG-001;-;NetCom BW;114.3 - Heldenfingen (Gerstetten);DETGE-MFG-001
LOC10643;Gerstetten;Heldenfingen;Jakobusstraße;22;-;-;578690.67;5384569.0;1;0;grün;HLDFG-HA1x10gn-RVT01-01-02;HLDFG-RVT-01;grün;1-2;12 F (1x12);2;HLDFG-RVT-01;55-56;288 F (24x12);HLDFG-MFG-001;-;NetCom BW;114.3 - Heldenfingen (Gerstetten);DETGE-MFG-001
LOC10479;Gerstetten;Heldenfingen;Baumstraße;8;-;-;578650.28;5383916.0;1;0;rot;HLDFG-HA1x10ge-RVT04-03-04;HLDFG-RVT-04;gelb;1-2;12 F (1x12);2;HLDFG-RVT-04;79-80;288 F (24x12);HLDFG-MFG-001;-;NetCom BW;114.3 - Heldenfingen (Gerstetten);DETGE-MFG-001
LOC10533;Gerstetten;Heldenfingen;Dettinger Weg;16;-;-;579093.1;5384059.0;1;0;grün;HLDFG-HA1x10sw-RVT06-02-010;HLDFG-RVT-06;schwarz;1-2;12 F (1x12);2;HLDFG-RVT-06;79-80;288 F (24x12);HLDFG-MFG-001;-;NetCom BW;114.3 - Heldenfingen (Gerstetten);DETGE-MFG-001
LOC10780;Gerstetten;Heldenfingen;Raiffeisenstraße;7;-;-;579013.14;5384191.0;1;0;grün;HLDFG-HA1x10bl-RVT05-04-03;HLDFG-RVT-05;blau;1-2;12 F (1x12);2;HLDFG-RVT-05;79-80;288 F (24x12);HLDFG-MFG-001;-;NetCom BW;114.3 - Heldenfingen (Gerstetten);DETGE-MFG-001
LOC10792;Gerstetten;Heldenfingen;Ringstraße;23;-;-;579048.22;5384486.0;1;0;orange;HLDFG-HA1x10or-RVT08-02-011;HLDFG-RVT-08;orange;1-2;12 F (1x12);2;HLDFG-RVT-08;79-80;288 F (24x12);HLDFG-MFG-001;-;NetCom BW;114.3 - Heldenfingen (Gerstetten);DETGE-MFG-001
LOC10648;Gerstetten;Heldenfingen;Kastanienweg;5;-;-;578803.52;5384443.0;1;0;grün;HLDFG-HA1x10rs-RVT01-02-012;HLDFG-RVT-01;rosa;1-2;12 F (1x12);2;HLDFG-RVT-01;57-58;288 F (24x12);HLDFG-MFG-001;-;NetCom BW;114.3 - Heldenfingen (Gerstetten);DETGE-MFG-001
LOC10607;Gerstetten;Heldenfingen;Heuchlinger Straße;8;-;-;578712.16;5383972.0;1;0;grün;HLDFG-HA1x10ws-RVT02-01-05;HLDFG-RVT-02;weiß;1-2;12 F (1x12);2;HLDFG-RVT-02;81-82;288 F (24x12);HLDFG-MFG-001;-;NetCom BW;114.3 - Heldenfingen (Gerstetten);DETGE-MFG-001
LOC10673;Gerstetten;Heldenfingen;Konradstraße;13;-;-;578694.56;5383754.0;1;0;blau;HLDFG-HA1x10ws-RVT04-04-05;HLDFG-RVT-04;weiß;1-2;12 F (1x12);2;HLDFG-RVT-04;81-82;288 F (24x12);HLDFG-MFG-001;-;NetCom BW;114.3 - Heldenfingen (Gerstetten);DETGE-MFG-001
LOC10720;Gerstetten;Heldenfingen;Max-Eyth-Straße;36;-;-;578418.17;5383977.0;1;0;grün;HLDFG-HA1x10gr-RVT03-01-06;HLDFG-RVT-03;grau;1-2;12 F (1x12);2;HLDFG-RVT-03;81-82;288 F (24x12);HLDFG-MFG-001;-;NetCom BW;114.3 - Heldenfingen (Gerstetten);DETGE-MFG-001
LOC10779;Gerstetten;Heldenfingen;Raiffeisenstraße;6;-;-;579045.22;5384169.0;1;0;grün;HLDFG-HA1x10gn-RVT05-04-02;HLDFG-RVT-05;grün;1-2;12 F (1x12);2;HLDFG-RVT-05;81-82;288 F (24x12);HLDFG-MFG-001;-;NetCom BW;114.3 - Heldenfingen (Gerstetten);DETGE-MFG-001
LOC10856;Gerstetten;Heldenfingen;Untere Hirschstraße;11;-;-;578925.07;5384252.0;1;0;orange;HLDFG-HA1x10ws-sw-RVT07-02-017;HLDFG-RVT-07;schwarz / weiß;1-2;12 F (1x12);2;HLDFG-RVT-07;81-82;288 F (24x12);HLDFG-MFG-001;-;NetCom BW;114.3 - Heldenfingen (Gerstetten);DETGE-MFG-001
LOC10627;Gerstetten;Heldenfingen;Jakobusstraße;2;-;-;578925.17;5384499.0;2;0;orange;HLDFG-HA1x10rt-RVT01-04-01;HLDFG-RVT-01;rot;1-4;12 F (1x12);4;HLDFG-RVT-01;5-8;288 F (24x12);HLDFG-MFG-001;-;NetCom BW;114.3 - Heldenfingen (Gerstetten);DETGE-MFG-001
LOC10495;Gerstetten;Heldenfingen;Breite Straße;6;-;-;578681.07;5384273.0;1;0;orange;HLDFG-HA1x10tk-RVT02-04-09;HLDFG-RVT-02;türkis;1-2;12 F (1x12);2;HLDFG-RVT-02;83-84;288 F (24x12);HLDFG-MFG-001;-;NetCom BW;114.3 - Heldenfingen (Gerstetten);DETGE-MFG-001
LOC10661;Gerstetten;Heldenfingen;Kliffstraße;1;-;-;579136.19;5384089.0;1;0;orange;HLDFG-HA1x10rs-RVT06-04-012;HLDFG-RVT-06;rosa;1-2;12 F (1x12);2;HLDFG-RVT-06;83-84;288 F (24x12);HLDFG-MFG-001;-;NetCom BW;114.3 - Heldenfingen (Gerstetten);DETGE-MFG-001
LOC10855;Gerstetten;Heldenfingen;Untere Hirschstraße;9;-;-;578913.28;5384251.0;1;0;orange;HLDFG-HA1x10ge-ws-RVT07-02-016;HLDFG-RVT-07;gelb / weiß;1-2;12 F (1x12);2;HLDFG-RVT-07;83-84;288 F (24x12);HLDFG-MFG-001;-;NetCom BW;114.3 - Heldenfingen (Gerstetten);DETGE-MFG-001
LOC10500;Gerstetten;Heldenfingen;Breite Straße;14;-;-;578628.69;5384299.0;1;0;orange;HLDFG-HA1x10ws-RVT02-04-05;HLDFG-RVT-02;weiß;1-2;12 F (1x12);2;HLDFG-RVT-02;85-86;288 F (24x12);HLDFG-MFG-001;-;NetCom BW;114.3 - Heldenfingen (Gerstetten);DETGE-MFG-001
LOC10621;Gerstetten;Heldenfingen;Hügelweg;3;-;-;578872.09;5384286.0;1;0;grün;HLDFG-HA1x10bl-RVT07-03-03;HLDFG-RVT-07;blau;1-2;12 F (1x12);2;HLDFG-RVT-07;85-86;288 F (24x12);HLDFG-MFG-001;-;NetCom BW;114.3 - Heldenfingen (Gerstetten);DETGE-MFG-001
LOC10714;Gerstetten;Heldenfingen;Max-Eyth-Straße;28;-;-;578472.55;5384055.0;1;0;grün;HLDFG-HA1x10rs-RVT03-01-012;HLDFG-RVT-03;rosa;1-2;12 F (1x12);2;HLDFG-RVT-03;85-86;288 F (24x12);HLDFG-MFG-001;-;NetCom BW;114.3 - Heldenfingen (Gerstetten);DETGE-MFG-001
LOC10750;Gerstetten;Heldenfingen;Molkereistraße;37;-;-;578833.21;5384171.0;1;0;orange;HLDFG-HA1x10ge-ws-RVT05-02-016;HLDFG-RVT-05;gelb / weiß;1-2;12 F (1x12);2;HLDFG-RVT-05;85-86;288 F (24x12);HLDFG-MFG-001;-;NetCom BW;114.3 - Heldenfingen (Gerstetten);DETGE-MFG-001
LOC10768;Gerstetten;Heldenfingen;Rabenweg;2;-;-;578771.73;5383780.0;1;0;grün;HLDFG-HA1x10vi-RVT04-01-08;HLDFG-RVT-04;violett;1-2;12 F (1x12);2;HLDFG-RVT-04;85-86;288 F (24x12);HLDFG-MFG-001;-;NetCom BW;114.3 - Heldenfingen (Gerstetten);DETGE-MFG-001
LOC10843;Gerstetten;Heldenfingen;Rüblinger Straße;63;-;-;578931.97;5384594.0;1;0;grün;HLDFG-HA1x10rs-RVT08-01-012;HLDFG-RVT-08;rosa;1-2;12 F (1x12);2;HLDFG-RVT-08;85-86;288 F (24x12);HLDFG-MFG-001;-;NetCom BW;114.3 - Heldenfingen (Gerstetten);DETGE-MFG-001
LOC10562;Gerstetten;Heldenfingen;Felsenstraße;8;-;-;578920.27;5384277.0;1;0;rot;HLDFG-HA1x10gr-RVT07-04-06;HLDFG-RVT-07;grau;1-2;12 F (1x12);2;HLDFG-RVT-07;87-88;288 F (24x12);HLDFG-MFG-001;-;NetCom BW;114.3 - Heldenfingen (Gerstetten);DETGE-MFG-001
LOC10605;Gerstetten;Heldenfingen;Heuchlinger Straße;6;-;-;578711.26;5383979.0;1;0;grün;HLDFG-HA1x10vi-RVT02-01-08;HLDFG-RVT-02;violett;1-2;12 F (1x12);2;HLDFG-RVT-02;87-88;288 F (24x12);HLDFG-MFG-001;-;NetCom BW;114.3 - Heldenfingen (Gerstetten);DETGE-MFG-001
LOC10710;Gerstetten;Heldenfingen;Max-Eyth-Straße;20;-;-;578522.13;5384081.0;1;0;grün;HLDFG-HA1x10ge-ws-RVT03-01-016;HLDFG-RVT-03;gelb / weiß;1-2;12 F (1x12);2;HLDFG-RVT-03;87-88;288 F (24x12);HLDFG-MFG-001;-;NetCom BW;114.3 - Heldenfingen (Gerstetten);DETGE-MFG-001
LOC10747;Gerstetten;Heldenfingen;Molkereistraße;32;-;-;578799.42;5384150.0;1;0;orange;HLDFG-HA1x10rs-RVT05-02-012;HLDFG-RVT-05;rosa;1-2;12 F (1x12);2;HLDFG-RVT-05;87-88;288 F (24x12);HLDFG-MFG-001;-;NetCom BW;114.3 - Heldenfingen (Gerstetten);DETGE-MFG-001
LOC10757;Gerstetten;Heldenfingen;Muschelweg;2;-;-;579199.76;5384274.0;1;0;grün;HLDFG-HA1x10bl-ws-RVT06-01-015;HLDFG-RVT-06;blau / weiß;1-2;12 F (1x12);2;HLDFG-RVT-06;87-88;288 F (24x12);HLDFG-MFG-001;-;NetCom BW;114.3 - Heldenfingen (Gerstetten);DETGE-MFG-001
LOC10829;Gerstetten;Heldenfingen;Rüblinger Straße;41;-;-;578919.37;5384378.0;1;0;grün;HLDFG-HA1x10gn-RVT08-01-02;HLDFG-RVT-08;grün;1-2;12 F (1x12);2;HLDFG-RVT-08;87-88;288 F (24x12);HLDFG-MFG-001;-;NetCom BW;114.3 - Heldenfingen (Gerstetten);DETGE-MFG-001
LOC10635;Gerstetten;Heldenfingen;Jakobusstraße;10;-;-;578845.25;5384529.0;1;0;grün;HLDFG-HA1x10gn-ws-RVT01-01-014;HLDFG-RVT-01;grün / weiß;1-2;12 F (1x12);2;HLDFG-RVT-01;59-60;288 F (24x12);HLDFG-MFG-001;-;NetCom BW;114.3 - Heldenfingen (Gerstetten);DETGE-MFG-001
LOC10503;Gerstetten;Heldenfingen;Breite Straße;20;-;-;578595.3;5384341.0;1;0;orange;HLDFG-HA1x10bl-RVT02-04-03;HLDFG-RVT-02;blau;1-2;12 F (1x12);2;HLDFG-RVT-02;89-90;288 F (24x12);HLDFG-MFG-001;-;NetCom BW;114.3 - Heldenfingen (Gerstetten);DETGE-MFG-001
LOC10570;Gerstetten;Heldenfingen;Felsenstraße;19;/1;-;578969.55;5384327.0;1;0;grün;HLDFG-HA1x10bl-ws-RVT07-01-015;HLDFG-RVT-07;blau / weiß;1-2;12 F (1x12);2;HLDFG-RVT-07;89-90;288 F (24x12);HLDFG-MFG-001;-;NetCom BW;114.3 - Heldenfingen (Gerstetten);DETGE-MFG-001
LOC10685;Gerstetten;Heldenfingen;Kornblumenweg;9;-;-;579100.1;5384598.0;1;0;orange;HLDFG-HA1x10bl-RVT08-02-03;HLDFG-RVT-08;blau;1-2;12 F (1x12);2;HLDFG-RVT-08;89-90;288 F (24x12);HLDFG-MFG-001;-;NetCom BW;114.3 - Heldenfingen (Gerstetten);DETGE-MFG-001
LOC10741;Gerstetten;Heldenfingen;Molkereistraße;24;/1;-;578747.34;5384095.0;1;0;orange;HLDFG-HA1x10gn-RVT05-02-02;HLDFG-RVT-05;grün;1-2;12 F (1x12);2;HLDFG-RVT-05;89-90;288 F (24x12);HLDFG-MFG-001;-;NetCom BW;114.3 - Heldenfingen (Gerstetten);DETGE-MFG-001
LOC10638;Gerstetten;Heldenfingen;Jakobusstraße;15;-;-;578729.15;5384530.0;1;0;grün;HLDFG-HA1x10ws-RVT01-01-05;HLDFG-RVT-01;weiß;1-2;12 F (1x12);2;HLDFG-RVT-01;61-62;288 F (24x12);HLDFG-MFG-001;-;NetCom BW;114.3 - Heldenfingen (Gerstetten);DETGE-MFG-001
LOC10481;Gerstetten;Heldenfingen;Baumstraße;11;-;-;578614.5;5383876.0;1;0;rot;HLDFG-HA1x10gn-RVT04-03-02;HLDFG-RVT-04;grün;1-2;12 F (1x12);2;HLDFG-RVT-04;91-92;288 F (24x12);HLDFG-MFG-001;-;NetCom BW;114.3 - Heldenfingen (Gerstetten);DETGE-MFG-001
LOC10537;Gerstetten;Heldenfingen;Dettinger Weg;24;-;-;579145.48;5384051.0;1;0;grün;HLDFG-HA1x10ws-sw-RVT06-02-017;HLDFG-RVT-06;schwarz / weiß;1-2;12 F (1x12);2;HLDFG-RVT-06;91-92;288 F (24x12);HLDFG-MFG-001;-;NetCom BW;114.3 - Heldenfingen (Gerstetten);DETGE-MFG-001
LOC10588;Gerstetten;Heldenfingen;Friedhofstraße;9;-;-;578781.13;5384059.0;1;0;rot;HLDFG-HA1x10ws-RVT05-03-05;HLDFG-RVT-05;weiß;1-2;12 F (1x12);2;HLDFG-RVT-05;91-92;288 F (24x12);HLDFG-MFG-001;-;NetCom BW;114.3 - Heldenfingen (Gerstetten);DETGE-MFG-001
LOC10728;Gerstetten;Heldenfingen;Molkereistraße;4;-;-;578568.6;5384079.0;1;0;schwarz;HLDFG-HA1x10bl-RVT03-06-03;HLDFG-RVT-03;blau;1-2;12 F (1x12);2;HLDFG-RVT-03;91-92;288 F (24x12);HLDFG-MFG-001;-;NetCom BW;114.3 - Heldenfingen (Gerstetten);DETGE-MFG-001
LOC10733;Gerstetten;Heldenfingen;Molkereistraße;16;-;-;578681.07;5384137.0;1;0;rot;HLDFG-HA1x10sw-RVT02-03-010;HLDFG-RVT-02;schwarz;1-2;12 F (1x12);2;HLDFG-RVT-02;91-92;288 F (24x12);HLDFG-MFG-001;-;NetCom BW;114.3 - Heldenfingen (Gerstetten);DETGE-MFG-001
LOC10795;Gerstetten;Heldenfingen;Ringstraße;26;-;-;579140.19;5384428.0;1;0;blau;HLDFG-HA1x10tk-RVT08-04-09;HLDFG-RVT-08;türkis;1-2;12 F (1x12);2;HLDFG-RVT-08;91-92;288 F (24x12);HLDFG-MFG-001;-;NetCom BW;114.3 - Heldenfingen (Gerstetten);DETGE-MFG-001
LOC10507;Gerstetten;Heldenfingen;Brunnenäcker;7;-;-;578785.53;5384369.0;1;0;orange;HLDFG-HA1x10br-RVT01-03-07;HLDFG-RVT-01;braun;1-2;12 F (1x12);2;HLDFG-RVT-01;63-64;288 F (24x12);HLDFG-MFG-001;-;NetCom BW;114.3 - Heldenfingen (Gerstetten);DETGE-MFG-001
LOC10467;Gerstetten;Heldenfingen;Anemonenweg;9;-;-;579019.43;5384600.0;1;0;grün;HLDFG-HA1x10bl-RVT08-05-03;HLDFG-RVT-08;blau;1-2;12 F (1x12);2;HLDFG-RVT-08;93-94;288 F (24x12);HLDFG-MFG-001;-;NetCom BW;114.3 - Heldenfingen (Gerstetten);DETGE-MFG-001
LOC10505;Gerstetten;Heldenfingen;Brunnenäcker;3;-;-;578723.75;5384288.0;1;0;grün;HLDFG-HA1x10rt-ws-RVT02-02-013;HLDFG-RVT-02;rot / weiß;1-2;12 F (1x12);2;HLDFG-RVT-02;93-94;288 F (24x12);HLDFG-MFG-001;-;NetCom BW;114.3 - Heldenfingen (Gerstetten);DETGE-MFG-001
LOC10531;Gerstetten;Heldenfingen;Dettinger Weg;12;-;-;579064.82;5384065.0;1;0;grün;HLDFG-HA1x10br-RVT06-02-07;HLDFG-RVT-06;braun;1-2;12 F (1x12);2;HLDFG-RVT-06;93-94;288 F (24x12);HLDFG-MFG-001;-;NetCom BW;114.3 - Heldenfingen (Gerstetten);DETGE-MFG-001
LOC10761;Gerstetten;Heldenfingen;Obere Hirschstraße;7;-;-;579025.13;5384254.0;1;0;orange;HLDFG-HA1x10gn-RVT07-02-02;HLDFG-RVT-07;grün;1-2;12 F (1x12);2;HLDFG-RVT-07;93-94;288 F (24x12);HLDFG-MFG-001;-;NetCom BW;114.3 - Heldenfingen (Gerstetten);DETGE-MFG-001
LOC10642;Gerstetten;Heldenfingen;Jakobusstraße;20;-;-;578728.17;5384571.0;1;0;grün;HLDFG-HA1x10bl-RVT01-01-03;HLDFG-RVT-01;blau;1-2;12 F (1x12);2;HLDFG-RVT-01;65-66;288 F (24x12);HLDFG-MFG-001;-;NetCom BW;114.3 - Heldenfingen (Gerstetten);DETGE-MFG-001
LOC10490;Gerstetten;Heldenfingen;Baumstraße;27;-;-;578447.76;5383866.0;1;0;orange;HLDFG-HA1x10rs-RVT03-02-012;HLDFG-RVT-03;rosa;1-2;12 F (1x12);2;HLDFG-RVT-03;95-96;288 F (24x12);HLDFG-MFG-001;-;NetCom BW;114.3 - Heldenfingen (Gerstetten);DETGE-MFG-001
LOC10540;Gerstetten;Heldenfingen;Dettinger Weg;30;-;-;579186.57;5384045.0;1;0;grün;HLDFG-HA1x10gn-ws-RVT06-02-014;HLDFG-RVT-06;grün / weiß;1-2;12 F (1x12);2;HLDFG-RVT-06;95-96;288 F (24x12);HLDFG-MFG-001;-;NetCom BW;114.3 - Heldenfingen (Gerstetten);DETGE-MFG-001
LOC10599;Gerstetten;Heldenfingen;Halde;2;-;-;579273.63;5384482.0;1;0;grün;HLDFG-HA1x10rt-RVT07-01-01;HLDFG-RVT-07;rot;1-2;12 F (1x12);2;HLDFG-RVT-07;95-96;288 F (24x12);HLDFG-MFG-001;-;NetCom BW;114.3 - Heldenfingen (Gerstetten);DETGE-MFG-001
LOC10602;Gerstetten;Heldenfingen;Heuchlinger Straße;2;-;-;578665.08;5384013.0;1;0;grün;HLDFG-HA1x10ws-sw-RVT02-01-017;HLDFG-RVT-02;schwarz / weiß;1-2;12 F (1x12);2;HLDFG-RVT-02;95-96;288 F (24x12);HLDFG-MFG-001;-;NetCom BW;114.3 - Heldenfingen (Gerstetten);DETGE-MFG-001
LOC10771;Gerstetten;Heldenfingen;Rabenweg;5;-;-;578836.21;5383754.0;1;0;grün;HLDFG-HA1x10ws-RVT04-01-05;HLDFG-RVT-04;weiß;1-2;12 F (1x12);2;HLDFG-RVT-04;95-96;288 F (24x12);HLDFG-MFG-001;-;NetCom BW;114.3 - Heldenfingen (Gerstetten);DETGE-MFG-001
LOC10791;Gerstetten;Heldenfingen;Ringstraße;22;-;-;579104.2;5384393.0;1;0;blau;HLDFG-HA1x10br-RVT08-04-07;HLDFG-RVT-08;braun;1-2;12 F (1x12);2;HLDFG-RVT-08;95-96;288 F (24x12);HLDFG-MFG-001;-;NetCom BW;114.3 - Heldenfingen (Gerstetten);DETGE-MFG-001
LOC10653;Gerstetten;Heldenfingen;Kastanienweg;10;-;-;578771.23;5384481.0;1;0;grün;HLDFG-HA1x10sw-RVT01-02-010;HLDFG-RVT-01;schwarz;1-2;12 F (1x12);2;HLDFG-RVT-01;71-72;288 F (24x12);HLDFG-MFG-001;-;NetCom BW;114.3 - Heldenfingen (Gerstetten);DETGE-MFG-001
LOC10492;Gerstetten;Heldenfingen;Baumstraße;29;-;-;578418.17;5383868.0;1;0;orange;HLDFG-HA1x10ge-ws-RVT03-02-016;HLDFG-RVT-03;gelb / weiß;1-2;12 F (1x12);2;HLDFG-RVT-03;97-98;288 F (24x12);HLDFG-MFG-001;-;NetCom BW;114.3 - Heldenfingen (Gerstetten);DETGE-MFG-001
LOC10612;Gerstetten;Heldenfingen;Heuchlinger Straße;15;-;-;578760.04;5383908.0;1;0;;HLDFG-HA12-RVT04-05-00;HLDFG-RVT-04;;1-2;12 F (1x12);2;HLDFG-RVT-04;97-98;288 F (24x12);HLDFG-MFG-001;-;NetCom BW;114.3 - Heldenfingen (Gerstetten);DETGE-MFG-001
LOC10687;Gerstetten;Heldenfingen;Kurzer Weg;2;-;-;579168.77;5384124.0;1;0;orange;HLDFG-HA1x10sw-RVT06-04-010;HLDFG-RVT-06;schwarz;1-2;12 F (1x12);2;HLDFG-RVT-06;97-98;288 F (24x12);HLDFG-MFG-001;-;NetCom BW;114.3 - Heldenfingen (Gerstetten);DETGE-MFG-001
LOC10744;Gerstetten;Heldenfingen;Molkereistraße;29;-;-;578804.18;5384170.0;1;0;orange;HLDFG-HA1x10bl-ws-RVT05-02-015;HLDFG-RVT-05;blau / weiß;1-2;12 F (1x12);2;HLDFG-RVT-05;97-98;288 F (24x12);HLDFG-MFG-001;-;NetCom BW;114.3 - Heldenfingen (Gerstetten);DETGE-MFG-001
LOC10841;Gerstetten;Heldenfingen;Rüblinger Straße;59;-;-;578938.17;5384573.0;1;0;grün;HLDFG-HA1x10gn-ws-RVT08-01-014;HLDFG-RVT-08;grün / weiß;1-2;12 F (1x12);2;HLDFG-RVT-08;97-98;288 F (24x12);HLDFG-MFG-001;-;NetCom BW;114.3 - Heldenfingen (Gerstetten);DETGE-MFG-001
LOC10516;Gerstetten;Heldenfingen;Brunnenäcker;22;-;-;578922.57;5384458.0;1;0;orange;HLDFG-HA1x10ge-ws-RVT01-03-016;HLDFG-RVT-01;gelb / weiß;1-2;12 F (1x12);2;HLDFG-RVT-01;73-74;288 F (24x12);HLDFG-MFG-001;-;NetCom BW;114.3 - Heldenfingen (Gerstetten);DETGE-MFG-001
LOC10488;Gerstetten;Heldenfingen;Baumstraße;21;-;-;578507.34;5383870.0;1;0;orange;HLDFG-HA1x10tk-RVT03-02-09;HLDFG-RVT-03;türkis;1-2;12 F (1x12);2;HLDFG-RVT-03;99-100;288 F (24x12);HLDFG-MFG-001;-;NetCom BW;114.3 - Heldenfingen (Gerstetten);DETGE-MFG-001
LOC10534;Gerstetten;Heldenfingen;Dettinger Weg;18;-;-;579110.9;5384055.0;1;0;grün;HLDFG-HA1x10or-RVT06-02-011;HLDFG-RVT-06;orange;1-2;12 F (1x12);2;HLDFG-RVT-06;99-100;288 F (24x12);HLDFG-MFG-001;-;NetCom BW;114.3 - Heldenfingen (Gerstetten);DETGE-MFG-001
LOC10592;Gerstetten;Heldenfingen;Friedhofstraße;13;-;-;578813.92;5384069.0;1;0;rot;HLDFG-HA1x10tk-RVT05-03-09;HLDFG-RVT-05;türkis;1-2;12 F (1x12);2;HLDFG-RVT-05;99-100;288 F (24x12);HLDFG-MFG-001;-;NetCom BW;114.3 - Heldenfingen (Gerstetten);DETGE-MFG-001
LOC10616;Gerstetten;Heldenfingen;Heuchlinger Straße;19;-;-;578775.43;5383879.0;1;0;orange;HLDFG-HA1x10ws-sw-RVT04-02-017;HLDFG-RVT-04;schwarz / weiß;1-2;12 F (1x12);2;HLDFG-RVT-04;99-100;288 F (24x12);HLDFG-MFG-001;-;NetCom BW;114.3 - Heldenfingen (Gerstetten);DETGE-MFG-001
LOC10680;Gerstetten;Heldenfingen;Kornblumenweg;4;-;-;579109.7;5384522.0;1;0;orange;HLDFG-HA1x10tk-RVT08-02-09;HLDFG-RVT-08;türkis;1-2;12 F (1x12);2;HLDFG-RVT-08;99-100;288 F (24x12);HLDFG-MFG-001;-;NetCom BW;114.3 - Heldenfingen (Gerstetten);DETGE-MFG-001
LOC10709;Gerstetten;Heldenfingen;Max-Eyth-Straße;16;-;-;578544.82;5384087.0;1;0;rot;HLDFG-HA1x10rt-RVT02-03-01;HLDFG-RVT-02;;1-2;12 F (1x12);2;HLDFG-RVT-02;99-100;288 F (24x12);HLDFG-MFG-001;-;NetCom BW;114.3 - Heldenfingen (Gerstetten);DETGE-MFG-001
LOC10820;Gerstetten;Heldenfingen;Rüblinger Straße;31;-;-;578868.79;5384308.0;1;0;grün;HLDFG-HA1x10gr-RVT07-03-06;HLDFG-RVT-07;grau;1-2;12 F (1x12);2;HLDFG-RVT-07;99-100;288 F (24x12);HLDFG-MFG-001;-;NetCom BW;114.3 - Heldenfingen (Gerstetten);DETGE-MFG-001
LOC10513;Gerstetten;Heldenfingen;Brunnenäcker;18;-;-;578893.58;5384422.0;1;0;grün;HLDFG-HA1x10ws-sw-RVT01-02-017;HLDFG-RVT-01;schwarz / weiß;1-2;12 F (1x12);2;HLDFG-RVT-01;75-76;288 F (24x12);HLDFG-MFG-001;-;NetCom BW;114.3 - Heldenfingen (Gerstetten);DETGE-MFG-001
LOC10576;Gerstetten;Heldenfingen;Felsenstraße;26;-;-;579040.93;5384292.0;1;0;grün;HLDFG-HA1x10tk-RVT07-01-09;HLDFG-RVT-07;türkis;1-2;12 F (1x12);2;HLDFG-RVT-07;101-102;288 F (24x12);HLDFG-MFG-001;-;NetCom BW;114.3 - Heldenfingen (Gerstetten);DETGE-MFG-001
LOC10611;Gerstetten;Heldenfingen;Heuchlinger Straße;14;-;-;578739.95;5383893.0;1;0;rot;HLDFG-HA1x10or-RVT04-03-011;HLDFG-RVT-04;orange;1-2;12 F (1x12);2;HLDFG-RVT-04;101-102;288 F (24x12);HLDFG-MFG-001;-;NetCom BW;114.3 - Heldenfingen (Gerstetten);DETGE-MFG-001
LOC10867;Gerstetten;Heldenfingen;Vordere Gasse;3;-;-;578558.72;5384020.0;1;0;schwarz;HLDFG-HA1x10rt-RVT03-03-06;HLDFG-RVT-03;grau;1-2;12 F (1x12);2;HLDFG-RVT-03;101-102;288 F (24x12);HLDFG-MFG-001;-;NetCom BW;114.3 - Heldenfingen (Gerstetten);DETGE-MFG-001
LOC10641;Gerstetten;Heldenfingen;Jakobusstraße;18;-;-;578753.24;5384560.0;1;0;grün;HLDFG-HA1x10gr-RVT01-01-06;HLDFG-RVT-01;grau;1-2;12 F (1x12);2;HLDFG-RVT-01;77-78;288 F (24x12);HLDFG-MFG-001;-;NetCom BW;114.3 - Heldenfingen (Gerstetten);DETGE-MFG-001
LOC10454;Gerstetten;Heldenfingen;Altheimer Weg;10;-;-;578719.75;5383700.0;1;0;grün;HLDFG-HA1x10or-RVT04-01-011;HLDFG-RVT-04;orange;1-2;12 F (1x12);2;HLDFG-RVT-04;103-104;288 F (24x12);HLDFG-MFG-001;-;NetCom BW;114.3 - Heldenfingen (Gerstetten);DETGE-MFG-001
LOC10504;Gerstetten;Heldenfingen;Breite Straße;21;-;-;578557.32;5384329.0;1;0;orange;HLDFG-HA1x10rt-RVT02-04-01;HLDFG-RVT-02;rot;1-2;12 F (1x12);2;HLDFG-RVT-02;103-104;288 F (24x12);HLDFG-MFG-001;-;NetCom BW;114.3 - Heldenfingen (Gerstetten);DETGE-MFG-001
LOC10662;Gerstetten;Heldenfingen;Kliffstraße;2;-;-;579169.07;5384094.0;1;0;orange;HLDFG-HA1x10or-RVT06-04-011;HLDFG-RVT-06;orange;1-2;12 F (1x12);2;HLDFG-RVT-06;103-104;288 F (24x12);HLDFG-MFG-001;-;NetCom BW;114.3 - Heldenfingen (Gerstetten);DETGE-MFG-001
LOC10755;Gerstetten;Heldenfingen;Molkereistraße;47;-;-;578935.47;5384132.0;1;0;grün;HLDFG-HA1x10gn-RVT05-05-02;HLDFG-RVT-05;grün;1-2;12 F (1x12);2;HLDFG-RVT-05;103-104;288 F (24x12);HLDFG-MFG-001;-;NetCom BW;114.3 - Heldenfingen (Gerstetten);DETGE-MFG-001
LOC10823;Gerstetten;Heldenfingen;Rüblinger Straße;35;-;-;578887.09;5384346.0;1;0;grün;HLDFG-HA1x10rs-RVT07-03-012;HLDFG-RVT-07;rosa;1-2;12 F (1x12);2;HLDFG-RVT-07;103-104;288 F (24x12);HLDFG-MFG-001;-;NetCom BW;114.3 - Heldenfingen (Gerstetten);DETGE-MFG-001
LOC10830;Gerstetten;Heldenfingen;Rüblinger Straße;42;-;-;578973.05;5384396.0;1;0;grün;HLDFG-HA1x10bl-RVT08-01-03;HLDFG-RVT-08;blau;1-2;12 F (1x12);2;HLDFG-RVT-08;103-104;288 F (24x12);HLDFG-MFG-001;-;NetCom BW;114.3 - Heldenfingen (Gerstetten);DETGE-MFG-001
LOC10658;Gerstetten;Heldenfingen;Kastanienweg;15;-;-;578678.57;5384473.0;1;0;grün;HLDFG-HA1x10ge-RVT01-02-04;HLDFG-RVT-01;gelb;1-2;12 F (1x12);2;HLDFG-RVT-01;79-80;288 F (24x12);HLDFG-MFG-001;-;NetCom BW;114.3 - Heldenfingen (Gerstetten);DETGE-MFG-001
LOC10452;Gerstetten;Heldenfingen;Altheimer Weg;7;-;-;578760.24;5383760.0;1;0;grün;HLDFG-HA1x10ge-ws-RVT04-01-016;HLDFG-RVT-04;gelb / weiß;1-2;12 F (1x12);2;HLDFG-RVT-04;105-106;288 F (24x12);HLDFG-MFG-001;-;NetCom BW;114.3 - Heldenfingen (Gerstetten);DETGE-MFG-001
LOC10470;Gerstetten;Heldenfingen;Austernweg;4;-;-;579236.55;5384128.0;1;0;orange;HLDFG-HA1x10br-RVT06-04-07;HLDFG-RVT-06;braun;1-2;12 F (1x12);2;HLDFG-RVT-06;105-106;288 F (24x12);HLDFG-MFG-001;-;NetCom BW;114.3 - Heldenfingen (Gerstetten);DETGE-MFG-001
LOC10497;Gerstetten;Heldenfingen;Breite Straße;9;-;-;578629.89;5384235.0;1;0;orange;HLDFG-HA1x10br-RVT02-04-07;HLDFG-RVT-02;braun;1-2;12 F (1x12);2;HLDFG-RVT-02;105-106;288 F (24x12);HLDFG-MFG-001;-;NetCom BW;114.3 - Heldenfingen (Gerstetten);DETGE-MFG-001
LOC10564;Gerstetten;Heldenfingen;Felsenstraße;12;-;-;578933.27;5384282.0;1;0;rot;HLDFG-HA1x10tk-RVT07-04-09;HLDFG-RVT-07;türkis;1-2;12 F (1x12);2;HLDFG-RVT-07;105-106;288 F (24x12);HLDFG-MFG-001;-;NetCom BW;114.3 - Heldenfingen (Gerstetten);DETGE-MFG-001
LOC10739;Gerstetten;Heldenfingen;Molkereistraße;22;-;-;578765.84;5384140.0;1;0;orange;HLDFG-HA1x10tk-RVT05-02-09;HLDFG-RVT-05;türkis;1-2;12 F (1x12);2;HLDFG-RVT-05;105-106;288 F (24x12);HLDFG-MFG-001;-;NetCom BW;114.3 - Heldenfingen (Gerstetten);DETGE-MFG-001
LOC10831;Gerstetten;Heldenfingen;Rüblinger Straße;44;-;-;578973.55;5384414.0;1;0;grün;HLDFG-HA1x10gr-RVT08-01-06;HLDFG-RVT-08;grau;1-2;12 F (1x12);2;HLDFG-RVT-08;105-106;288 F (24x12);HLDFG-MFG-001;-;NetCom BW;114.3 - Heldenfingen (Gerstetten);DETGE-MFG-001
LOC10464;Gerstetten;Heldenfingen;Anemonenweg;6;-;-;579047.82;5384574.0;1;0;grün;HLDFG-HA1x10gn-RVT08-05-02;HLDFG-RVT-08;grün;1-2;12 F (1x12);2;HLDFG-RVT-08;107-108;288 F (24x12);HLDFG-MFG-001;-;NetCom BW;114.3 - Heldenfingen (Gerstetten);DETGE-MFG-001
LOC10472;Gerstetten;Heldenfingen;Austernweg;9;-;-;579220.15;5384187.0;1;0;orange;HLDFG-HA1x10rt-RVT06-04-01;HLDFG-RVT-06;rot;1-2;12 F (1x12);2;HLDFG-RVT-06;107-108;288 F (24x12);HLDFG-MFG-001;-;NetCom BW;114.3 - Heldenfingen (Gerstetten);DETGE-MFG-001
LOC10496;Gerstetten;Heldenfingen;Breite Straße;8;-;-;578669.87;5384261.0;1;0;orange;HLDFG-HA1x10sw-RVT02-04-010;HLDFG-RVT-02;schwarz;1-2;12 F (1x12);2;HLDFG-RVT-02;107-108;288 F (24x12);HLDFG-MFG-001;-;NetCom BW;114.3 - Heldenfingen (Gerstetten);DETGE-MFG-001
LOC10824;Gerstetten;Heldenfingen;Rüblinger Straße;37;-;-;578900.78;5384329.0;1;0;grün;HLDFG-HA1x10rt-ws-RVT07-03-013;HLDFG-RVT-07;rot / weiß;1-2;12 F (1x12);2;HLDFG-RVT-07;107-108;288 F (24x12);HLDFG-MFG-001;-;NetCom BW;114.3 - Heldenfingen (Gerstetten);DETGE-MFG-001
LOC10869;Gerstetten;Heldenfingen;Vordere Gasse;9;-;-;578530.07;5383986.0;1;0;schwarz;HLDFG-HA1x10gr-RVT03-05-06;HLDFG-RVT-03;grau;1-2;12 F (1x12);2;HLDFG-RVT-03;107-108;288 F (24x12);HLDFG-MFG-001;-;NetCom BW;114.3 - Heldenfingen (Gerstetten);DETGE-MFG-001
LOC10512;Gerstetten;Heldenfingen;Brunnenäcker;14;-;-;578871.39;5384388.0;1;0;orange;HLDFG-HA1x10rt-ws-RVT01-03-013;HLDFG-RVT-01;rot / weiß;1-2;12 F (1x12);2;HLDFG-RVT-01;81-82;288 F (24x12);HLDFG-MFG-001;-;NetCom BW;114.3 - Heldenfingen (Gerstetten);DETGE-MFG-001
LOC10574;Gerstetten;Heldenfingen;Felsenstraße;24;-;-;579025.51;5384290.0;1;0;grün;HLDFG-HA1x10rt-ws-RVT07-01-013;HLDFG-RVT-07;rot / weiß;1-2;12 F (1x12);2;HLDFG-RVT-07;109-110;288 F (24x12);HLDFG-MFG-001;-;NetCom BW;114.3 - Heldenfingen (Gerstetten);DETGE-MFG-001
LOC10586;Gerstetten;Heldenfingen;Friedhofstraße;6;-;-;578755.99;5384003.0;1;0;rot;HLDFG-HA1x10bl-RVT05-03-03;HLDFG-RVT-05;blau;1-2;12 F (1x12);2;HLDFG-RVT-05;109-110;288 F (24x12);HLDFG-MFG-001;-;NetCom BW;114.3 - Heldenfingen (Gerstetten);DETGE-MFG-001
LOC10614;Gerstetten;Heldenfingen;Heuchlinger Straße;17;-;-;578775.03;5383897.0;1;0;;HLDFG-HA12-RVT04-06-00;HLDFG-RVT-04;;1-2;12 F (1x12);2;HLDFG-RVT-04;109-110;288 F (24x12);HLDFG-MFG-001;-;NetCom BW;114.3 - Heldenfingen (Gerstetten);DETGE-MFG-001
LOC10804;Gerstetten;Heldenfingen;Rüblinger Straße;8;-;-;578709.96;5384196.0;1;0;rot;HLDFG-HA1x10gn-ws-RVT02-03-014;HLDFG-RVT-02;grün / weiß;1-2;12 F (1x12);2;HLDFG-RVT-02;109-110;288 F (24x12);HLDFG-MFG-001;-;NetCom BW;114.3 - Heldenfingen (Gerstetten);DETGE-MFG-001
LOC10838;Gerstetten;Heldenfingen;Rüblinger Straße;56;-;-;578990.45;5384532.0;1;0;grün;HLDFG-HA1x10br-ws-RVT08-01-019;HLDFG-RVT-08;braun / weiß;1-2;12 F (1x12);2;HLDFG-RVT-08;109-110;288 F (24x12);HLDFG-MFG-001;-;NetCom BW;114.3 - Heldenfingen (Gerstetten);DETGE-MFG-001
LOC10870;Gerstetten;Heldenfingen;Vordere Gasse;11;-;-;578507.54;5384006.0;1;0;schwarz;HLDFG-HA1x10vi-RVT03-05-08;HLDFG-RVT-03;violett;1-2;12 F (1x12);2;HLDFG-RVT-03;109-110;288 F (24x12);HLDFG-MFG-001;-;NetCom BW;114.3 - Heldenfingen (Gerstetten);DETGE-MFG-001
LOC10629;Gerstetten;Heldenfingen;Jakobusstraße;5;-;-;578846.3;5384502.0;1;0;grün;HLDFG-HA1x10bl-ws-RVT01-01-015;HLDFG-RVT-01;blau / weiß;1-2;12 F (1x12);2;HLDFG-RVT-01;83-84;288 F (24x12);HLDFG-MFG-001;-;NetCom BW;114.3 - Heldenfingen (Gerstetten);DETGE-MFG-001
LOC10528;Gerstetten;Heldenfingen;Dettinger Weg;9;-;-;579067.12;5384102.0;1;0;grün;HLDFG-HA1x10gr-RVT06-02-06;HLDFG-RVT-06;grau;1-2;12 F (1x12);2;HLDFG-RVT-06;111-112;288 F (24x12);HLDFG-MFG-001;-;NetCom BW;114.3 - Heldenfingen (Gerstetten);DETGE-MFG-001
LOC10620;Gerstetten;Heldenfingen;Heuchlinger Straße;34;-;-;579037.93;5383625.0;1;0;orange;HLDFG-HA1x10gn-RVT04-02-02;HLDFG-RVT-04;grün;1-2;12 F (1x12);2;HLDFG-RVT-04;111-112;288 F (24x12);HLDFG-MFG-001;-;NetCom BW;114.3 - Heldenfingen (Gerstetten);DETGE-MFG-001
LOC10734;Gerstetten;Heldenfingen;Molkereistraße;17;-;-;578633.19;5384137.0;1;0;rot;HLDFG-HA1x10gr-RVT02-03-06;HLDFG-RVT-02;grau;1-2;12 F (1x12);2;HLDFG-RVT-02;111-112;288 F (24x12);HLDFG-MFG-001;-;NetCom BW;114.3 - Heldenfingen (Gerstetten);DETGE-MFG-001
LOC10821;Gerstetten;Heldenfingen;Rüblinger Straße;33;-;-;578883.59;5384317.0;1;0;grün;HLDFG-HA1x10or-RVT07-03-011;HLDFG-RVT-07;orange;1-2;12 F (1x12);2;HLDFG-RVT-07;111-112;288 F (24x12);HLDFG-MFG-001;-;NetCom BW;114.3 - Heldenfingen (Gerstetten);DETGE-MFG-001
LOC10833;Gerstetten;Heldenfingen;Rüblinger Straße;47;-;-;578949.16;5384432.0;1;0;grün;HLDFG-HA1x10ws-RVT08-01-05;HLDFG-RVT-08;weiß;1-2;12 F (1x12);2;HLDFG-RVT-08;111-112;288 F (24x12);HLDFG-MFG-001;-;NetCom BW;114.3 - Heldenfingen (Gerstetten);DETGE-MFG-001
LOC10645;Gerstetten;Heldenfingen;Kastanienweg;1;-;-;578854.7;5384424.0;1;0;grün;HLDFG-HA1x10ge-ws-RVT01-02-016;HLDFG-RVT-01;gelb / weiß;1-2;12 F (1x12);2;HLDFG-RVT-01;89-90;288 F (24x12);HLDFG-MFG-001;-;NetCom BW;114.3 - Heldenfingen (Gerstetten);DETGE-MFG-001
LOC10487;Gerstetten;Heldenfingen;Baumstraße;20;-;-;578535.53;5383937.0;1;0;schwarz;HLDFG-HA1x10ws-RVT03-03-05;HLDFG-RVT-03;weiß;1-2;12 F (1x12);2;HLDFG-RVT-03;113-114;288 F (24x12);HLDFG-MFG-001;-;NetCom BW;114.3 - Heldenfingen (Gerstetten);DETGE-MFG-001
LOC10551;Gerstetten;Heldenfingen;Enzianweg;5;-;-;579151.78;5384527.0;1;0;rot;HLDFG-HA1x10gr-RVT08-03-06;HLDFG-RVT-08;grau;1-2;12 F (1x12);2;HLDFG-RVT-08;113-114;288 F (24x12);HLDFG-MFG-001;-;NetCom BW;114.3 - Heldenfingen (Gerstetten);DETGE-MFG-001
LOC10579;Gerstetten;Heldenfingen;Flurstraße;3;-;892/2;578963.25;5384041.0;1;0;grün;HLDFG-HA1x10ge-ws-RVT05-01-016;HLDFG-RVT-05;gelb / weiß;1-2;12 F (1x12);2;HLDFG-RVT-05;113-114;288 F (24x12);HLDFG-MFG-001;-;NetCom BW;114.3 - Heldenfingen (Gerstetten);DETGE-MFG-001
LOC10619;Gerstetten;Heldenfingen;Heuchlinger Straße;30;-;-;578928.87;5383738.0;1;0;orange;HLDFG-HA1x10vi-RVT04-02-08;HLDFG-RVT-04;violett;1-2;12 F (1x12);2;HLDFG-RVT-04;113-114;288 F (24x12);HLDFG-MFG-001;-;NetCom BW;114.3 - Heldenfingen (Gerstetten);DETGE-MFG-001
LOC10668;Gerstetten;Heldenfingen;Kliffstraße;11;-;-;579121.09;5384192.0;1;0;rot;HLDFG-HA1x10br-RVT06-03-07;HLDFG-RVT-06;braun;1-2;12 F (1x12);2;HLDFG-RVT-06;113-114;288 F (24x12);HLDFG-MFG-001;-;NetCom BW;114.3 - Heldenfingen (Gerstetten);DETGE-MFG-001
LOC10801;Gerstetten;Heldenfingen;Rüblinger Straße;2;-;-;578687.67;5384159.0;1;0;rot;HLDFG-HA1x10or-RVT02-03-011;HLDFG-RVT-02;orange;1-2;12 F (1x12);2;HLDFG-RVT-02;113-114;288 F (24x12);HLDFG-MFG-001;-;NetCom BW;114.3 - Heldenfingen (Gerstetten);DETGE-MFG-001
LOC10652;Gerstetten;Heldenfingen;Kastanienweg;9;-;-;578752.44;5384451.0;2;0;grün;HLDFG-HA1x10vi-RVT01-02-08;HLDFG-RVT-01;violett;1-4;12 F (1x12);4;HLDFG-RVT-01;9-12;288 F (24x12);HLDFG-MFG-001;-;NetCom BW;114.3 - Heldenfingen (Gerstetten);DETGE-MFG-001
LOC10476;Gerstetten;Heldenfingen;Baumstraße;3;-;-;578687.37;5383862.0;1;0;rot;HLDFG-HA1x10vi-RVT04-03-08;HLDFG-RVT-04;violett;1-2;12 F (1x12);2;HLDFG-RVT-04;115-116;288 F (24x12);HLDFG-MFG-001;-;NetCom BW;114.3 - Heldenfingen (Gerstetten);DETGE-MFG-001
LOC10548;Gerstetten;Heldenfingen;Enzianweg;2;-;-;579112.6;5384449.0;1;0;rot;HLDFG-HA1x10rs-RVT08-03-012;HLDFG-RVT-08;rosa;1-2;12 F (1x12);2;HLDFG-RVT-08;115-116;288 F (24x12);HLDFG-MFG-001;-;NetCom BW;114.3 - Heldenfingen (Gerstetten);DETGE-MFG-001
LOC10560;Gerstetten;Heldenfingen;Felsenstraße;6;-;-;578912.78;5384273.0;1;0;rot;HLDFG-HA1x10ws-RVT07-04-05;HLDFG-RVT-07;weiß;1-2;12 F (1x12);2;HLDFG-RVT-07;115-116;288 F (24x12);HLDFG-MFG-001;-;NetCom BW;114.3 - Heldenfingen (Gerstetten);DETGE-MFG-001
LOC10597;Gerstetten;Heldenfingen;Friedhofstraße;20;-;-;578904.18;5384069.0;1;0;rot;HLDFG-HA1x10ws-sw-RVT05-03-017;HLDFG-RVT-05;schwarz / weiß;1-2;12 F (1x12);2;HLDFG-RVT-05;115-116;288 F (24x12);HLDFG-MFG-001;-;NetCom BW;114.3 - Heldenfingen (Gerstetten);DETGE-MFG-001
LOC10868;Gerstetten;Heldenfingen;Vordere Gasse;7;-;-;578542.01;5383985.0;1;0;schwarz;HLDFG-HA1x10br-RVT03-05-07;HLDFG-RVT-03;braun;1-2;12 F (1x12);2;HLDFG-RVT-03;115-116;288 F (24x12);HLDFG-MFG-001;-;NetCom BW;114.3 - Heldenfingen (Gerstetten);DETGE-MFG-001
LOC10511;Gerstetten;Heldenfingen;Brunnenäcker;11;-;-;578842.8;5384400.0;1;0;orange;HLDFG-HA1x10rs-RVT01-03-012;HLDFG-RVT-01;rosa;1-2;12 F (1x12);2;HLDFG-RVT-01;91-92;288 F (24x12);HLDFG-MFG-001;-;NetCom BW;114.3 - Heldenfingen (Gerstetten);DETGE-MFG-001
LOC10501;Gerstetten;Heldenfingen;Breite Straße;16;-;-;578619.39;5384321.0;1;0;orange;HLDFG-HA1x10ge-RVT02-04-04;HLDFG-RVT-02;gelb;1-2;12 F (1x12);2;HLDFG-RVT-02;117-118;288 F (24x12);HLDFG-MFG-001;-;NetCom BW;114.3 - Heldenfingen (Gerstetten);DETGE-MFG-001
LOC10518;Gerstetten;Heldenfingen;Burrenweg;3;-;-;578926.27;5384197.0;1;0;grün;HLDFG-HA1x10gr-RVT05-01-06;HLDFG-RVT-05;grau;1-2;12 F (1x12);2;HLDFG-RVT-05;117-118;288 F (24x12);HLDFG-MFG-001;-;NetCom BW;114.3 - Heldenfingen (Gerstetten);DETGE-MFG-001
LOC10529;Gerstetten;Heldenfingen;Dettinger Weg;10;-;-;579056.42;5384066.0;1;0;grün;HLDFG-HA1x10ws-RVT06-02-05;HLDFG-RVT-06;weiß;1-2;12 F (1x12);2;HLDFG-RVT-06;117-118;288 F (24x12);HLDFG-MFG-001;-;NetCom BW;114.3 - Heldenfingen (Gerstetten);DETGE-MFG-001
LOC10550;Gerstetten;Heldenfingen;Enzianweg;4;-;-;579133.89;5384455.0;1;0;rot;HLDFG-HA1x10or-RVT08-03-011;HLDFG-RVT-08;orange;1-2;12 F (1x12);2;HLDFG-RVT-08;117-118;288 F (24x12);HLDFG-MFG-001;-;NetCom BW;114.3 - Heldenfingen (Gerstetten);DETGE-MFG-001
LOC10571;Gerstetten;Heldenfingen;Felsenstraße;19;-;-;578982.95;5384307.0;1;0;grün;HLDFG-HA1x10ge-ws-RVT07-01-016;HLDFG-RVT-07;gelb / weiß;1-2;12 F (1x12);2;HLDFG-RVT-07;117-118;288 F (24x12);HLDFG-MFG-001;-;NetCom BW;114.3 - Heldenfingen (Gerstetten);DETGE-MFG-001
LOC10491;Gerstetten;Heldenfingen;Baumstraße;28;-;-;578447.96;5383904.0;1;0;orange;HLDFG-HA1x10bl-ws-RVT03-02-015;HLDFG-RVT-03;blau / weiß;1-2;12 F (1x12);2;HLDFG-RVT-03;119-120;288 F (24x12);HLDFG-MFG-001;-;NetCom BW;114.3 - Heldenfingen (Gerstetten);DETGE-MFG-001
LOC10493;Gerstetten;Heldenfingen;Breite Straße;2;-;-;578696.46;5384230.0;1;0;orange;HLDFG-HA1x10rt-ws-RVT02-04-013;HLDFG-RVT-02;rot / weiß;1-2;12 F (1x12);2;HLDFG-RVT-02;119-120;288 F (24x12);HLDFG-MFG-001;-;NetCom BW;114.3 - Heldenfingen (Gerstetten);DETGE-MFG-001
LOC10681;Gerstetten;Heldenfingen;Kornblumenweg;5;-;-;579087.51;5384573.0;1;0;orange;HLDFG-HA1x10ws-RVT08-02-05;HLDFG-RVT-08;weiß;1-2;12 F (1x12);2;HLDFG-RVT-08;119-120;288 F (24x12);HLDFG-MFG-001;-;NetCom BW;114.3 - Heldenfingen (Gerstetten);DETGE-MFG-001
LOC10778;Gerstetten;Heldenfingen;Raiffeisenstraße;5;-;-;579003.54;5384171.0;1;0;grün;HLDFG-HA1x10ge-RVT05-04-04;HLDFG-RVT-05;gelb;1-2;12 F (1x12);2;HLDFG-RVT-05;119-120;288 F (24x12);HLDFG-MFG-001;-;NetCom BW;114.3 - Heldenfingen (Gerstetten);DETGE-MFG-001
LOC10659;Gerstetten;Heldenfingen;Kastanienweg;16;-;-;578685.4;5384505.0;1;0;grün;HLDFG-HA1x10gn-RVT01-02-02;HLDFG-RVT-01;grün;1-2;12 F (1x12);2;HLDFG-RVT-01;93-94;288 F (24x12);HLDFG-MFG-001;-;NetCom BW;114.3 - Heldenfingen (Gerstetten);DETGE-MFG-001
LOC10465;Gerstetten;Heldenfingen;Anemonenweg;7;-;-;579005.24;5384581.0;1;0;grün;HLDFG-HA1x10ge-RVT08-05-04;HLDFG-RVT-08;gelb;1-2;12 F (1x12);2;HLDFG-RVT-08;121-122;288 F (24x12);HLDFG-MFG-001;-;NetCom BW;114.3 - Heldenfingen (Gerstetten);DETGE-MFG-001
LOC10561;Gerstetten;Heldenfingen;Felsenstraße;7;-;-;578901.28;5384282.0;1;0;rot;HLDFG-HA1x10ge-RVT07-04-04;HLDFG-RVT-07;gelb;1-2;12 F (1x12);2;HLDFG-RVT-07;121-122;288 F (24x12);HLDFG-MFG-001;-;NetCom BW;114.3 - Heldenfingen (Gerstetten);DETGE-MFG-001
LOC10712;Gerstetten;Heldenfingen;Max-Eyth-Straße;24;-;-;578498.84;5384078.0;1;0;grün;HLDFG-HA1x10gn-ws-RVT03-01-014;HLDFG-RVT-03;grün / weiß;1-2;12 F (1x12);2;HLDFG-RVT-03;121-122;288 F (24x12);HLDFG-MFG-001;-;NetCom BW;114.3 - Heldenfingen (Gerstetten);DETGE-MFG-001
LOC10752;Gerstetten;Heldenfingen;Molkereistraße;44;-;-;578893.08;5384136.0;1;0;grün;HLDFG-HA1x10tk-RVT05-01-09;HLDFG-RVT-05;türkis;1-2;12 F (1x12);2;HLDFG-RVT-05;121-122;288 F (24x12);HLDFG-MFG-001;-;NetCom BW;114.3 - Heldenfingen (Gerstetten);DETGE-MFG-001
LOC10782;Gerstetten;Heldenfingen;Raiffeisenstraße;10;-;-;579079.91;5384195.0;1;0;grün;HLDFG-HA1x10rs-RVT06-01-012;HLDFG-RVT-06;rosa;1-2;12 F (1x12);2;HLDFG-RVT-06;121-122;288 F (24x12);HLDFG-MFG-001;-;NetCom BW;114.3 - Heldenfingen (Gerstetten);DETGE-MFG-001
LOC10808;Gerstetten;Heldenfingen;Rüblinger Straße;14;-;-;578772.13;5384242.0;1;0;grün;HLDFG-HA1x10sw-RVT02-02-010;HLDFG-RVT-02;schwarz;1-2;12 F (1x12);2;HLDFG-RVT-02;121-122;288 F (24x12);HLDFG-MFG-001;-;NetCom BW;114.3 - Heldenfingen (Gerstetten);DETGE-MFG-001
LOC10569;Gerstetten;Heldenfingen;Felsenstraße;18;-;-;578995.44;5384285.0;1;0;grün;HLDFG-HA1x10gn-ws-RVT07-01-014;HLDFG-RVT-07;grün / weiß;1-2;12 F (1x12);2;HLDFG-RVT-07;123-124;288 F (24x12);HLDFG-MFG-001;-;NetCom BW;114.3 - Heldenfingen (Gerstetten);DETGE-MFG-001
LOC10595;Gerstetten;Heldenfingen;Friedhofstraße;17;-;-;578873.69;5384083.0;1;0;rot;HLDFG-HA1x10gn-ws-RVT05-03-014;HLDFG-RVT-05;grün / weiß;1-2;12 F (1x12);2;HLDFG-RVT-05;123-124;288 F (24x12);HLDFG-MFG-001;-;NetCom BW;114.3 - Heldenfingen (Gerstetten);DETGE-MFG-001
LOC10690;Gerstetten;Heldenfingen;Kurzer Weg;5;-;-;579214.46;5384156.0;1;0;orange;HLDFG-HA1x10ge-RVT06-04-04;HLDFG-RVT-06;gelb;1-2;12 F (1x12);2;HLDFG-RVT-06;123-124;288 F (24x12);HLDFG-MFG-001;-;NetCom BW;114.3 - Heldenfingen (Gerstetten);DETGE-MFG-001
LOC10794;Gerstetten;Heldenfingen;Ringstraße;25;-;-;579022.33;5384481.0;1;0;orange;HLDFG-HA1x10rs-RVT08-02-012;HLDFG-RVT-08;rosa;1-2;12 F (1x12);2;HLDFG-RVT-08;123-124;288 F (24x12);HLDFG-MFG-001;-;NetCom BW;114.3 - Heldenfingen (Gerstetten);DETGE-MFG-001
LOC10502;Gerstetten;Heldenfingen;Breite Straße;19;-;-;578572.51;5384317.0;1;0;orange;HLDFG-HA1x10gn-RVT02-04-02;HLDFG-RVT-02;grün;1-2;12 F (1x12);2;HLDFG-RVT-02;125-126;288 F (24x12);HLDFG-MFG-001;-;NetCom BW;114.3 - Heldenfingen (Gerstetten);DETGE-MFG-001
LOC10665;Gerstetten;Heldenfingen;Kliffstraße;5;-;-;579126.99;5384158.0;1;0;rot;HLDFG-HA1x10sw-RVT06-03-010;HLDFG-RVT-06;schwarz;1-2;12 F (1x12);2;HLDFG-RVT-06;125-126;288 F (24x12);HLDFG-MFG-001;-;NetCom BW;114.3 - Heldenfingen (Gerstetten);DETGE-MFG-001
LOC10818;Gerstetten;Heldenfingen;Rüblinger Straße;26;-;-;578860.8;5384287.0;1;0;grün;HLDFG-HA1x10ws-RVT07-03-05;HLDFG-RVT-07;weiß;1-2;12 F (1x12);2;HLDFG-RVT-07;125-126;288 F (24x12);HLDFG-MFG-001;-;NetCom BW;114.3 - Heldenfingen (Gerstetten);DETGE-MFG-001
LOC10849;Gerstetten;Heldenfingen;Sonnenhalde;1;-;-;578878.99;5384174.0;1;0;grün;HLDFG-HA1x10vi-RVT05-01-08;HLDFG-RVT-05;violett;1-2;12 F (1x12);2;HLDFG-RVT-05;125-126;288 F (24x12);HLDFG-MFG-001;-;NetCom BW;114.3 - Heldenfingen (Gerstetten);DETGE-MFG-001
LOC10677;Gerstetten;Heldenfingen;Kornblumenweg;1;-;-;579070.71;5384520.0;1;0;orange;HLDFG-HA1x10vi-RVT08-02-08;HLDFG-RVT-08;violett;1-2;12 F (1x12);2;HLDFG-RVT-08;127-128;288 F (24x12);HLDFG-MFG-001;-;NetCom BW;114.3 - Heldenfingen (Gerstetten);DETGE-MFG-001
LOC10785;Gerstetten;Heldenfingen;Raiffeisenstraße;15;-;-;579125.49;5384248.0;1;0;grün;HLDFG-HA1x10rt-ws-RVT06-01-013;HLDFG-RVT-06;rot / weiß;1-2;12 F (1x12);2;HLDFG-RVT-06;127-128;288 F (24x12);HLDFG-MFG-001;-;NetCom BW;114.3 - Heldenfingen (Gerstetten);DETGE-MFG-001
LOC10822;Gerstetten;Heldenfingen;Rüblinger Straße;34;-;-;578918.67;5384310.0;1;0;rot;HLDFG-HA1x10rs-RVT07-04-012;HLDFG-RVT-07;rosa;1-2;12 F (1x12);2;HLDFG-RVT-07;127-128;288 F (24x12);HLDFG-MFG-001;-;NetCom BW;114.3 - Heldenfingen (Gerstetten);DETGE-MFG-001
LOC10565;Gerstetten;Heldenfingen;Felsenstraße;13;-;-;578924.57;5384294.0;1;0;rot;HLDFG-HA1x10vi-RVT07-04-08;HLDFG-RVT-07;violett;1-2;12 F (1x12);2;HLDFG-RVT-07;129-130;288 F (24x12);HLDFG-MFG-001;-;NetCom BW;114.3 - Heldenfingen (Gerstetten);DETGE-MFG-001
LOC10682;Gerstetten;Heldenfingen;Kornblumenweg;6;-;-;579120.99;5384546.0;1;0;orange;HLDFG-HA1x10gr-RVT08-02-06;HLDFG-RVT-08;grau;1-2;12 F (1x12);2;HLDFG-RVT-08;129-130;288 F (24x12);HLDFG-MFG-001;-;NetCom BW;114.3 - Heldenfingen (Gerstetten);DETGE-MFG-001
LOC10718;Gerstetten;Heldenfingen;Max-Eyth-Straße;33;-;-;578466.36;5383989.0;1;0;grün;HLDFG-HA1x10vi-RVT03-01-08;HLDFG-RVT-03;violett;1-2;12 F (1x12);2;HLDFG-RVT-03;129-130;288 F (24x12);HLDFG-MFG-001;-;NetCom BW;114.3 - Heldenfingen (Gerstetten);DETGE-MFG-001
LOC10745;Gerstetten;Heldenfingen;Molkereistraße;30;-;-;578789.03;5384149.0;1;0;orange;HLDFG-HA1x10ws-RVT05-02-05;HLDFG-RVT-05;weiß;1-2;12 F (1x12);2;HLDFG-RVT-05;129-130;288 F (24x12);HLDFG-MFG-001;-;NetCom BW;114.3 - Heldenfingen (Gerstetten);DETGE-MFG-001
LOC10864;Gerstetten;Heldenfingen;Untere Hirschstraße;27;-;-;579045.62;5384224.0;1;0;grün;HLDFG-HA1x10br-RVT06-01-07;HLDFG-RVT-06;braun;1-2;12 F (1x12);2;HLDFG-RVT-06;129-130;288 F (24x12);HLDFG-MFG-001;-;NetCom BW;114.3 - Heldenfingen (Gerstetten);DETGE-MFG-001
LOC10590;Gerstetten;Heldenfingen;Friedhofstraße;11;-;-;578794.82;5384036.0;1;0;rot;HLDFG-HA1x10br-RVT05-03-07;HLDFG-RVT-05;braun;1-2;12 F (1x12);2;HLDFG-RVT-05;131-132;288 F (24x12);HLDFG-MFG-001;-;NetCom BW;114.3 - Heldenfingen (Gerstetten);DETGE-MFG-001
LOC10667;Gerstetten;Heldenfingen;Kliffstraße;8;-;-;579144.98;5384175.0;1;0;rot;HLDFG-HA1x10vi-RVT06-03-08;HLDFG-RVT-06;violett;1-2;12 F (1x12);2;HLDFG-RVT-06;131-132;288 F (24x12);HLDFG-MFG-001;-;NetCom BW;114.3 - Heldenfingen (Gerstetten);DETGE-MFG-001
LOC10731;Gerstetten;Heldenfingen;Molkereistraße;7;-;-;578576.51;5384101.0;1;0;rot;HLDFG-HA1x10ge-RVT02-03-04;HLDFG-RVT-02;gelb;1-2;12 F (1x12);2;HLDFG-RVT-02;131-132;288 F (24x12);HLDFG-MFG-001;-;NetCom BW;114.3 - Heldenfingen (Gerstetten);DETGE-MFG-001
LOC10759;Gerstetten;Heldenfingen;Obere Hirschstraße;1;-;-;578977.05;5384249.0;1;0;orange;HLDFG-HA1x10ge-RVT07-02-04;HLDFG-RVT-07;gelb;1-2;12 F (1x12);2;HLDFG-RVT-07;131-132;288 F (24x12);HLDFG-MFG-001;-;NetCom BW;114.3 - Heldenfingen (Gerstetten);DETGE-MFG-001
LOC10581;Gerstetten;Heldenfingen;Flurstraße;6;-;-;578923.77;5384015.0;1;0;grün;HLDFG-HA1x10gn-ws-RVT05-01-014;HLDFG-RVT-05;grün / weiß;1-2;12 F (1x12);2;HLDFG-RVT-05;133-134;288 F (24x12);HLDFG-MFG-001;-;NetCom BW;114.3 - Heldenfingen (Gerstetten);DETGE-MFG-001
LOC10604;Gerstetten;Heldenfingen;Heuchlinger Straße;4;-;-;578681.47;5384008.0;1;0;grün;HLDFG-HA1x10sw-RVT02-01-010;HLDFG-RVT-02;schwarz;1-2;12 F (1x12);2;HLDFG-RVT-02;133-134;288 F (24x12);HLDFG-MFG-001;-;NetCom BW;114.3 - Heldenfingen (Gerstetten);DETGE-MFG-001
LOC10499;Gerstetten;Heldenfingen;Breite Straße;12;-;-;578644.28;5384286.0;1;0;orange;HLDFG-HA1x10gr-RVT02-04-06;HLDFG-RVT-02;grau;1-2;12 F (1x12);2;HLDFG-RVT-02;135-136;288 F (24x12);HLDFG-MFG-001;-;NetCom BW;114.3 - Heldenfingen (Gerstetten);DETGE-MFG-001
LOC10578;Gerstetten;Heldenfingen;Flurstraße;2;-;-;578957.96;5384084.0;1;0;grün;HLDFG-HA1x10br-ws-RVT05-01-019;HLDFG-RVT-05;braun / weiß;1-2;12 F (1x12);2;HLDFG-RVT-05;135-136;288 F (24x12);HLDFG-MFG-001;-;NetCom BW;114.3 - Heldenfingen (Gerstetten);DETGE-MFG-001
LOC10523;Gerstetten;Heldenfingen;Dettinger Weg;3;-;-;578984.35;5384111.0;1;0;grün;HLDFG-HA1x10gr-RVT05-04-06;HLDFG-RVT-05;grau;1-2;12 F (1x12);2;HLDFG-RVT-05;137-138;288 F (24x12);HLDFG-MFG-001;-;NetCom BW;114.3 - Heldenfingen (Gerstetten);DETGE-MFG-001
LOC10732;Gerstetten;Heldenfingen;Molkereistraße;11;-;-;578598.4;5384111.0;1;0;rot;HLDFG-HA1x10ws-RVT02-03-05;HLDFG-RVT-02;weiß;1-2;12 F (1x12);2;HLDFG-RVT-02;137-138;288 F (24x12);HLDFG-MFG-001;-;NetCom BW;114.3 - Heldenfingen (Gerstetten);DETGE-MFG-001
LOC10725;Gerstetten;Heldenfingen;Mittlere Dorfstraße;9;-;-;578658.08;5384105.0;1;0;rot;HLDFG-HA1x10br-RVT02-03-07;HLDFG-RVT-02;braun;1-2;12 F (1x12);2;HLDFG-RVT-02;139-140;288 F (24x12);HLDFG-MFG-001;-;NetCom BW;114.3 - Heldenfingen (Gerstetten);DETGE-MFG-001
LOC10756;Gerstetten;Heldenfingen;Molkereistraße;48;-;-;578920.17;5384114.0;1;0;grün;HLDFG-HA1x10or-RVT05-01-011;HLDFG-RVT-05;orange;1-2;12 F (1x12);2;HLDFG-RVT-05;139-140;288 F (24x12);HLDFG-MFG-001;-;NetCom BW;114.3 - Heldenfingen (Gerstetten);DETGE-MFG-001
LOC10596;Gerstetten;Heldenfingen;Friedhofstraße;19;-;-;578893.48;5384094.0;1;0;rot;HLDFG-HA1x10ge-ws-RVT05-03-016;HLDFG-RVT-05;gelb / weiß;1-2;12 F (1x12);2;HLDFG-RVT-05;141-142;288 F (24x12);HLDFG-MFG-001;-;NetCom BW;114.3 - Heldenfingen (Gerstetten);DETGE-MFG-001
LOC10601;Gerstetten;Heldenfingen;Heuchlinger Straße;1;-;-;578683.87;5384025.0;1;0;grün;HLDFG-HA1x10gr-ws-RVT02-01-018;HLDFG-RVT-02;grau / weiß;1-2;12 F (1x12);2;HLDFG-RVT-02;141-142;288 F (24x12);HLDFG-MFG-001;-;NetCom BW;114.3 - Heldenfingen (Gerstetten);DETGE-MFG-001
LOC10584;Gerstetten;Heldenfingen;Friedhofstraße;1;-;-;578735.55;5384014.0;1;0;rot;HLDFG-HA1x10gn-RVT05-03-02;HLDFG-RVT-05;grün;1-2;12 F (1x12);2;HLDFG-RVT-05;143-144;288 F (24x12);HLDFG-MFG-001;-;NetCom BW;114.3 - Heldenfingen (Gerstetten);DETGE-MFG-001
LOC10657;Gerstetten;Heldenfingen;Kastanienweg;14;-;-;578715.56;5384496.0;1;0;grün;HLDFG-HA1x10rt-RVT01-02-01;HLDFG-RVT-01;rot;1-2;12 F (1x12);2;HLDFG-RVT-01;95-96;288 F (24x12);HLDFG-MFG-001;-;NetCom BW;114.3 - Heldenfingen (Gerstetten);DETGE-MFG-001
LOC10649;Gerstetten;Heldenfingen;Kastanienweg;6;-;-;578820.31;5384469.0;1;0;grün;HLDFG-HA1x10rt-ws-RVT01-02-013;HLDFG-RVT-01;rot / weiß;1-2;12 F (1x12);2;HLDFG-RVT-01;97-98;288 F (24x12);HLDFG-MFG-001;-;NetCom BW;114.3 - Heldenfingen (Gerstetten);DETGE-MFG-001
LOC10646;Gerstetten;Heldenfingen;Kastanienweg;3;-;-;578838.71;5384433.0;1;0;grün;HLDFG-HA1x10bl-ws-RVT01-02-015;HLDFG-RVT-01;blau / weiß;1-2;12 F (1x12);2;HLDFG-RVT-01;99-100;288 F (24x12);HLDFG-MFG-001;-;NetCom BW;114.3 - Heldenfingen (Gerstetten);DETGE-MFG-001
LOC10457;Gerstetten;Heldenfingen;Altheimer Weg;101;-;-;;;1;0;;;;;1-2;;2;;;288 F (24x12);HLDFG-MFG-001;-;NetCom BW;114.3 - Heldenfingen (Gerstetten);DETGE-MFG-001
LOC10458;Gerstetten;Heldenfingen;Altheimer Weg;102;-;-;;;1;0;;;;;1-2;;2;;;288 F (24x12);HLDFG-MFG-001;-;NetCom BW;114.3 - Heldenfingen (Gerstetten);DETGE-MFG-001
LOC10459;Gerstetten;Heldenfingen;Am Schafhof;1;-;-;;;1;0;;;;;1-2;;2;;;288 F (24x12);HLDFG-MFG-001;-;NetCom BW;114.3 - Heldenfingen (Gerstetten);DETGE-MFG-001
LOC10466;Gerstetten;Heldenfingen;Anemonenweg;8;-;-;579048.62;5384598.0;1;0;grün;HLDFG-HA1x10rt-RVT08-05-01;HLDFG-RVT-08;rot;1-2;12 F (1x12);2;HLDFG-RVT-08;;288 F (24x12);HLDFG-MFG-001;-;NetCom BW;114.3 - Heldenfingen (Gerstetten);DETGE-MFG-001
LOC10468;Gerstetten;Heldenfingen;Austernweg;1;-;-;579201.16;5384093.0;1;0;orange;HLDFG-HA1x10ws-RVT06-04-05;HLDFG-RVT-06;weiß;1-2;12 F (1x12);2;HLDFG-RVT-06;;288 F (24x12);HLDFG-MFG-001;-;NetCom BW;114.3 - Heldenfingen (Gerstetten);DETGE-MFG-001
LOC10474;Gerstetten;Heldenfingen;Austernweg;16;-;-;579270.53;5384275.0;1;0;rot;HLDFG-HA1x10rt-RVT06-03-01;HLDFG-RVT-06;rot;1-2;12 F (1x12);2;HLDFG-RVT-06;;288 F (24x12);HLDFG-MFG-001;-;NetCom BW;114.3 - Heldenfingen (Gerstetten);DETGE-MFG-001
LOC10520;Gerstetten;Heldenfingen;Burrenweg;5;-;-;578950.46;5384192.0;1;0;grün;HLDFG-HA1x10rt-RVT05-01-01;HLDFG-RVT-05;rot;1-2;12 F (1x12);2;HLDFG-RVT-05;;288 F (24x12);HLDFG-MFG-001;-;NetCom BW;114.3 - Heldenfingen (Gerstetten);DETGE-MFG-001
LOC10524;Gerstetten;Heldenfingen;Dettinger Weg;4;-;-;578984.35;5384088.0;1;0;grün;HLDFG-HA1x10rt-RVT06-02-01;HLDFG-RVT-06;rot;1-2;12 F (1x12);2;HLDFG-RVT-06;;288 F (24x12);HLDFG-MFG-001;-;NetCom BW;114.3 - Heldenfingen (Gerstetten);DETGE-MFG-001
LOC10541;Gerstetten;Heldenfingen;Dettinger Weg;32;-;-;579196.96;5384044.0;1;0;grün;HLDFG-HA1x10rt-ws-RVT06-02-013;HLDFG-RVT-06;rot / weiß;1-2;12 F (1x12);2;HLDFG-RVT-06;;288 F (24x12);HLDFG-MFG-001;-;NetCom BW;114.3 - Heldenfingen (Gerstetten);DETGE-MFG-001
LOC10546;Gerstetten;Heldenfingen;Elsternweg;10;-;-;578868.59;5383582.0;1;0;orange;HLDFG-HA1x10rt-RVT04-02-01;HLDFG-RVT-04;rot;1-2;12 F (1x12);2;HLDFG-RVT-04;;288 F (24x12);HLDFG-MFG-001;-;NetCom BW;114.3 - Heldenfingen (Gerstetten);DETGE-MFG-001
LOC10583;Gerstetten;Heldenfingen;Flurstraße;13;-;-;578939.27;5383947.0;1;0;grün;HLDFG-HA1x10rs-RVT05-01-012;HLDFG-RVT-05;rosa;1-2;12 F (1x12);2;HLDFG-RVT-05;;288 F (24x12);HLDFG-MFG-001;-;NetCom BW;114.3 - Heldenfingen (Gerstetten);DETGE-MFG-001
LOC10585;Gerstetten;Heldenfingen;Friedhofstraße;3;-;-;578737.05;5384008.0;1;0;rot;HLDFG-HA1x10rt-RVT05-03-01;HLDFG-RVT-05;rot;1-2;12 F (1x12);2;HLDFG-RVT-05;;288 F (24x12);HLDFG-MFG-001;-;NetCom BW;114.3 - Heldenfingen (Gerstetten);DETGE-MFG-001
LOC10600;Gerstetten;Heldenfingen;Halde;3;-;-;579200.06;5384322.0;1;0;grün;HLDFG-HA1x10ge-ws-RVT06-01-016;HLDFG-RVT-06;gelb / weiß;1-2;12 F (1x12);2;HLDFG-RVT-06;;288 F (24x12);HLDFG-MFG-001;-;NetCom BW;114.3 - Heldenfingen (Gerstetten);DETGE-MFG-001
LOC10603;Gerstetten;Heldenfingen;Heuchlinger Straße;3;-;-;578711.46;5384014.0;1;0;grün;HLDFG-HA1x10tk-RVT02-01-09;HLDFG-RVT-02;türkis;1-2;12 F (1x12);2;HLDFG-RVT-02;69-70;288 F (24x12);HLDFG-MFG-001;-;NetCom BW;114.3 - Heldenfingen (Gerstetten);DETGE-MFG-001
LOC10684;Gerstetten;Heldenfingen;Kornblumenweg;8;-;-;579125.49;5384573.0;1;0;orange;HLDFG-HA1x10gn-RVT08-02-02;HLDFG-RVT-08;grün;1-2;12 F (1x12);2;HLDFG-RVT-08;;288 F (24x12);HLDFG-MFG-001;-;NetCom BW;114.3 - Heldenfingen (Gerstetten);DETGE-MFG-001
LOC10696;Gerstetten;Heldenfingen;Lindenhöfe;1;-;-;;;1;0;;;;;1-2;;2;;;288 F (24x12);HLDFG-MFG-001;-;NetCom BW;114.3 - Heldenfingen (Gerstetten);DETGE-MFG-001
LOC10697;Gerstetten;Heldenfingen;Lindenhöfe;2;-;-;;;1;0;;;;;1-2;;2;;;288 F (24x12);HLDFG-MFG-001;-;NetCom BW;114.3 - Heldenfingen (Gerstetten);DETGE-MFG-001
LOC10698;Gerstetten;Heldenfingen;Lindenhöfe;3;-;-;;;1;0;;;;;1-2;;2;;;288 F (24x12);HLDFG-MFG-001;-;NetCom BW;114.3 - Heldenfingen (Gerstetten);DETGE-MFG-001
LOC10700;Gerstetten;Heldenfingen;Max-Eyth-Straße;3;-;-;578625.39;5384017.0;1;0;grün;HLDFG-HA1x10bl-ws-RVT02-01-015;HLDFG-RVT-02;blau / weiß;1-2;12 F (1x12);2;HLDFG-RVT-02;123-124;288 F (24x12);HLDFG-MFG-001;-;NetCom BW;114.3 - Heldenfingen (Gerstetten);DETGE-MFG-001
LOC10703;Gerstetten;Heldenfingen;Max-Eyth-Straße;6;-;-;578623.09;5384038.0;1;0;grün;HLDFG-HA1x10rt-RVT03-04-01;HLDFG-RVT-03;rot;1-2;12 F (1x12);2;HLDFG-RVT-03;;288 F (24x12);HLDFG-MFG-001;-;NetCom BW;114.3 - Heldenfingen (Gerstetten);DETGE-MFG-001
LOC10736;Gerstetten;Heldenfingen;Molkereistraße;19;-;-;578712.46;5384163.0;1;0;orange;HLDFG-HA1x10gr-RVT05-02-06;HLDFG-RVT-05;grau;1-2;12 F (1x12);2;HLDFG-RVT-05;;288 F (24x12);HLDFG-MFG-001;-;NetCom BW;114.3 - Heldenfingen (Gerstetten);DETGE-MFG-001
LOC10748;Gerstetten;Heldenfingen;Molkereistraße;34;-;-;578802.92;5384109.0;2;0;orange;HLDFG-HA1x10or-RVT05-02-011;HLDFG-RVT-05;orange;1-4;12 F (1x12);4;HLDFG-RVT-05;;288 F (24x12);HLDFG-MFG-001;-;NetCom BW;114.3 - Heldenfingen (Gerstetten);DETGE-MFG-001
LOC10753;Gerstetten;Heldenfingen;Molkereistraße;45;-;-;578932.67;5384133.0;1;0;grün;HLDFG-HA1x10rt-RVT05-05-01;HLDFG-RVT-05;rot;1-2;12 F (1x12);2;HLDFG-RVT-05;;288 F (24x12);HLDFG-MFG-001;-;NetCom BW;114.3 - Heldenfingen (Gerstetten);DETGE-MFG-001
LOC10758;Gerstetten;Heldenfingen;Muschelweg;4;-;-;579235.75;5384280.0;1;0;grün;HLDFG-HA1x10gn-ws-RVT06-01-014;HLDFG-RVT-06;grün / weiß;1-2;12 F (1x12);2;HLDFG-RVT-06;;288 F (24x12);HLDFG-MFG-001;-;NetCom BW;114.3 - Heldenfingen (Gerstetten);DETGE-MFG-001
LOC10762;Gerstetten;Heldenfingen;Obere Hirschstraße;11;-;-;579063.92;5384259.0;1;0;orange;HLDFG-HA1x10rt-RVT07-02-01;HLDFG-RVT-07;rot;1-2;12 F (1x12);2;HLDFG-RVT-07;;288 F (24x12);HLDFG-MFG-001;-;NetCom BW;114.3 - Heldenfingen (Gerstetten);DETGE-MFG-001
LOC10765;Gerstetten;Heldenfingen;Pfarrgasse;5;-;-;578686.27;5383979.0;1;0;grün;HLDFG-HA1x10br-RVT02-01-07;HLDFG-RVT-02;braun;1-2;12 F (1x12);2;HLDFG-RVT-02;127-128;288 F (24x12);HLDFG-MFG-001;-;NetCom BW;114.3 - Heldenfingen (Gerstetten);DETGE-MFG-001
LOC10766;Gerstetten;Heldenfingen;Pfarrgasse;6;-;-;578648.28;5383972.0;1;0;grün;HLDFG-HA1x10or-RVT02-01-011;HLDFG-RVT-02;orange;1-2;12 F (1x12);2;HLDFG-RVT-02;129-130;288 F (24x12);HLDFG-MFG-001;-;NetCom BW;114.3 - Heldenfingen (Gerstetten);DETGE-MFG-001
LOC10767;Gerstetten;Heldenfingen;Pfarrgasse;11;-;-;;;1;0;;;;;1-2;12 F (1x12);2;;;288 F (24x12);HLDFG-MFG-001;-;NetCom BW;114.3 - Heldenfingen (Gerstetten);DETGE-MFG-001
LOC10774;Gerstetten;Heldenfingen;Rabenweg;8;-;-;578793.52;5383725.0;1;0;grün;HLDFG-HA1x10bl-RVT04-01-03;HLDFG-RVT-04;blau;1-2;12 F (1x12);2;HLDFG-RVT-04;;288 F (24x12);HLDFG-MFG-001;-;NetCom BW;114.3 - Heldenfingen (Gerstetten);DETGE-MFG-001
LOC10775;Gerstetten;Heldenfingen;Rabenweg;9;-;-;578812.62;5383689.0;1;0;grün;HLDFG-HA1x10rt-RVT04-01-01;HLDFG-RVT-04;rot;1-2;12 F (1x12);2;HLDFG-RVT-04;;288 F (24x12);HLDFG-MFG-001;-;NetCom BW;114.3 - Heldenfingen (Gerstetten);DETGE-MFG-001
LOC10777;Gerstetten;Heldenfingen;Raiffeisenstraße;4;-;-;579027.73;5384157.0;1;0;grün;HLDFG-HA1x10rt-RVT05-04-01;HLDFG-RVT-05;rot;1-2;12 F (1x12);2;HLDFG-RVT-05;;288 F (24x12);HLDFG-MFG-001;-;NetCom BW;114.3 - Heldenfingen (Gerstetten);DETGE-MFG-001
LOC10788;Gerstetten;Heldenfingen;Ringstraße;9;-;-;579063.12;5384364.0;1;0;blau;HLDFG-HA1x10gr-RVT08-04-06;HLDFG-RVT-08;grau;1-2;12 F (1x12);2;HLDFG-RVT-08;;288 F (24x12);HLDFG-MFG-001;-;NetCom BW;114.3 - Heldenfingen (Gerstetten);DETGE-MFG-001
LOC10797;Gerstetten;Heldenfingen;Rüblinger Hof;1;-;-;;;1;0;;;;;1-2;;2;;;288 F (24x12);HLDFG-MFG-001;-;NetCom BW;114.3 - Heldenfingen (Gerstetten);DETGE-MFG-001
LOC10798;Gerstetten;Heldenfingen;Rüblinger Hof;2;-;-;;;1;0;;;;;1-2;;2;;;288 F (24x12);HLDFG-MFG-001;-;NetCom BW;114.3 - Heldenfingen (Gerstetten);DETGE-MFG-001
LOC10799;Gerstetten;Heldenfingen;Rüblinger Hof;4;-;-;;;1;0;;;;;1-2;;2;;;288 F (24x12);HLDFG-MFG-001;-;NetCom BW;114.3 - Heldenfingen (Gerstetten);DETGE-MFG-001
LOC10800;Gerstetten;Heldenfingen;Rüblinger Hof;5;-;-;;;1;0;;;;;1-2;;2;;;288 F (24x12);HLDFG-MFG-001;-;NetCom BW;114.3 - Heldenfingen (Gerstetten);DETGE-MFG-001
LOC10802;Gerstetten;Heldenfingen;Rüblinger Straße;3;-;-;578678.67;5384192.0;1;0;rot;HLDFG-HA1x10rs-RVT02-03-012;HLDFG-RVT-02;rosa;1-2;12 F (1x12);2;HLDFG-RVT-02;101-102;288 F (24x12);HLDFG-MFG-001;-;NetCom BW;114.3 - Heldenfingen (Gerstetten);DETGE-MFG-001
LOC10810;Gerstetten;Heldenfingen;Rüblinger Straße;17;-;-;578759.34;5384281.0;1;0;grün;HLDFG-HA1x10rs-RVT02-02-012;HLDFG-RVT-02;rosa;1-2;12 F (1x12);2;HLDFG-RVT-02;97-98;288 F (24x12);HLDFG-MFG-001;-;NetCom BW;114.3 - Heldenfingen (Gerstetten);DETGE-MFG-001
LOC10814;Gerstetten;Heldenfingen;Rüblinger Straße;21;-;-;578805.92;5384282.0;1;0;grün;HLDFG-HA1x10bl-RVT02-02-03;HLDFG-RVT-02;blau;1-2;12 F (1x12);2;HLDFG-RVT-02;115-116;288 F (24x12);HLDFG-MFG-001;-;NetCom BW;114.3 - Heldenfingen (Gerstetten);DETGE-MFG-001
LOC10817;Gerstetten;Heldenfingen;Rüblinger Straße;25;-;-;578838.81;5384295.0;1;0;grün;HLDFG-HA1x10rt-RVT07-03-01;HLDFG-RVT-07;rot;1-2;12 F (1x12);2;HLDFG-RVT-07;-;288 F (24x12);HLDFG-MFG-001;-;NetCom BW;114.3 - Heldenfingen (Gerstetten);DETGE-MFG-001
LOC10828;Gerstetten;Heldenfingen;Rüblinger Straße;40;-;-;578956.16;5384369.0;1;0;grün;HLDFG-HA1x10rt-RVT08-01-01;HLDFG-RVT-08;rot;1-2;12 F (1x12);2;HLDFG-RVT-08;-;288 F (24x12);HLDFG-MFG-001;-;NetCom BW;114.3 - Heldenfingen (Gerstetten);DETGE-MFG-001
LOC10844;Gerstetten;Heldenfingen;Rüblinger Straße;65;-;-;578920.57;5384629.0;1;0;grün;HLDFG-HA1x10or-RVT08-01-011;HLDFG-RVT-08;orange;1-2;12 F (1x12);2;HLDFG-RVT-08;-;288 F (24x12);HLDFG-MFG-001;-;NetCom BW;114.3 - Heldenfingen (Gerstetten);DETGE-MFG-001
LOC10850;Gerstetten;Heldenfingen;Sonnenhalde;3;-;-;578881.99;5384212.0;1;0;orange;HLDFG-HA1x10sw-RVT07-02-010;HLDFG-RVT-07;schwarz;1-2;12 F (1x12);2;HLDFG-RVT-07;-;288 F (24x12);HLDFG-MFG-001;-;NetCom BW;114.3 - Heldenfingen (Gerstetten);DETGE-MFG-001
LOC10853;Gerstetten;Heldenfingen;Untere Hirschstraße;7;-;-;578910.78;5384257.0;1;0;orange;HLDFG-HA1x10bl-ws-RVT07-02-015;HLDFG-RVT-07;blau / weiß;1-2;12 F (1x12);2;HLDFG-RVT-07;-;288 F (24x12);HLDFG-MFG-001;-;NetCom BW;114.3 - Heldenfingen (Gerstetten);DETGE-MFG-001
LOC10861;Gerstetten;Heldenfingen;Untere Hirschstraße;20;-;-;578990.35;5384215.0;1;0;orange;HLDFG-HA1x10gr-RVT07-02-06;HLDFG-RVT-07;grau;1-2;12 F (1x12);2;HLDFG-RVT-07;-;288 F (24x12);HLDFG-MFG-001;-;NetCom BW;114.3 - Heldenfingen (Gerstetten);DETGE-MFG-001
