Projekt;Auftraggeber;zuständig;Hausanschlusslänge inklusive;COM_ADRESS_ID;PLZ;ORT;ORTSTEIL;STRASSE;HAUSNR;HAUSNR_ZUSATZ;ANSCHLUSSNR;FLURSTUECK;RECHTSWERT;HOCHWERT;WOHN_EINHEITEN;GEW_EINHEITEN;INST_EINHEITEN;HA_PL_DATUM;HA_GF_DATUM;HA_MIKROROHR;HA_STATUS;HA_DATUM;RV_FARBE;RV_NAME;RVT_NAME;APL_HERSTELLER;APL_TYP;APL_STECKERTYP;APL_AUFGELEGT;HA_KABELTYP;HA_KABELFASERN;HA_KABEL_LAENGE;HA_KABEL_SPLEISS;KVT_NAME;KVT_DATUM;KVT_KASSETTE;KVT_KASSETTE_SEITE;ODF_KABELTYP;ODF_KABELFASERN;ODF_SPLEISS;ODF_SPLEISS_2;POP_NETCOM;POP_GEMEINDE;HOEHENEINHEIT;HE_RICHTUNG;RACK;ODF_STECKERTYP;SLOT;PORT;PORT_2;DAEMPFUNG;DAEMPFUNG_DATUM;BEMERKUNG;DATENEINGABE
117 - Scheidegg ;NetCom BW;117 - Scheidegg ;15.0;AFBFCCA7468A9F6A3150F2D21A54BDA2;88175;Scheidegg, im Allgäu;Ablers;Ablers;2;;1;;;;;;;;;;;;;;;;;;;;;;;;;;;;;;;;;;;;;;;;;;;
;;;;701106C62824F3AE8D60F982A52FD564;88175;Scheidegg, im Allgäu;Ablers;Ablers;3;;1;;;;;;;;;;;;;;;;;;;;;;;;;;;;;;;;;;;;;;;;;;;
;;;;C8CF4C4FCE90EC40096EBDDE6748FA7F;88175;Scheidegg, im Allgäu;Ablers;Ablers;4;;1;;;;;;;;;;;;;;;;;;;;;;;;;;;;;;;;;;;;;;;;;;;
;;;;59DDAF36EBAACFCAF9FB4E6A1E44236C;88175;Scheidegg, im Allgäu;Ablers;Ablers;7;;1;;;;;;;;;;;;;;;;;;;;;;;;;;;;;;;;;;;;;;;;;;;
;;;;8FFCB9DBEBF3E2513E6CA53C1CFB83B9;88175;Scheidegg, im Allgäu;Ablers;Ablers;9;;1;;;;;;;;;;;;;;;;;;;;;;;;;;;;;;;;;;;;;;;;;;;
;;;;5B593C10EF53EEAA5CF3ED271ACC25F9;88175;Scheidegg, im Allgäu;Ablers;Ablers;12;;1;;;;;;;;;;;;;;;;;;;;;;;;;;;;;;;;;;;;;;;;;;;
;;;;99E9FEE919A900A3C4699E0B88416FAC;88175;Scheidegg, im Allgäu;Ablers;Ablers;16;;1;;;;;;;;;;;;;;;;;;;;;;;;;;;;;;;;;;;;;;;;;;;
;;;;E08A2BDC755241F8B00E367EDBF43BE2;88175;Scheidegg, im Allgäu;Aizenreute;Aizenreute;60;/1/2;1;;;;;;;;;;;;;;;;;;;;;;;;;;;;;;;;;;;;;;;;;;;
;;;;34DBBA668F5DF42C5C795CBBCD701B68;88175;Scheidegg, im Allgäu;Aizenreute;Aizenreute;60;;1;;;;;;;;;;;;;;;;;;;;;;;;;;;;;;;;;;;;;;;;;;;
;;;;4BA980956A58D40E34369F476F6CBA28;88175;Scheidegg, im Allgäu;Aizenreute;Aizenreute;60;/1/3;1;;;;;;;;;;;;;;;;;;;;;;;;;;;;;;;;;;;;;;;;;;;
;;;;7E4B4C72C499931BA99535D88314BD3B;88175;Scheidegg, im Allgäu;Aizenreute;Aizenreute;61;;1;;;;;;;;;;;;;;;;;;;;;;;;;;;;;;;;;;;;;;;;;;;
;;;;7126F1F06DE471FCE74742B73E7025D5;88175;Scheidegg, im Allgäu;Allmannsried;Allmannsried;4;;1;;;;;;;;;;;;;;;;;;;;;;;;;;;;;;;;;;;;;;;;;;;
;;;;3B279A863ED2E5C16F5608460A1A6F0F;88175;Scheidegg, im Allgäu;Allmannsried;Allmannsried;8;;1;;;;;;;;;;;;;;;;;;;;;;;;;;;;;;;;;;;;;;;;;;;
;;;;175C19E817836544A083A63D1E1C4B8B;88175;Scheidegg, im Allgäu;Allmannsried;Allmannsried;10;;1;;;;;;;;;;;;;;;;;;;;;;;;;;;;;;;;;;;;;;;;;;;
;;;;22B829F3C04A9414A1EB4B16AE456A09;88175;Scheidegg, im Allgäu;Allmannsried;Allmannsried;14;;1;;;;;;;;;;;;;;;;;;;;;;;;;;;;;;;;;;;;;;;;;;;
;;;;F369557EB59A167E02030AE5F0ADBB25;88175;Scheidegg, im Allgäu;Allmannsried;Allmannsried;15;;1;;;;;;;;;;;;;;;;;;;;;;;;;;;;;;;;;;;;;;;;;;;
;;;;FF14798CD6684145707EEF65180C7A7D;88175;Scheidegg, im Allgäu;Allmannsried;Allmannsried;18;;1;;;;;;;;;;;;;;;;;;;;;;;;;;;;;;;;;;;;;;;;;;;
;;;;087A64F5730B8E8B3ADE96E8DCF1CA46;88175;Scheidegg, im Allgäu;Allmannsried;Allmannsried;24;;1;;;;;;;;;;;;;;;;;;;;;;;;;;;;;;;;;;;;;;;;;;;
;;;;0C97721CB4A9F369C232255E6FCCE130;88175;Scheidegg, im Allgäu;Allmannsried;Allmannsried;26;;1;;;;;;;;;;;;;;;;;;;;;;;;;;;;;;;;;;;;;;;;;;;
;;;;328DB27B58897E0197645A4F85EAAFE2;88175;Scheidegg, im Allgäu;Allmannsried;Allmannsried;28;;1;;;;;;;;;;;;;;;;;;;;;;;;;;;;;;;;;;;;;;;;;;;
;;;;F7899F6DE932C81C25066D40A3CADA13;88175;Scheidegg, im Allgäu;Allmannsried;Allmannsried;30;;1;;;;;;;;;;;;;;;;;;;;;;;;;;;;;;;;;;;;;;;;;;;
;;;;514D2060DB8FB27BBA7033F4838BDE4A;88175;Scheidegg, im Allgäu;Allmannsried;Allmannsried;31;;1;;;;;;;;;;;;;;;;;;;;;;;;;;;;;;;;;;;;;;;;;;;
;;;;D33D6BCD487C6AA2BD0DCBA3745B1378;88175;Scheidegg, im Allgäu;Allmannsried;Allmannsried;32;;1;;;;;;;;;;;;;;;;;;;;;;;;;;;;;;;;;;;;;;;;;;;
;;;;AA748E9311C73E3F71CC2832D07141C4;88175;Scheidegg, im Allgäu;Allmannsried;Allmannsried;33;;1;;;;;;;;;;;;;;;;;;;;;;;;;;;;;;;;;;;;;;;;;;;
;;;;5177F7B5827B3959F8010B719B5624FA;88175;Scheidegg, im Allgäu;Allmannsried;Allmannsried;34;;1;;;;;;;;;;;;;;;;;;;;;;;;;;;;;;;;;;;;;;;;;;;
;;;;DF9E8340923D60EFB9888CCD2EFD6D56;88175;Scheidegg, im Allgäu;Allmannsried;Allmannsried;36;;1;;;;;;;;;;;;;;;;;;;;;;;;;;;;;;;;;;;;;;;;;;;
;;;;ADC441A820F23065A1F318AED092C412;88175;Scheidegg, im Allgäu;Allmannsried;Allmannsried;38;;1;;;;;;;;;;;;;;;;;;;;;;;;;;;;;;;;;;;;;;;;;;;
;;;;B398366AB423A82D59ACD62ED7AE6025;88175;Scheidegg, im Allgäu;Allmannsried;Allmannsried;40;/A;1;;;;;;;;;;;;;;;;;;;;;;;;;;;;;;;;;;;;;;;;;;;
;;;;F3FF32B9F9316DBC8560941D54E90672;88175;Scheidegg, im Allgäu;Allmannsried;Allmannsried;40;;1;;;;;;;;;;;;;;;;;;;;;;;;;;;;;;;;;;;;;;;;;;;
;;;;D4F8CDBE6AEB7C439D1D3D1D4A9FE479;88175;Scheidegg, im Allgäu;Allmannsried;Allmannsried;42;;1;;;;;;;;;;;;;;;;;;;;;;;;;;;;;;;;;;;;;;;;;;;
;;;;34E07FF8022DDDFEF68D6C16E54F218C;88175;Scheidegg, im Allgäu;Allmannsried;Allmannsried;51;;1;;;;;;;;;;;;;;;;;;;;;;;;;;;;;;;;;;;;;;;;;;;
;;;;22641BBDD67F48291072AE103DA5E831;88175;Scheidegg, im Allgäu;Allmannsried;Allmannsried;61;;1;;;;;;;;;;;;;;;;;;;;;;;;;;;;;;;;;;;;;;;;;;;
;;;;05D536CF459D1777B775258518E105DF;88175;Scheidegg, im Allgäu;Bieslings;Bieslings;1;;1;;;;;;;;;;;;;;;;;;;;;;;;;;;;;;;;;;;;;;;;;;;
;;;;E00682908B0A76116CF81CE4D8217E44;88175;Scheidegg, im Allgäu;Bieslings;Bieslings;3;;1;;;;;;;;;;;;;;;;;;;;;;;;;;;;;;;;;;;;;;;;;;;
;;;;648D201FB25F0BBB91AADBD3F55653DD;88175;Scheidegg, im Allgäu;Bieslings;Bieslings;4;;1;;;;;;;;;;;;;;;;;;;;;;;;;;;;;;;;;;;;;;;;;;;
;;;;BE7035FFC426B9BF9BBBE17742A2D916;88175;Scheidegg, im Allgäu;Bieslings;Bieslings;5;;1;;;;;;;;;;;;;;;;;;;;;;;;;;;;;;;;;;;;;;;;;;;
;;;;F52ABB56D527CE4F2417CFE5B123F694;88175;Scheidegg, im Allgäu;Bieslings;Bieslings;7;;1;;;;;;;;;;;;;;;;;;;;;;;;;;;;;;;;;;;;;;;;;;;
;;;;827B1F9A6F21F8EC4C1AFE0A4B90FF28;88175;Scheidegg, im Allgäu;Bieslings;Bieslings;9;;1;;;;;;;;;;;;;;;;;;;;;;;;;;;;;;;;;;;;;;;;;;;
;;;;23293CDF9782A84179510F2CC85F5ADD;88175;Scheidegg, im Allgäu;Brand;Brand;51;;1;;;;;;;;;;;;;;;;;;;;;;;;;;;;;;;;;;;;;;;;;;;
;;;;1441414C79CDD5A7DAE272775D67B553;88175;Scheidegg, im Allgäu;Bronschwand;Bronschwand;2;;1;;;;;;;;;;;;;;;;;;;;;;;;;;;;;;;;;;;;;;;;;;;
;;;;6C3D31807796AAE9DD52608677DADC46;88175;Scheidegg, im Allgäu;Bronschwand;Bronschwand;4;;1;;;;;;;;;;;;;;;;;;;;;;;;;;;;;;;;;;;;;;;;;;;
;;;;11C9298DE0E5D99DF759FAF6957F7B28;88175;Scheidegg, im Allgäu;Bronschwand;Bronschwand;6;;1;;;;;;;;;;;;;;;;;;;;;;;;;;;;;;;;;;;;;;;;;;;
;;;;E5CAC19B900EC5F5B83FA34F6020B7F1;88175;Scheidegg, im Allgäu;Bronschwand;Bronschwand;8;;1;;;;;;;;;;;;;;;;;;;;;;;;;;;;;;;;;;;;;;;;;;;
;;;;2CC11E1B06F8BC86E7819008651BEF8D;88175;Scheidegg, im Allgäu;Bronschwand;Bronschwand;10;;1;;;;;;;;;;;;;;;;;;;;;;;;;;;;;;;;;;;;;;;;;;;
;;;;286D6FCF75494BF92ED7DAE1062FBBB5;88175;Scheidegg, im Allgäu;Buchenbühl;Oberbuchenbühl;121;/1/2;1;;;;;;;;;;;;;;;;;;;;;;;;;;;;;;;;;;;;;;;;;;;
;;;;546909B1D3F55D4455F8B9CE63D8563C;88175;Scheidegg, im Allgäu;Buchenbühl;Oberbuchenbühl;121;;1;;;;;;;;;;;;;;;;;;;;;;;;;;;;;;;;;;;;;;;;;;;
;;;;B63744F3FD57A8434D3E6E2B0D71C68E;88175;Scheidegg, im Allgäu;Buchenbühl;Oberbuchenbühl;123;;1;;;;;;;;;;;;;;;;;;;;;;;;;;;;;;;;;;;;;;;;;;;
;;;;2FA720D9AE52F9DFE057D39300B6E5C1;88175;Scheidegg, im Allgäu;Buflingsried;Am Großen Baum;1;;1;;;;;;;;;;;;;;;;;;;;;;;;;;;;;;;;;;;;;;;;;;;
;;;;AC4BC6E4FDFC335943452FE6E2BF4AC3;88175;Scheidegg, im Allgäu;Buflingsried;Am Großen Baum;1;/A;1;;;;;;;;;;;;;;;;;;;;;;;;;;;;;;;;;;;;;;;;;;;
;;;;81203359191FDE2B4B0EB17CF0A75A87;88175;Scheidegg, im Allgäu;Buflingsried;Am Großen Baum;3;;1;;;;;;;;;;;;;;;;;;;;;;;;;;;;;;;;;;;;;;;;;;;
;;;;54DBBD24703C2850BBCFA7E401DBE582;88175;Scheidegg, im Allgäu;Buflingsried;Am Großen Baum;5;;1;;;;;;;;;;;;;;;;;;;;;;;;;;;;;;;;;;;;;;;;;;;
;;;;41490EE1A79BD94BB69B2CDB125D235C;88175;Scheidegg, im Allgäu;Buflingsried;Am Großen Baum;7;;1;;;;;;;;;;;;;;;;;;;;;;;;;;;;;;;;;;;;;;;;;;;
;;;;94A613B70EAFEC5D58D0437D07EA830F;88175;Scheidegg, im Allgäu;Buflingsried;Buflingsried;1;;1;;;;;;;;;;;;;;;;;;;;;;;;;;;;;;;;;;;;;;;;;;;
;;;;6E8CA664CB6F51FA07759FCC2C4E5830;88175;Scheidegg, im Allgäu;Buflingsried;Buflingsried;1;/A;1;;;;;;;;;;;;;;;;;;;;;;;;;;;;;;;;;;;;;;;;;;;
;;;;4F6BB9096D4AE7A0888470F93ED79393;88175;Scheidegg, im Allgäu;Buflingsried;Buflingsried;4;;1;;;;;;;;;;;;;;;;;;;;;;;;;;;;;;;;;;;;;;;;;;;
;;;;E8A248BC85F179CE67AD1E5C55526936;88175;Scheidegg, im Allgäu;Buflingsried;Buflingsried;6;;1;;;;;;;;;;;;;;;;;;;;;;;;;;;;;;;;;;;;;;;;;;;
;;;;5583030DE3A06965864DFAD7BF755F6A;88175;Scheidegg, im Allgäu;Buflingsried;Buflingsried;8;;1;;;;;;;;;;;;;;;;;;;;;;;;;;;;;;;;;;;;;;;;;;;
;;;;CD40DE1304E2C1BD9A29220A1EF91BE5;88175;Scheidegg, im Allgäu;Buflingsried;Buflingsried;10;;1;;;;;;;;;;;;;;;;;;;;;;;;;;;;;;;;;;;;;;;;;;;
;;;;E20B9CB06EB6D70126D58EA95AF8B6B1;88175;Scheidegg, im Allgäu;Buflingsried;Buflingsried;12;;1;;;;;;;;;;;;;;;;;;;;;;;;;;;;;;;;;;;;;;;;;;;
;;;;837FBF4D2550EF8902D1CB0EA99C2664;88175;Scheidegg, im Allgäu;Bux;Bux;138;;1;;;;;;;;;;;;;;;;;;;;;;;;;;;;;;;;;;;;;;;;;;;
;;;;A6A1BCC89E879DF57E99472D0DA22092;88175;Scheidegg, im Allgäu;Bux;Bux;139;/A;1;;;;;;;;;;;;;;;;;;;;;;;;;;;;;;;;;;;;;;;;;;;
;;;;F3F967DB637CCB83D62BA35398B32D4F;88175;Scheidegg, im Allgäu;Bux;Bux;139;/B;1;;;;;;;;;;;;;;;;;;;;;;;;;;;;;;;;;;;;;;;;;;;
;;;;6FFA39C6BBC20F46F384975A0FB27496;88175;Scheidegg, im Allgäu;Bux;Bux;139;/C;1;;;;;;;;;;;;;;;;;;;;;;;;;;;;;;;;;;;;;;;;;;;
;;;;9200EB3CEC5EB9F9330AB42BC59E0228;88175;Scheidegg, im Allgäu;Bux;Bux;140;;1;;;;;;;;;;;;;;;;;;;;;;;;;;;;;;;;;;;;;;;;;;;
;;;;83D148B6ED4262605EB0D143833E0B54;88175;Scheidegg, im Allgäu;Bux;Bux;141;;1;;;;;;;;;;;;;;;;;;;;;;;;;;;;;;;;;;;;;;;;;;;
;;;;65D62ACA04010A3A4E012BA7756B98F4;88175;Scheidegg, im Allgäu;Bächlingen;Bächlingen;1;;1;;;;;;;;;;;;;;;;;;;;;;;;;;;;;;;;;;;;;;;;;;;
;;;;B603F0C2D501310E08551258B537D7F5;88175;Scheidegg, im Allgäu;Bächlingen;Bächlingen;3;;1;;;;;;;;;;;;;;;;;;;;;;;;;;;;;;;;;;;;;;;;;;;
;;;;D48195E154EE92E4AC8181DC09E20783;88175;Scheidegg, im Allgäu;Bächlingen;Bächlingen;5;;1;;;;;;;;;;;;;;;;;;;;;;;;;;;;;;;;;;;;;;;;;;;
;;;;404ABEAA3A5A55551790E7E7513790CA;88175;Scheidegg, im Allgäu;Bächlingen;Bächlingen;9;;1;;;;;;;;;;;;;;;;;;;;;;;;;;;;;;;;;;;;;;;;;;;
;;;;09133E115CABEB00383AEE0C238A9545;88175;Scheidegg, im Allgäu;Bärfallen;Bärfallen;116;/1/2;1;;;;;;;;;;;;;;;;;;;;;;;;;;;;;;;;;;;;;;;;;;;
;;;;8FE98A9D80EEA37DD7771773BB5CC3C8;88175;Scheidegg, im Allgäu;Bärfallen;Bärfallen;116;;1;;;;;;;;;;;;;;;;;;;;;;;;;;;;;;;;;;;;;;;;;;;
;;;;579EFBF9EDB5356D1FF641A416621A95;88175;Scheidegg, im Allgäu;Böserscheidegg;Böserscheidegg;1;;1;;;;;;;;;;;;;;;;;;;;;;;;;;;;;;;;;;;;;;;;;;;
;;;;D3B23891830A719A313640FFA2291152;88175;Scheidegg, im Allgäu;Böserscheidegg;Böserscheidegg;2;;1;;;;;;;;;;;;;;;;;;;;;;;;;;;;;;;;;;;;;;;;;;;
;;;;B502785C7C0F42F43E0282028E354150;88175;Scheidegg, im Allgäu;Böserscheidegg;Böserscheidegg;3;;1;;;;;;;;;;;;;;;;;;;;;;;;;;;;;;;;;;;;;;;;;;;
;;;;ABA717CB0032267EC066590F46D9CC65;88175;Scheidegg, im Allgäu;Böserscheidegg;Böserscheidegg;4;;1;;;;;;;;;;;;;;;;;;;;;;;;;;;;;;;;;;;;;;;;;;;
;;;;F3CCF28E8917551292CB0E15CDF7421E;88175;Scheidegg, im Allgäu;Böserscheidegg;Böserscheidegg;5;;1;;;;;;;;;;;;;;;;;;;;;;;;;;;;;;;;;;;;;;;;;;;
;;;;48CDF15B1A4F1DA2B9B0E3828087C4B9;88175;Scheidegg, im Allgäu;Böserscheidegg;Böserscheidegg;6;;1;;;;;;;;;;;;;;;;;;;;;;;;;;;;;;;;;;;;;;;;;;;
;;;;A1C58D32308CC3323DC9A25D1021DA90;88175;Scheidegg, im Allgäu;Böserscheidegg;Böserscheidegg;7;;1;;;;;;;;;;;;;;;;;;;;;;;;;;;;;;;;;;;;;;;;;;;
;;;;3A55BF2D5FB1DE9074C39D17DD1A9C1F;88175;Scheidegg, im Allgäu;Böserscheidegg;Böserscheidegg;8;;1;;;;;;;;;;;;;;;;;;;;;;;;;;;;;;;;;;;;;;;;;;;
;;;;B2F3D18C53995F52362F7C268E563952;88175;Scheidegg, im Allgäu;Böserscheidegg;Böserscheidegg;9;;1;;;;;;;;;;;;;;;;;;;;;;;;;;;;;;;;;;;;;;;;;;;
;;;;6ECBBBE55901AD4D8EC012EC4B85E3B2;88175;Scheidegg, im Allgäu;Böserscheidegg;Böserscheidegg;10;;1;;;;;;;;;;;;;;;;;;;;;;;;;;;;;;;;;;;;;;;;;;;
;;;;AF78E2FCE554EBFA376FF5C759823460;88175;Scheidegg, im Allgäu;Böserscheidegg;Böserscheidegg;11;;1;;;;;;;;;;;;;;;;;;;;;;;;;;;;;;;;;;;;;;;;;;;
;;;;9B2392123BC250FDCD26E66EE06CC501;88175;Scheidegg, im Allgäu;Böserscheidegg;Böserscheidegg;12;;1;;;;;;;;;;;;;;;;;;;;;;;;;;;;;;;;;;;;;;;;;;;
;;;;8C90EFE2CFF36F0EA4A9D56240557546;88175;Scheidegg, im Allgäu;Böserscheidegg;Böserscheidegg;13;/A;1;;;;;;;;;;;;;;;;;;;;;;;;;;;;;;;;;;;;;;;;;;;
;;;;78C09DF283D5053388CA815D2488F6EC;88175;Scheidegg, im Allgäu;Böserscheidegg;Böserscheidegg;13;/B;1;;;;;;;;;;;;;;;;;;;;;;;;;;;;;;;;;;;;;;;;;;;
;;;;A4E185CBF3015B6C3BED4612E18C34C4;88175;Scheidegg, im Allgäu;Böserscheidegg;Böserscheidegg;13;;1;;;;;;;;;;;;;;;;;;;;;;;;;;;;;;;;;;;;;;;;;;;
;;;;D3D743456FBFD1F0326DB2D51F385414;88175;Scheidegg, im Allgäu;Böserscheidegg;Böserscheidegg;14;;1;;;;;;;;;;;;;;;;;;;;;;;;;;;;;;;;;;;;;;;;;;;
;;;;43C4106D4436BBA0FCF3347CB3911BB5;88175;Scheidegg, im Allgäu;Böserscheidegg;Böserscheidegg;15;;1;;;;;;;;;;;;;;;;;;;;;;;;;;;;;;;;;;;;;;;;;;;
;;;;5D0DB9CA865424DB71408B3121EE6DEB;88175;Scheidegg, im Allgäu;Böserscheidegg;Böserscheidegg;16;;1;;;;;;;;;;;;;;;;;;;;;;;;;;;;;;;;;;;;;;;;;;;
;;;;8A8B2177E84EBE58ECE444C93D89B375;88175;Scheidegg, im Allgäu;Böserscheidegg;Böserscheidegg;17;;1;;;;;;;;;;;;;;;;;;;;;;;;;;;;;;;;;;;;;;;;;;;
;;;;F73D3AC9ADE6A8F52B6D464AA4E5532D;88175;Scheidegg, im Allgäu;Böserscheidegg;Böserscheidegg;18;;1;;;;;;;;;;;;;;;;;;;;;;;;;;;;;;;;;;;;;;;;;;;
;;;;0CB04EF46E9DACE634F79DB6077BA504;88175;Scheidegg, im Allgäu;Böserscheidegg;Böserscheidegg;19;;1;;;;;;;;;;;;;;;;;;;;;;;;;;;;;;;;;;;;;;;;;;;
;;;;B30DB8840A5F41FE6CA96F2D4818B2BE;88175;Scheidegg, im Allgäu;Böserscheidegg;Böserscheidegg;20;;1;;;;;;;;;;;;;;;;;;;;;;;;;;;;;;;;;;;;;;;;;;;
;;;;5956CA35B9EA3A5B3F32707FF41C80DE;88175;Scheidegg, im Allgäu;Böserscheidegg;Böserscheidegg;21;/A;1;;;;;;;;;;;;;;;;;;;;;;;;;;;;;;;;;;;;;;;;;;;
;;;;FEEE3F384559A06F1CFEF69CCCF7F00E;88175;Scheidegg, im Allgäu;Böserscheidegg;Böserscheidegg;21;;1;;;;;;;;;;;;;;;;;;;;;;;;;;;;;;;;;;;;;;;;;;;
;;;;3D604477359C77DFD5D49D6730AD9195;88175;Scheidegg, im Allgäu;Böserscheidegg;Böserscheidegg;22;;1;;;;;;;;;;;;;;;;;;;;;;;;;;;;;;;;;;;;;;;;;;;
;;;;7848F66D49548A207865BF796BE6713F;88175;Scheidegg, im Allgäu;Böserscheidegg;Böserscheidegg;23;/A;1;;;;;;;;;;;;;;;;;;;;;;;;;;;;;;;;;;;;;;;;;;;
;;;;038E636D2E76DE8259F3A164B449EFE2;88175;Scheidegg, im Allgäu;Böserscheidegg;Böserscheidegg;23;;1;;;;;;;;;;;;;;;;;;;;;;;;;;;;;;;;;;;;;;;;;;;
;;;;78AE6B3E64F8B979DE6F519698EE02C3;88175;Scheidegg, im Allgäu;Böserscheidegg;Böserscheidegg;25;;1;;;;;;;;;;;;;;;;;;;;;;;;;;;;;;;;;;;;;;;;;;;
;;;;4D34B00FF65DA6390BA5C62F245E6BA5;88175;Scheidegg, im Allgäu;Böserscheidegg;Böserscheidegg;27;/B;1;;;;;;;;;;;;;;;;;;;;;;;;;;;;;;;;;;;;;;;;;;;
;;;;0C1A019120065178E32F75A5E01AD37F;88175;Scheidegg, im Allgäu;Böserscheidegg;Böserscheidegg;27;;1;;;;;;;;;;;;;;;;;;;;;;;;;;;;;;;;;;;;;;;;;;;
;;;;993387B84458DC3FF0269CFF61148118;88175;Scheidegg, im Allgäu;Böserscheidegg;Böserscheidegg;29;;1;;;;;;;;;;;;;;;;;;;;;;;;;;;;;;;;;;;;;;;;;;;
;;;;2206DFE006FC1C45AE0F327DFB5DD6C6;88175;Scheidegg, im Allgäu;Böserscheidegg;Böserscheidegg;31;;1;;;;;;;;;;;;;;;;;;;;;;;;;;;;;;;;;;;;;;;;;;;
;;;;E5FF2EFABCFBC07B46D29D3297964A02;88175;Scheidegg, im Allgäu;Böserscheidegg;Böserscheidegg;33;;1;;;;;;;;;;;;;;;;;;;;;;;;;;;;;;;;;;;;;;;;;;;
;;;;64A3CDFEBC02A439494723831A32347D;88175;Scheidegg, im Allgäu;Böserscheidegg;Böserscheidegg;35;;1;;;;;;;;;;;;;;;;;;;;;;;;;;;;;;;;;;;;;;;;;;;
;;;;7D136718A4B0386BCBA5EA66259153B2;88175;Scheidegg, im Allgäu;Böserscheidegg;Böserscheidegg;40;;1;;;;;;;;;;;;;;;;;;;;;;;;;;;;;;;;;;;;;;;;;;;
;;;;E997C0F23F29AED6BB09411873DDDC8D;88175;Scheidegg, im Allgäu;Böserscheidegg;Böserscheidegg;42;;1;;;;;;;;;;;;;;;;;;;;;;;;;;;;;;;;;;;;;;;;;;;
;;;;1313744737D1FD5AC20E6B68972E8C26;88175;Scheidegg, im Allgäu;Böserscheidegg;Böserscheidegg;44;;1;;;;;;;;;;;;;;;;;;;;;;;;;;;;;;;;;;;;;;;;;;;
;;;;3E869ECCFE2BD5B1E5E5208664C7FD4C;88175;Scheidegg, im Allgäu;Böserscheidegg;Böserscheidegg;46;;1;;;;;;;;;;;;;;;;;;;;;;;;;;;;;;;;;;;;;;;;;;;
;;;;2CFDCDE3E492114C88491F4E70AD7779;88175;Scheidegg, im Allgäu;Böserscheidegg;Böserscheidegg;48;;1;;;;;;;;;;;;;;;;;;;;;;;;;;;;;;;;;;;;;;;;;;;
;;;;32982E0E815988877BA6BF67D92859CC;88175;Scheidegg, im Allgäu;Böserscheidegg;Böserscheidegg;61;;1;;;;;;;;;;;;;;;;;;;;;;;;;;;;;;;;;;;;;;;;;;;
;;;;98D402CFBD520FAB8CA1FE9958114E72;88175;Scheidegg, im Allgäu;Bühl;Bühl;10;;1;;;;;;;;;;;;;;;;;;;;;;;;;;;;;;;;;;;;;;;;;;;
;;;;A4B6F4C5354EF8F3BE20C94D575B4BE0;88175;Scheidegg, im Allgäu;Bühl;Bühl;11;;1;;;;;;;;;;;;;;;;;;;;;;;;;;;;;;;;;;;;;;;;;;;
;;;;83DC786D43D9E23A1DD0EF94C0DB3337;88175;Scheidegg, im Allgäu;Denzenmühle;Denzenmühle;3;;1;;;;;;;;;;;;;;;;;;;;;;;;;;;;;;;;;;;;;;;;;;;
;;;;59E9B33254256ABCE54DC87335829E7A;88175;Scheidegg, im Allgäu;Denzenmühle;Denzenmühle;5;;1;;;;;;;;;;;;;;;;;;;;;;;;;;;;;;;;;;;;;;;;;;;
;;;;78D16F429B27BA375D5C15E373532654;88175;Scheidegg, im Allgäu;Denzenmühle;Denzenmühle;7;;1;;;;;;;;;;;;;;;;;;;;;;;;;;;;;;;;;;;;;;;;;;;
;;;;98FCDA4768E5664858CF141EEE41E50F;88175;Scheidegg, im Allgäu;Denzenmühle;Denzenmühle;10;;1;;;;;;;;;;;;;;;;;;;;;;;;;;;;;;;;;;;;;;;;;;;
;;;;BC353B9C5363F4BDB735CC576A163CD1;88175;Scheidegg, im Allgäu;Diethen;Diethen;64;;1;;;;;;;;;;;;;;;;;;;;;;;;;;;;;;;;;;;;;;;;;;;
;;;;A90F16403213BF2C064E8CB4DFF28BB9;88175;Scheidegg, im Allgäu;Diethen;Diethen;64;/1/2;1;;;;;;;;;;;;;;;;;;;;;;;;;;;;;;;;;;;;;;;;;;;
;;;;04549EED89FECB287D84CCBFE9D23FE0;88175;Scheidegg, im Allgäu;Ebenschwand;Ebenschwand;3;;1;;;;;;;;;;;;;;;;;;;;;;;;;;;;;;;;;;;;;;;;;;;
;;;;A61F41F46473BADE8AE14BE9776A88FA;88175;Scheidegg, im Allgäu;Ebenschwand;Ebenschwand;5;;1;;;;;;;;;;;;;;;;;;;;;;;;;;;;;;;;;;;;;;;;;;;
;;;;09CC13F56239F5A95B38B1AC66647908;88175;Scheidegg, im Allgäu;Ebenschwand;Ebenschwand;7;;1;;;;;;;;;;;;;;;;;;;;;;;;;;;;;;;;;;;;;;;;;;;
;;;;23782EF0B9D6D66407B3E3DF627D1AEA;88175;Scheidegg, im Allgäu;Ebenschwand;Ebenschwand;17;;1;;;;;;;;;;;;;;;;;;;;;;;;;;;;;;;;;;;;;;;;;;;
;;;;C025BB68EF50CC5E9E2434F98539EC22;88175;Scheidegg, im Allgäu;Ebenschwand;Ebenschwand;21;;1;;;;;;;;;;;;;;;;;;;;;;;;;;;;;;;;;;;;;;;;;;;
;;;;9FDE797CD55574C73A726EF2AD335F00;88175;Scheidegg, im Allgäu;Ellersreute;Ellersreute;1;;1;;;;;;;;;;;;;;;;;;;;;;;;;;;;;;;;;;;;;;;;;;;
;;;;560B31F56438BD06C6079E9DCD5BE290;88175;Scheidegg, im Allgäu;Ellersreute;Ellersreute;8;;1;;;;;;;;;;;;;;;;;;;;;;;;;;;;;;;;;;;;;;;;;;;
;;;;A14E3D558946692E3A5530B8E1188B64;88175;Scheidegg, im Allgäu;Forst;Forst;2;;1;;;;;;;;;;;;;;;;;;;;;;;;;;;;;;;;;;;;;;;;;;;
;;;;C060D0546E79C3C6FDB3014604E4F7B1;88175;Scheidegg, im Allgäu;Forst;Forst;4;;1;;;;;;;;;;;;;;;;;;;;;;;;;;;;;;;;;;;;;;;;;;;
;;;;AA64F59524986F8DE5234FA660C466BB;88175;Scheidegg, im Allgäu;Forst;Forst;6;;1;;;;;;;;;;;;;;;;;;;;;;;;;;;;;;;;;;;;;;;;;;;
;;;;0C8A811BFF54E1D52A641A259F0BE793;88175;Scheidegg, im Allgäu;Forst;Forst;8;;1;;;;;;;;;;;;;;;;;;;;;;;;;;;;;;;;;;;;;;;;;;;
;;;;481FCC13BF97DF0EEFD1ADE01563169F;88175;Scheidegg, im Allgäu;Forst;Forst;10;;1;;;;;;;;;;;;;;;;;;;;;;;;;;;;;;;;;;;;;;;;;;;
;;;;A71B4C71760B6C8187C6E425D410DC42;88175;Scheidegg, im Allgäu;Forst;Forst;16;;1;;;;;;;;;;;;;;;;;;;;;;;;;;;;;;;;;;;;;;;;;;;
;;;;FE2AD730648B18F487F71D52E8967381;88175;Scheidegg, im Allgäu;Forst;Forst;18;;1;;;;;;;;;;;;;;;;;;;;;;;;;;;;;;;;;;;;;;;;;;;
;;;;5D4907417A69AA97781484B8026AD20C;88175;Scheidegg, im Allgäu;Forst;Forst;20;;1;;;;;;;;;;;;;;;;;;;;;;;;;;;;;;;;;;;;;;;;;;;
;;;;AB6DE3FB6D1D01660D4275906D2989F0;88175;Scheidegg, im Allgäu;Forst;Forst;21;;1;;;;;;;;;;;;;;;;;;;;;;;;;;;;;;;;;;;;;;;;;;;
;;;;D155AB7DC2B3920B1DD369552CF5F305;88175;Scheidegg, im Allgäu;Forst;Forst;22;;1;;;;;;;;;;;;;;;;;;;;;;;;;;;;;;;;;;;;;;;;;;;
;;;;CB4B8BD266D07EC771282B9F27ED4353;88175;Scheidegg, im Allgäu;Forst;Forst;27;;1;;;;;;;;;;;;;;;;;;;;;;;;;;;;;;;;;;;;;;;;;;;
;;;;C1C250A9AD8C1B3F79EA5A924807A0D2;88175;Scheidegg, im Allgäu;Forst;Forst;29;;1;;;;;;;;;;;;;;;;;;;;;;;;;;;;;;;;;;;;;;;;;;;
;;;;B0F356C33B2B7882A7CCE95929D1AA69;88175;Scheidegg, im Allgäu;Forst;Forst;30;;1;;;;;;;;;;;;;;;;;;;;;;;;;;;;;;;;;;;;;;;;;;;
;;;;4EEC41F1A5457B6B4B86CAAF0BAB8068;88175;Scheidegg, im Allgäu;Forst;Forst;33;;1;;;;;;;;;;;;;;;;;;;;;;;;;;;;;;;;;;;;;;;;;;;
;;;;37258645C525F3BAFCB494B0FBF41FC3;88175;Scheidegg, im Allgäu;Forst;Forst;34;;1;;;;;;;;;;;;;;;;;;;;;;;;;;;;;;;;;;;;;;;;;;;
;;;;7ED3C159219EA36C5C3B00B0658F320C;88175;Scheidegg, im Allgäu;Forst;Forst;35;;1;;;;;;;;;;;;;;;;;;;;;;;;;;;;;;;;;;;;;;;;;;;
;;;;5F02F249789D9E7C04529126D5581D39;88175;Scheidegg, im Allgäu;Forst;Forst;37;;1;;;;;;;;;;;;;;;;;;;;;;;;;;;;;;;;;;;;;;;;;;;
;;;;C403F023D4CD3A9C472A4F695E15C396;88175;Scheidegg, im Allgäu;Forst;Forst;38;;1;;;;;;;;;;;;;;;;;;;;;;;;;;;;;;;;;;;;;;;;;;;
;;;;C45873504896CD506B0FABC117026783;88175;Scheidegg, im Allgäu;Forst;Forst;39;;1;;;;;;;;;;;;;;;;;;;;;;;;;;;;;;;;;;;;;;;;;;;
;;;;186BAE5AEDF91F37D91E2C9F9067B27C;88175;Scheidegg, im Allgäu;Forst;Forst;113;;1;;;;;;;;;;;;;;;;;;;;;;;;;;;;;;;;;;;;;;;;;;;
;;;;E9B7132C3070A980AE633F246C3DAB53;88175;Scheidegg, im Allgäu;Forstenhäuser;Forstenhäuser;1;;1;;;;;;;;;;;;;;;;;;;;;;;;;;;;;;;;;;;;;;;;;;;
;;;;93F54C01073EE4FAB5C4CD3FB123448B;88175;Scheidegg, im Allgäu;Forstenhäuser;Forstenhäuser;3;;1;;;;;;;;;;;;;;;;;;;;;;;;;;;;;;;;;;;;;;;;;;;
;;;;B4C2D242D6B937AFBD72600BECD503E2;88175;Scheidegg, im Allgäu;Forstenhäuser;Forstenhäuser;5;;1;;;;;;;;;;;;;;;;;;;;;;;;;;;;;;;;;;;;;;;;;;;
;;;;C618E7826216CCB4AAE7EEFA054E760F;88175;Scheidegg, im Allgäu;Forstenhäuser;Forstenhäuser;7;;1;;;;;;;;;;;;;;;;;;;;;;;;;;;;;;;;;;;;;;;;;;;
;;;;CA6715D0C6FAB9CA90D5414267213C73;88175;Scheidegg, im Allgäu;Forstenhäuser;Forstenhäuser;9;;1;;;;;;;;;;;;;;;;;;;;;;;;;;;;;;;;;;;;;;;;;;;
;;;;C3483BC41C52C8D3B7A5BE6CD6AB444B;88175;Scheidegg, im Allgäu;Forstenhäuser;Forstenhäuser;11;;1;;;;;;;;;;;;;;;;;;;;;;;;;;;;;;;;;;;;;;;;;;;
;;;;78202FAEC8D6C58B41E1EAD839A51F9F;88175;Scheidegg, im Allgäu;Forstenhäuser;Forstenhäuser;13;;1;;;;;;;;;;;;;;;;;;;;;;;;;;;;;;;;;;;;;;;;;;;
;;;;B7E48D910ED4B1883E7934B57DF705DF;88175;Scheidegg, im Allgäu;Geisgau;Geisgau;1;;1;;;;;;;;;;;;;;;;;;;;;;;;;;;;;;;;;;;;;;;;;;;
;;;;A3EC64EF299719CDA3DA0441325D5637;88175;Scheidegg, im Allgäu;Geisgau;Geisgau;4;;1;;;;;;;;;;;;;;;;;;;;;;;;;;;;;;;;;;;;;;;;;;;
;;;;F026EFF1AE23307F4E1E12B7BB322B47;88175;Scheidegg, im Allgäu;Greifen;Greifen;3;;1;;;;;;;;;;;;;;;;;;;;;;;;;;;;;;;;;;;;;;;;;;;
;;;;2085572E888B1C7BA85AE178C82D914E;88175;Scheidegg, im Allgäu;Greifen;Greifen;7;;1;;;;;;;;;;;;;;;;;;;;;;;;;;;;;;;;;;;;;;;;;;;
;;;;461D03ABF0C11F1CE2170FFA9BB80F8F;88175;Scheidegg, im Allgäu;Gretenmühle;Gretenmühle;2;;1;;;;;;;;;;;;;;;;;;;;;;;;;;;;;;;;;;;;;;;;;;;
;;;;428245D9F944A3FBBFE6EC1FBD709A6D;88175;Scheidegg, im Allgäu;Gretenmühle;Gretenmühle;9;;1;;;;;;;;;;;;;;;;;;;;;;;;;;;;;;;;;;;;;;;;;;;
;;;;898EE705880C2B03FBE4083C981C184D;88175;Scheidegg, im Allgäu;Gretenmühle;Gretenmühle;10;;1;;;;;;;;;;;;;;;;;;;;;;;;;;;;;;;;;;;;;;;;;;;
;;;;00FB7E627D0108DE611D9F7E0C85C7C5;88175;Scheidegg, im Allgäu;Gretenmühle;Gretenmühle;11;;1;;;;;;;;;;;;;;;;;;;;;;;;;;;;;;;;;;;;;;;;;;;
;;;;62865E651DA400C1D909E76A51CBF02C;88175;Scheidegg, im Allgäu;Gretenmühle;Gretenmühle;11;/A;1;;;;;;;;;;;;;;;;;;;;;;;;;;;;;;;;;;;;;;;;;;;
;;;;FC5A0083FBBB7174409B642944364449;88175;Scheidegg, im Allgäu;Gretenmühle;Gretenmühle;11;/C;1;;;;;;;;;;;;;;;;;;;;;;;;;;;;;;;;;;;;;;;;;;;
;;;;411315B9FEC3F3D6C857F08B3A3FC2F5;88175;Scheidegg, im Allgäu;Gretenmühle;Gretenmühle;11;/B;1;;;;;;;;;;;;;;;;;;;;;;;;;;;;;;;;;;;;;;;;;;;
;;;;086BB55F785E547AB8B7E9AA27EABFFF;88175;Scheidegg, im Allgäu;Gretenmühle;Gretenmühle;13;;1;;;;;;;;;;;;;;;;;;;;;;;;;;;;;;;;;;;;;;;;;;;
;;;;26BDEC1503AECB1B441B172BDC396DBA;88175;Scheidegg, im Allgäu;Gretenmühle;Gretenmühle;14;;1;;;;;;;;;;;;;;;;;;;;;;;;;;;;;;;;;;;;;;;;;;;
;;;;1DB1F2B12DE79BE37720F9E869BE77BD;88175;Scheidegg, im Allgäu;Gretenmühle;Gretenmühle;16;;1;;;;;;;;;;;;;;;;;;;;;;;;;;;;;;;;;;;;;;;;;;;
;;;;92439AF4D1688B7569275EC78A899B28;88175;Scheidegg, im Allgäu;Gretenmühle;Gretenmühle;24;;1;;;;;;;;;;;;;;;;;;;;;;;;;;;;;;;;;;;;;;;;;;;
;;;;DCAF72F4B085EEEEBC19C07AB10E4C63;88175;Scheidegg, im Allgäu;Gretenmühle;Gretenmühle;26;;1;;;;;;;;;;;;;;;;;;;;;;;;;;;;;;;;;;;;;;;;;;;
;;;;9C352B6C812EF1A408C54D4AC01F2CEF;88175;Scheidegg, im Allgäu;Hagspiel;Hagspiel;1;;1;;;;;;;;;;;;;;;;;;;;;;;;;;;;;;;;;;;;;;;;;;;
;;;;E4F62FA9FE3CC8F978640649191D0FFD;88175;Scheidegg, im Allgäu;Hagspiel;Hagspiel;2;;1;;;;;;;;;;;;;;;;;;;;;;;;;;;;;;;;;;;;;;;;;;;
;;;;8B1E45AAEFE75D91E6F79A2891F22DF9;88175;Scheidegg, im Allgäu;Hagspiel;Hagspiel;3;;1;;;;;;;;;;;;;;;;;;;;;;;;;;;;;;;;;;;;;;;;;;;
;;;;5DF2F1F237B0F50D666AAAD58654DF36;88175;Scheidegg, im Allgäu;Hagspiel;Hagspiel;5;;1;;;;;;;;;;;;;;;;;;;;;;;;;;;;;;;;;;;;;;;;;;;
;;;;556FA50046A621720A98D7A20CA1735E;88175;Scheidegg, im Allgäu;Hagspiel;Hagspiel;6;;1;;;;;;;;;;;;;;;;;;;;;;;;;;;;;;;;;;;;;;;;;;;
;;;;6E49F59F7B4D487506E86D74E1ADB1B2;88175;Scheidegg, im Allgäu;Hagspiel;Hagspiel;7;;1;;;;;;;;;;;;;;;;;;;;;;;;;;;;;;;;;;;;;;;;;;;
;;;;6FE53E1B6C1F23839272BD8789AA38C6;88175;Scheidegg, im Allgäu;Hagspiel;Hagspiel;9;;1;;;;;;;;;;;;;;;;;;;;;;;;;;;;;;;;;;;;;;;;;;;
;;;;F3B643371270036F4A9A2B523D4A6174;88175;Scheidegg, im Allgäu;Hagspiel;Hagspiel;13;;1;;;;;;;;;;;;;;;;;;;;;;;;;;;;;;;;;;;;;;;;;;;
;;;;E30BA1D2B5F5429750F1152698B34B37;88175;Scheidegg, im Allgäu;Hagspiel;Hagspiel;23;;1;;;;;;;;;;;;;;;;;;;;;;;;;;;;;;;;;;;;;;;;;;;
;;;;8D91C2F52417DCCC3162FCEF03D4B01B;88175;Scheidegg, im Allgäu;Haus;Haus;1;;1;;;;;;;;;;;;;;;;;;;;;;;;;;;;;;;;;;;;;;;;;;;
;;;;EA98958E04622C67ABFF2562A4ED1B99;88175;Scheidegg, im Allgäu;Haus;Haus;6;;1;;;;;;;;;;;;;;;;;;;;;;;;;;;;;;;;;;;;;;;;;;;
;;;;71F37DDB4E73CB71E3D8B0F12BDDA8F3;88175;Scheidegg, im Allgäu;Haus;Haus;16;;1;;;;;;;;;;;;;;;;;;;;;;;;;;;;;;;;;;;;;;;;;;;
;;;;0A1B812E5C14DF92B6B0B8D821798749;88175;Scheidegg, im Allgäu;Haus;Haus;18;;1;;;;;;;;;;;;;;;;;;;;;;;;;;;;;;;;;;;;;;;;;;;
;;;;469BF70F077A80BB46B61900A75DFC6A;88175;Scheidegg, im Allgäu;Haus;Haus;26;;1;;;;;;;;;;;;;;;;;;;;;;;;;;;;;;;;;;;;;;;;;;;
;;;;BA7A0D624ECA2373700D41BB724D1763;88175;Scheidegg, im Allgäu;Haus;Haus;30;;1;;;;;;;;;;;;;;;;;;;;;;;;;;;;;;;;;;;;;;;;;;;
;;;;D0C2A43B587968720B84D054EC8DE43A;88175;Scheidegg, im Allgäu;Haus;Haus;30;/A;1;;;;;;;;;;;;;;;;;;;;;;;;;;;;;;;;;;;;;;;;;;;
;;;;C6022D2975DCFD7DECAB5500A2A6A5A4;88175;Scheidegg, im Allgäu;Haus;Haus;34;;1;;;;;;;;;;;;;;;;;;;;;;;;;;;;;;;;;;;;;;;;;;;
;;;;5064323BC160F2A5F03F088D5DAF797B;88175;Scheidegg, im Allgäu;Haus;Haus;35;;1;;;;;;;;;;;;;;;;;;;;;;;;;;;;;;;;;;;;;;;;;;;
;;;;3803BE5B2218B2A43468103A0D9930A0;88175;Scheidegg, im Allgäu;Haus;Haus;36;;1;;;;;;;;;;;;;;;;;;;;;;;;;;;;;;;;;;;;;;;;;;;
;;;;41A928700736216C66438BFC6BA49677;88175;Scheidegg, im Allgäu;Haus;Haus;37;;1;;;;;;;;;;;;;;;;;;;;;;;;;;;;;;;;;;;;;;;;;;;
;;;;6944EE8EDC86F5A92DF0AF08B8BDF214;88175;Scheidegg, im Allgäu;Haus;Haus;38;;1;;;;;;;;;;;;;;;;;;;;;;;;;;;;;;;;;;;;;;;;;;;
;;;;B70886C065B3970BB149636269302238;88175;Scheidegg, im Allgäu;Haus;Haus;39;;1;;;;;;;;;;;;;;;;;;;;;;;;;;;;;;;;;;;;;;;;;;;
;;;;963FE85C5D3933674225B9DF0EF1814B;88175;Scheidegg, im Allgäu;Haus;Haus;40;;1;;;;;;;;;;;;;;;;;;;;;;;;;;;;;;;;;;;;;;;;;;;
;;;;675B4F799D8F6D72447980BE7122CC67;88175;Scheidegg, im Allgäu;Haus;Haus;41;;1;;;;;;;;;;;;;;;;;;;;;;;;;;;;;;;;;;;;;;;;;;;
;;;;F3AD787C182416A93C8AE2DFAD213C1C;88175;Scheidegg, im Allgäu;Haus;Haus;43;;1;;;;;;;;;;;;;;;;;;;;;;;;;;;;;;;;;;;;;;;;;;;
;;;;02B943C4F61B085A190AFF71A4A26013;88175;Scheidegg, im Allgäu;Haus;Haus;45;;1;;;;;;;;;;;;;;;;;;;;;;;;;;;;;;;;;;;;;;;;;;;
;;;;D5EFFFF6016F0C8D7530373E32923D73;88175;Scheidegg, im Allgäu;Haus;Haus;47;;1;;;;;;;;;;;;;;;;;;;;;;;;;;;;;;;;;;;;;;;;;;;
;;;;0D3E466FFFF77200D4F1020E0B091705;88175;Scheidegg, im Allgäu;Haus;Haus;71;;1;;;;;;;;;;;;;;;;;;;;;;;;;;;;;;;;;;;;;;;;;;;
;;;;AB779ABCFFBA3CE3123B503378117202;88175;Scheidegg, im Allgäu;Haus;Westpark;8;;1;;;;;;;;;;;;;;;;;;;;;;;;;;;;;;;;;;;;;;;;;;;
;;;;2499355DC37E89631187FB5419DBF8BF;88175;Scheidegg, im Allgäu;Haus;Westpark;12;;1;;;;;;;;;;;;;;;;;;;;;;;;;;;;;;;;;;;;;;;;;;;
;;;;77DB20E83DE41854667882C55209D7C2;88175;Scheidegg, im Allgäu;Haus;Westpark;14;;1;;;;;;;;;;;;;;;;;;;;;;;;;;;;;;;;;;;;;;;;;;;
;;;;0651B474BD21583471D3FAE6590F2443;88175;Scheidegg, im Allgäu;Haus;Westpark;16;/A;1;;;;;;;;;;;;;;;;;;;;;;;;;;;;;;;;;;;;;;;;;;;
;;;;0B41819DCCA912EA36606C7B80A81F2F;88175;Scheidegg, im Allgäu;Haus;Westpark;16;;1;;;;;;;;;;;;;;;;;;;;;;;;;;;;;;;;;;;;;;;;;;;
;;;;32C3A110A967381F28A66FA279F419EE;88175;Scheidegg, im Allgäu;Haus;Westpark;18;;1;;;;;;;;;;;;;;;;;;;;;;;;;;;;;;;;;;;;;;;;;;;
;;;;6B14EFB08EAD84BA9BF909F618FBA886;88175;Scheidegg, im Allgäu;Häuslings;Häuslings;1;;1;;;;;;;;;;;;;;;;;;;;;;;;;;;;;;;;;;;;;;;;;;;
;;;;CDADB8C1BA683FA7191238853A3EB43D;88175;Scheidegg, im Allgäu;Häuslings;Häuslings;3;;1;;;;;;;;;;;;;;;;;;;;;;;;;;;;;;;;;;;;;;;;;;;
;;;;FA146292A68493906BEC486559E1797D;88175;Scheidegg, im Allgäu;Häuslings;Häuslings;4;;1;;;;;;;;;;;;;;;;;;;;;;;;;;;;;;;;;;;;;;;;;;;
;;;;D72A632871DEB14F11AEEDE5A4474425;88175;Scheidegg, im Allgäu;Häuslings;Häuslingsmühle;2;;1;;;;;;;;;;;;;;;;;;;;;;;;;;;;;;;;;;;;;;;;;;;
;;;;7A55A1AC0AE238D53AF13F81E9E1183E;88175;Scheidegg, im Allgäu;Häuslings;Häuslingsmühle;4;;1;;;;;;;;;;;;;;;;;;;;;;;;;;;;;;;;;;;;;;;;;;;
;;;;A242670D484088267486CAD4EF584ABC;88175;Scheidegg, im Allgäu;Häuslings;Häuslingsmühle;8;;1;;;;;;;;;;;;;;;;;;;;;;;;;;;;;;;;;;;;;;;;;;;
;;;;1B17BFDC7CCEAB885C8843069111F7DD;88175;Scheidegg, im Allgäu;Häuslings;Häuslingsmühle;10;;1;;;;;;;;;;;;;;;;;;;;;;;;;;;;;;;;;;;;;;;;;;;
;;;;D62F4B1FCF7488B7C9D26504A1EE0C6E;88175;Scheidegg, im Allgäu;Häuslings;Häuslingsmühle;20;;1;;;;;;;;;;;;;;;;;;;;;;;;;;;;;;;;;;;;;;;;;;;
;;;;73F052061489E1678280E22B473471A4;88175;Scheidegg, im Allgäu;Katzenmühle;Katzenmühle;1;;1;;;;;;;;;;;;;;;;;;;;;;;;;;;;;;;;;;;;;;;;;;;
;;;;69B9256A039C97D84BF705F754BFF82E;88175;Scheidegg, im Allgäu;Leintobel;Leintobel;5;;1;;;;;;;;;;;;;;;;;;;;;;;;;;;;;;;;;;;;;;;;;;;
;;;;5866E1925CD4CD732EE8AB8FAC483157;88175;Scheidegg, im Allgäu;Leintobel;Leintobel;7;;1;;;;;;;;;;;;;;;;;;;;;;;;;;;;;;;;;;;;;;;;;;;
;;;;0437E9D05FFF71537B304809C5F3D246;88175;Scheidegg, im Allgäu;Leintobel;Leintobel;9;;1;;;;;;;;;;;;;;;;;;;;;;;;;;;;;;;;;;;;;;;;;;;
;;;;D67ACDF8595F733D25AFFCC42D377FC1;88175;Scheidegg, im Allgäu;Leintobel;Leintobel;13;;1;;;;;;;;;;;;;;;;;;;;;;;;;;;;;;;;;;;;;;;;;;;
;;;;B6F4334E47709721199F14C6CE5B2007;88175;Scheidegg, im Allgäu;Leintobel;Leintobel;16;;1;;;;;;;;;;;;;;;;;;;;;;;;;;;;;;;;;;;;;;;;;;;
;;;;FC2CD85B9C5AE4CCE62E464187E7DA0F;88175;Scheidegg, im Allgäu;Leintobel;Leintobel;18;;1;;;;;;;;;;;;;;;;;;;;;;;;;;;;;;;;;;;;;;;;;;;
;;;;C9AA46C13F216590D47D52C2C8091BEE;88175;Scheidegg, im Allgäu;Leintobel;Leintobel;26;;1;;;;;;;;;;;;;;;;;;;;;;;;;;;;;;;;;;;;;;;;;;;
;;;;070F3702262B957F4345BF7CF8D00FFA;88175;Scheidegg, im Allgäu;Leintobel;Leintobel;32;;1;;;;;;;;;;;;;;;;;;;;;;;;;;;;;;;;;;;;;;;;;;;
;;;;563B380C4DCE452E89BA583733412423;88175;Scheidegg, im Allgäu;Lindenau;Alt-Lindenau;1;;1;;;;;;;;;;;;;;;;;;;;;;;;;;;;;;;;;;;;;;;;;;;
;;;;100E541563B1F01A19CEFFC74CE5C5A1;88175;Scheidegg, im Allgäu;Lindenau;Alt-Lindenau;5;;1;;;;;;;;;;;;;;;;;;;;;;;;;;;;;;;;;;;;;;;;;;;
;;;;E0F7FEB7C5975C7FA4E93B2E324B808A;88175;Scheidegg, im Allgäu;Lindenau;Alt-Lindenau;7;;1;;;;;;;;;;;;;;;;;;;;;;;;;;;;;;;;;;;;;;;;;;;
;;;;40FC3AC05206545FC77205DDB659A238;88175;Scheidegg, im Allgäu;Lindenau;Alt-Lindenau;9;;1;;;;;;;;;;;;;;;;;;;;;;;;;;;;;;;;;;;;;;;;;;;
;;;;3C9C83B9500CD0F0EC4362DD28185CB7;88175;Scheidegg, im Allgäu;Lindenau;Alt-Lindenau;11;;1;;;;;;;;;;;;;;;;;;;;;;;;;;;;;;;;;;;;;;;;;;;
;;;;B393B124C47399CB50692CD1E6E99A9C;88175;Scheidegg, im Allgäu;Lindenau;Birkenweg;1;/B;1;;;;;;;;;;;;;;;;;;;;;;;;;;;;;;;;;;;;;;;;;;;
;;;;8A0C0F569B44EFC715DEACA75A2AA367;88175;Scheidegg, im Allgäu;Lindenau;Birkenweg;1;/C;1;;;;;;;;;;;;;;;;;;;;;;;;;;;;;;;;;;;;;;;;;;;
;;;;B4D352AA3C9C705D712BED354281FA0C;88175;Scheidegg, im Allgäu;Lindenau;Birkenweg;1;/A;1;;;;;;;;;;;;;;;;;;;;;;;;;;;;;;;;;;;;;;;;;;;
;;;;AE6B14427F2378EAE93F4E3A59474ECF;88175;Scheidegg, im Allgäu;Lindenau;Birkenweg;2;;1;;;;;;;;;;;;;;;;;;;;;;;;;;;;;;;;;;;;;;;;;;;
;;;;3D733A8CA38D34255A811249702D5F7C;88175;Scheidegg, im Allgäu;Lindenau;Birkenweg;3;/B;1;;;;;;;;;;;;;;;;;;;;;;;;;;;;;;;;;;;;;;;;;;;
;;;;19AFC87C768FF5D7B542F1AE51EF291D;88175;Scheidegg, im Allgäu;Lindenau;Birkenweg;3;/A;1;;;;;;;;;;;;;;;;;;;;;;;;;;;;;;;;;;;;;;;;;;;
;;;;F3FAC84D23A0C08309A520C36D16DE8F;88175;Scheidegg, im Allgäu;Lindenau;Birkenweg;4;;1;;;;;;;;;;;;;;;;;;;;;;;;;;;;;;;;;;;;;;;;;;;
;;;;2368A8BF2B100054BC003831D8BF3BB1;88175;Scheidegg, im Allgäu;Lindenau;Birkenweg;5;;1;;;;;;;;;;;;;;;;;;;;;;;;;;;;;;;;;;;;;;;;;;;
;;;;44784DD677C62EC995570017E6916E26;88175;Scheidegg, im Allgäu;Lindenau;Birkenweg;6;;1;;;;;;;;;;;;;;;;;;;;;;;;;;;;;;;;;;;;;;;;;;;
;;;;5615A712013ED3A623B6D16BFCB18C8F;88175;Scheidegg, im Allgäu;Lindenau;Birkenweg;7;;1;;;;;;;;;;;;;;;;;;;;;;;;;;;;;;;;;;;;;;;;;;;
;;;;C459CDD1760F06BC626F403CE9F38879;88175;Scheidegg, im Allgäu;Lindenau;Birkenweg;8;;1;;;;;;;;;;;;;;;;;;;;;;;;;;;;;;;;;;;;;;;;;;;
;;;;E576B0DFEE00C08EE90C4F015D14D8C8;88175;Scheidegg, im Allgäu;Lindenau;Birkenweg;9;;1;;;;;;;;;;;;;;;;;;;;;;;;;;;;;;;;;;;;;;;;;;;
;;;;6D00BBFC919CB2A0467DB9C1A019B83B;88175;Scheidegg, im Allgäu;Lindenau;Birkenweg;10;;1;;;;;;;;;;;;;;;;;;;;;;;;;;;;;;;;;;;;;;;;;;;
;;;;E42BAA3B0BD589851A72C23FB76C9D51;88175;Scheidegg, im Allgäu;Lindenau;Birkenweg;11;;1;;;;;;;;;;;;;;;;;;;;;;;;;;;;;;;;;;;;;;;;;;;
;;;;C80D14CDB821D7C260048087D476CEEF;88175;Scheidegg, im Allgäu;Lindenau;Birkenweg;12;;1;;;;;;;;;;;;;;;;;;;;;;;;;;;;;;;;;;;;;;;;;;;
;;;;20FE35301BA20DB01A315747C8A73F98;88175;Scheidegg, im Allgäu;Lindenau;Birkenweg;13;;1;;;;;;;;;;;;;;;;;;;;;;;;;;;;;;;;;;;;;;;;;;;
;;;;6F857D898E56267D626D851872B5BCDC;88175;Scheidegg, im Allgäu;Lindenau;Birkenweg;14;;1;;;;;;;;;;;;;;;;;;;;;;;;;;;;;;;;;;;;;;;;;;;
;;;;3B4B75A454B467F27C4A06FBAEAC350F;88175;Scheidegg, im Allgäu;Lindenau;Birkenweg;15;;1;;;;;;;;;;;;;;;;;;;;;;;;;;;;;;;;;;;;;;;;;;;
;;;;1168B52339B2EF1D24F35713457F5081;88175;Scheidegg, im Allgäu;Lindenau;Birkenweg;16;;1;;;;;;;;;;;;;;;;;;;;;;;;;;;;;;;;;;;;;;;;;;;
;;;;6250E92BF25F0E28E226EF6B463EED3D;88175;Scheidegg, im Allgäu;Lindenau;Birkenweg;17;;1;;;;;;;;;;;;;;;;;;;;;;;;;;;;;;;;;;;;;;;;;;;
;;;;406B84E44730DF34E015A2A60EFDD8A8;88175;Scheidegg, im Allgäu;Lindenau;Birkenweg;18;;1;;;;;;;;;;;;;;;;;;;;;;;;;;;;;;;;;;;;;;;;;;;
;;;;BDF656FDB61D2FA6B9C85CD6FEA4D1FA;88175;Scheidegg, im Allgäu;Lindenau;Leintobelweg;1;;1;;;;;;;;;;;;;;;;;;;;;;;;;;;;;;;;;;;;;;;;;;;
;;;;F0E1AF5975B179B252DF0C09AD5D8B6D;88175;Scheidegg, im Allgäu;Lindenau;Leintobelweg;2;;1;;;;;;;;;;;;;;;;;;;;;;;;;;;;;;;;;;;;;;;;;;;
;;;;1465ACFB4C5D6C87FC019EC05F2652DA;88175;Scheidegg, im Allgäu;Lindenau;Leintobelweg;3;;1;;;;;;;;;;;;;;;;;;;;;;;;;;;;;;;;;;;;;;;;;;;
;;;;8237D87E170727B9DA5AFC3AB2450CCB;88175;Scheidegg, im Allgäu;Lindenau;Leintobelweg;4;;1;;;;;;;;;;;;;;;;;;;;;;;;;;;;;;;;;;;;;;;;;;;
;;;;01DA5CDF8CCAB9024DDCE7B2C097EBA7;88175;Scheidegg, im Allgäu;Lindenau;Leintobelweg;5;;1;;;;;;;;;;;;;;;;;;;;;;;;;;;;;;;;;;;;;;;;;;;
;;;;956083B83AB2D6F2DF07399A85651E19;88175;Scheidegg, im Allgäu;Lindenau;Leintobelweg;6;;1;;;;;;;;;;;;;;;;;;;;;;;;;;;;;;;;;;;;;;;;;;;
;;;;095BF5654E55DAC4A4919BA97DA78AC9;88175;Scheidegg, im Allgäu;Lindenau;Leintobelweg;7;;1;;;;;;;;;;;;;;;;;;;;;;;;;;;;;;;;;;;;;;;;;;;
;;;;94DC8F526EC23851A9B839951C9BF235;88175;Scheidegg, im Allgäu;Lindenau;Leintobelweg;9;;1;;;;;;;;;;;;;;;;;;;;;;;;;;;;;;;;;;;;;;;;;;;
;;;;42771FC5F8F92E8C24823229457E90CD;88175;Scheidegg, im Allgäu;Lindenau;Leintobelweg;10;;1;;;;;;;;;;;;;;;;;;;;;;;;;;;;;;;;;;;;;;;;;;;
;;;;59B1A3790C88C5683397532AE1A11213;88175;Scheidegg, im Allgäu;Lindenau;Leintobelweg;11;;1;;;;;;;;;;;;;;;;;;;;;;;;;;;;;;;;;;;;;;;;;;;
;;;;D032E1919A3903422D6C3ACBED99AC44;88175;Scheidegg, im Allgäu;Lindenau;Leintobelweg;12;;1;;;;;;;;;;;;;;;;;;;;;;;;;;;;;;;;;;;;;;;;;;;
;;;;DD5E2D285D37106C8FBDCF34930E0ED5;88175;Scheidegg, im Allgäu;Lindenau;Leintobelweg;13;;1;;;;;;;;;;;;;;;;;;;;;;;;;;;;;;;;;;;;;;;;;;;
;;;;C1E6A7F1C974211E466C4A3A3AA68084;88175;Scheidegg, im Allgäu;Lindenau;Leintobelweg;14;;1;;;;;;;;;;;;;;;;;;;;;;;;;;;;;;;;;;;;;;;;;;;
;;;;A6BFE3BC8231D05E9E5E365A0F75C621;88175;Scheidegg, im Allgäu;Lindenau;Leintobelweg;15;;1;;;;;;;;;;;;;;;;;;;;;;;;;;;;;;;;;;;;;;;;;;;
;;;;AF322719B9F7D8D39B856EFA25E6E737;88175;Scheidegg, im Allgäu;Lindenau;Leintobelweg;16;;1;;;;;;;;;;;;;;;;;;;;;;;;;;;;;;;;;;;;;;;;;;;
;;;;8927027437DF528C838525B9FFA40729;88175;Scheidegg, im Allgäu;Lindenau;Leintobelweg;17;;1;;;;;;;;;;;;;;;;;;;;;;;;;;;;;;;;;;;;;;;;;;;
;;;;4000F08FC79C5EC5301B844B3FA34B65;88175;Scheidegg, im Allgäu;Lindenau;Leintobelweg;18;;1;;;;;;;;;;;;;;;;;;;;;;;;;;;;;;;;;;;;;;;;;;;
;;;;7774F8C3ED1A7DAB17CC1E9A37532536;88175;Scheidegg, im Allgäu;Lindenau;Leintobelweg;19;;1;;;;;;;;;;;;;;;;;;;;;;;;;;;;;;;;;;;;;;;;;;;
;;;;A86355C62807E03111970591E601DB44;88175;Scheidegg, im Allgäu;Lindenau;Leintobelweg;20;;1;;;;;;;;;;;;;;;;;;;;;;;;;;;;;;;;;;;;;;;;;;;
;;;;47ECB45617D80E0473A217D48F7501D5;88175;Scheidegg, im Allgäu;Lindenau;Leintobelweg;21;;1;;;;;;;;;;;;;;;;;;;;;;;;;;;;;;;;;;;;;;;;;;;
;;;;CA778D9E7C18BC53CBB06D1E4AB2288E;88175;Scheidegg, im Allgäu;Lindenau;Leintobelweg;22;;1;;;;;;;;;;;;;;;;;;;;;;;;;;;;;;;;;;;;;;;;;;;
;;;;DF66228547016727889C34DB0C154575;88175;Scheidegg, im Allgäu;Lindenau;Leintobelweg;23;;1;;;;;;;;;;;;;;;;;;;;;;;;;;;;;;;;;;;;;;;;;;;
;;;;27C0826A9CA3301F98ADEF50D264044F;88175;Scheidegg, im Allgäu;Lindenau;Leintobelweg;24;;1;;;;;;;;;;;;;;;;;;;;;;;;;;;;;;;;;;;;;;;;;;;
;;;;82D3E8988024759C62F8248E925154B4;88175;Scheidegg, im Allgäu;Lindenau;Leintobelweg;25;;1;;;;;;;;;;;;;;;;;;;;;;;;;;;;;;;;;;;;;;;;;;;
;;;;C9E339B978BA572429EE6E516C69AC59;88175;Scheidegg, im Allgäu;Lindenau;Leintobelweg;26;;1;;;;;;;;;;;;;;;;;;;;;;;;;;;;;;;;;;;;;;;;;;;
;;;;C5A6E68A326EED0181C04D77D16BA5D5;88175;Scheidegg, im Allgäu;Lindenau;Leintobelweg;27;;1;;;;;;;;;;;;;;;;;;;;;;;;;;;;;;;;;;;;;;;;;;;
;;;;0B6764D6406FDE5D07357CB91928B99B;88175;Scheidegg, im Allgäu;Lindenau;Leintobelweg;29;;1;;;;;;;;;;;;;;;;;;;;;;;;;;;;;;;;;;;;;;;;;;;
;;;;0E07682D4F497CB666A06A9ED8C261EA;88175;Scheidegg, im Allgäu;Lindenau;Leintobelweg;30;;1;;;;;;;;;;;;;;;;;;;;;;;;;;;;;;;;;;;;;;;;;;;
;;;;F5ECC948C225CE1DD346D631A2E2FA6A;88175;Scheidegg, im Allgäu;Lindenau;Leintobelweg;31;;1;;;;;;;;;;;;;;;;;;;;;;;;;;;;;;;;;;;;;;;;;;;
;;;;83318613E8C7D815BBA9B0D8B4A97157;88175;Scheidegg, im Allgäu;Lindenau;Leintobelweg;33;;1;;;;;;;;;;;;;;;;;;;;;;;;;;;;;;;;;;;;;;;;;;;
;;;;81A38E9DBA58F689404904D5BB4352C5;88175;Scheidegg, im Allgäu;Lindenau;Leintobelweg;35;;1;;;;;;;;;;;;;;;;;;;;;;;;;;;;;;;;;;;;;;;;;;;
;;;;6EE7CFB6099259689B2F0CF9C9EE6847;88175;Scheidegg, im Allgäu;Lindenau;Lindenau;48;;1;;;;;;;;;;;;;;;;;;;;;;;;;;;;;;;;;;;;;;;;;;;
;;;;276E041869211A6BD458720C4721B434;88175;Scheidegg, im Allgäu;Lindenau;Lindenweg;1;;1;;;;;;;;;;;;;;;;;;;;;;;;;;;;;;;;;;;;;;;;;;;
;;;;F713741C692837E61593616C98956D8D;88175;Scheidegg, im Allgäu;Lindenau;Lindenweg;2;;1;;;;;;;;;;;;;;;;;;;;;;;;;;;;;;;;;;;;;;;;;;;
;;;;B782A461DB69B9772DBD663743B4BD55;88175;Scheidegg, im Allgäu;Lindenau;Lindenweg;3;;1;;;;;;;;;;;;;;;;;;;;;;;;;;;;;;;;;;;;;;;;;;;
;;;;C107C6C3BB1FA613BE538E72867C9035;88175;Scheidegg, im Allgäu;Lindenau;Lindenweg;4;;1;;;;;;;;;;;;;;;;;;;;;;;;;;;;;;;;;;;;;;;;;;;
;;;;6D74452EEFAB07B9D2FF9DFB64212C8C;88175;Scheidegg, im Allgäu;Lindenau;Lindenweg;5;;1;;;;;;;;;;;;;;;;;;;;;;;;;;;;;;;;;;;;;;;;;;;
;;;;1DD636A8E687FC085EEF45BD2168BB93;88175;Scheidegg, im Allgäu;Lindenau;Lindenweg;6;;1;;;;;;;;;;;;;;;;;;;;;;;;;;;;;;;;;;;;;;;;;;;
;;;;00A89D60A3EC7573907F371D8B1FBA37;88175;Scheidegg, im Allgäu;Lindenau;Lindenweg;7;;1;;;;;;;;;;;;;;;;;;;;;;;;;;;;;;;;;;;;;;;;;;;
;;;;FEE42C73DCAAC800D61FB65CA025C8E8;88175;Scheidegg, im Allgäu;Lindenau;Lindenweg;8;/A;1;;;;;;;;;;;;;;;;;;;;;;;;;;;;;;;;;;;;;;;;;;;
;;;;5F2C28DD46E0FFC1C507B6C306DDF7DA;88175;Scheidegg, im Allgäu;Lindenau;Lindenweg;8;;1;;;;;;;;;;;;;;;;;;;;;;;;;;;;;;;;;;;;;;;;;;;
;;;;A1645BF92F1E3F85146612B1E31CF695;88175;Scheidegg, im Allgäu;Lindenau;Lindenweg;9;/A;1;;;;;;;;;;;;;;;;;;;;;;;;;;;;;;;;;;;;;;;;;;;
;;;;60BB64AE7E6C7F9C929625961FA7B4F8;88175;Scheidegg, im Allgäu;Lindenau;Lindenweg;9;;1;;;;;;;;;;;;;;;;;;;;;;;;;;;;;;;;;;;;;;;;;;;
;;;;703E76A607BAB5655A3BE7B4D434CF2D;88175;Scheidegg, im Allgäu;Lindenau;Lindenweg;10;;1;;;;;;;;;;;;;;;;;;;;;;;;;;;;;;;;;;;;;;;;;;;
;;;;8852789258153A246FE3D6FBCF331A70;88175;Scheidegg, im Allgäu;Lindenau;Lindenweg;11;;1;;;;;;;;;;;;;;;;;;;;;;;;;;;;;;;;;;;;;;;;;;;
;;;;9D4FABBBA718DBEB13C0A3F9CDA8CE56;88175;Scheidegg, im Allgäu;Lindenau;Lindenweg;12;;1;;;;;;;;;;;;;;;;;;;;;;;;;;;;;;;;;;;;;;;;;;;
;;;;3A1C287C5F055A0945625D8DDA576144;88175;Scheidegg, im Allgäu;Lindenau;Lindenweg;14;;1;;;;;;;;;;;;;;;;;;;;;;;;;;;;;;;;;;;;;;;;;;;
;;;;376AEF3C5FB9830BF94BA69E1B0F8EE2;88175;Scheidegg, im Allgäu;Lindenau;Lindenweg;15;;1;;;;;;;;;;;;;;;;;;;;;;;;;;;;;;;;;;;;;;;;;;;
;;;;19A0FBF01EE4F928E115D284556F9C40;88175;Scheidegg, im Allgäu;Lindenau;Lindenweg;16;/A;1;;;;;;;;;;;;;;;;;;;;;;;;;;;;;;;;;;;;;;;;;;;
;;;;9D17500EEACA7CF8BC6736DFC9267870;88175;Scheidegg, im Allgäu;Lindenau;Lindenweg;16;/B;1;;;;;;;;;;;;;;;;;;;;;;;;;;;;;;;;;;;;;;;;;;;
;;;;6EEAA4917B3B3D4C89414BD5D9246593;88175;Scheidegg, im Allgäu;Lindenau;Lindenweg;16;;1;;;;;;;;;;;;;;;;;;;;;;;;;;;;;;;;;;;;;;;;;;;
;;;;AF96F89C6AE2D44FDEF0C13B1986CDA9;88175;Scheidegg, im Allgäu;Lindenau;Lindenweg;17;;1;;;;;;;;;;;;;;;;;;;;;;;;;;;;;;;;;;;;;;;;;;;
;;;;EDA107A9F06F44E1CA54F86FAC8894CD;88175;Scheidegg, im Allgäu;Lindenau;Lindenweg;18;/A;1;;;;;;;;;;;;;;;;;;;;;;;;;;;;;;;;;;;;;;;;;;;
;;;;EDDD6203735056AA0A9DEF2FA5B58FD9;88175;Scheidegg, im Allgäu;Lindenau;Lindenweg;18;;1;;;;;;;;;;;;;;;;;;;;;;;;;;;;;;;;;;;;;;;;;;;
;;;;BECB83A8743CA488D6A1E0F5DD7CFF19;88175;Scheidegg, im Allgäu;Lindenau;Lindenweg;20;;1;;;;;;;;;;;;;;;;;;;;;;;;;;;;;;;;;;;;;;;;;;;
;;;;184992479078EE80CD76297A8A48310D;88175;Scheidegg, im Allgäu;Lindenau;Lindenweg;21;;1;;;;;;;;;;;;;;;;;;;;;;;;;;;;;;;;;;;;;;;;;;;
;;;;F0C3349050CE55B90FB53BF1F2FFC750;88175;Scheidegg, im Allgäu;Lindenau;Lindenweg;22;;1;;;;;;;;;;;;;;;;;;;;;;;;;;;;;;;;;;;;;;;;;;;
;;;;CD99894809EE34890284B8F1E14DFAE4;88175;Scheidegg, im Allgäu;Lindenau;Lindenweg;24;;1;;;;;;;;;;;;;;;;;;;;;;;;;;;;;;;;;;;;;;;;;;;
;;;;4F9090B4D0B97A1F26DD94901F138782;88175;Scheidegg, im Allgäu;Lindenau;Lindenweg;26;;1;;;;;;;;;;;;;;;;;;;;;;;;;;;;;;;;;;;;;;;;;;;
;;;;D245149DE433371B6D0BDDBE8150CA16;88175;Scheidegg, im Allgäu;Lindenau;Lindenweg;28;;1;;;;;;;;;;;;;;;;;;;;;;;;;;;;;;;;;;;;;;;;;;;
;;;;B48180F5CF329B5337CBD4D5527166F8;88175;Scheidegg, im Allgäu;Lindenau;Waldweg;1;;1;;;;;;;;;;;;;;;;;;;;;;;;;;;;;;;;;;;;;;;;;;;
;;;;3518FFB9A83F8A3E5DA9B174AC0C89F6;88175;Scheidegg, im Allgäu;Lindenau;Waldweg;2;;1;;;;;;;;;;;;;;;;;;;;;;;;;;;;;;;;;;;;;;;;;;;
;;;;863C4C9C7F9086DD8D19C53DC1F3FD7F;88175;Scheidegg, im Allgäu;Lindenau;Waldweg;3;;1;;;;;;;;;;;;;;;;;;;;;;;;;;;;;;;;;;;;;;;;;;;
;;;;BDA80C19608FB60C265D1CA7F07C7F85;88175;Scheidegg, im Allgäu;Lindenau;Waldweg;4;;1;;;;;;;;;;;;;;;;;;;;;;;;;;;;;;;;;;;;;;;;;;;
;;;;ED7B6DA0D696E3F6AB31B895C122667A;88175;Scheidegg, im Allgäu;Lindenau;Waldweg;5;;1;;;;;;;;;;;;;;;;;;;;;;;;;;;;;;;;;;;;;;;;;;;
;;;;B7D96BDCC86CE589C46AF1F36E1D50BF;88175;Scheidegg, im Allgäu;Lindenau;Waldweg;6;;1;;;;;;;;;;;;;;;;;;;;;;;;;;;;;;;;;;;;;;;;;;;
;;;;F7249B8B92499A949226B5763AC126BC;88175;Scheidegg, im Allgäu;Lindenau;Waldweg;7;;1;;;;;;;;;;;;;;;;;;;;;;;;;;;;;;;;;;;;;;;;;;;
;;;;2A29953FA2B0E2231511D8C0DE4A715D;88175;Scheidegg, im Allgäu;Lindenau;Waldweg;7;/A;1;;;;;;;;;;;;;;;;;;;;;;;;;;;;;;;;;;;;;;;;;;;
;;;;8D8CB8F5A557B85D15D4F1A5CFBB5AFD;88175;Scheidegg, im Allgäu;Lindenau;Waldweg;8;;1;;;;;;;;;;;;;;;;;;;;;;;;;;;;;;;;;;;;;;;;;;;
;;;;41DB13148A9F4561E7B48997BC9D1298;88175;Scheidegg, im Allgäu;Lindenau;Waldweg;9;;1;;;;;;;;;;;;;;;;;;;;;;;;;;;;;;;;;;;;;;;;;;;
;;;;056D4538FEA5B02B99B30E51F759F59F;88175;Scheidegg, im Allgäu;Lindenau;Waldweg;10;;1;;;;;;;;;;;;;;;;;;;;;;;;;;;;;;;;;;;;;;;;;;;
;;;;7FA9116C9831A4922177732B5200E2AD;88175;Scheidegg, im Allgäu;Lindenau;Waldweg;11;;1;;;;;;;;;;;;;;;;;;;;;;;;;;;;;;;;;;;;;;;;;;;
;;;;20A13EBD5DCAC0D61AF983C6A03DF4A1;88175;Scheidegg, im Allgäu;Lindenau;Waldweg;12;;1;;;;;;;;;;;;;;;;;;;;;;;;;;;;;;;;;;;;;;;;;;;
;;;;79D89E416B087315B5DB16B9512FAFFE;88175;Scheidegg, im Allgäu;Lindenau;Waldweg;13;;1;;;;;;;;;;;;;;;;;;;;;;;;;;;;;;;;;;;;;;;;;;;
;;;;86BC7757D39568ACFF9E81172727937B;88175;Scheidegg, im Allgäu;Lindenau;Waldweg;14;;1;;;;;;;;;;;;;;;;;;;;;;;;;;;;;;;;;;;;;;;;;;;
;;;;F3EB46B29CC8469F0A1236EFBE38514C;88175;Scheidegg, im Allgäu;Lindenau;Waldweg;15;;1;;;;;;;;;;;;;;;;;;;;;;;;;;;;;;;;;;;;;;;;;;;
;;;;E619A4E8F43238ED9E8C87A4D3FFD620;88175;Scheidegg, im Allgäu;Lindenau;Waldweg;16;;1;;;;;;;;;;;;;;;;;;;;;;;;;;;;;;;;;;;;;;;;;;;
;;;;8A9E4EB8CF1EAB6266FDDD9F7C6C12D6;88175;Scheidegg, im Allgäu;Lindenau;Waldweg;17;;1;;;;;;;;;;;;;;;;;;;;;;;;;;;;;;;;;;;;;;;;;;;
;;;;55A6CEF7C2AA5706C01D95D88C5E0EA3;88175;Scheidegg, im Allgäu;Lindenau;Waldweg;18;;1;;;;;;;;;;;;;;;;;;;;;;;;;;;;;;;;;;;;;;;;;;;
;;;;516220C0BC00260CAA44DFB60A468342;88175;Scheidegg, im Allgäu;Lindenau;Waldweg;19;;1;;;;;;;;;;;;;;;;;;;;;;;;;;;;;;;;;;;;;;;;;;;
;;;;6D92E1FC5E9343F52F51FBDB2EB7B921;88175;Scheidegg, im Allgäu;Lindenau;Waldweg;20;;1;;;;;;;;;;;;;;;;;;;;;;;;;;;;;;;;;;;;;;;;;;;
;;;;EE9B22129C15189C10721864A6457C14;88175;Scheidegg, im Allgäu;Lindenau;Waldweg;21;;1;;;;;;;;;;;;;;;;;;;;;;;;;;;;;;;;;;;;;;;;;;;
;;;;9391632A922F9B68882FE9222598AF91;88175;Scheidegg, im Allgäu;Lindenau;Waldweg;22;;1;;;;;;;;;;;;;;;;;;;;;;;;;;;;;;;;;;;;;;;;;;;
;;;;3F715FAB1F0B91A9DBA2B0F307B20B43;88175;Scheidegg, im Allgäu;Lindenau;Waldweg;23;;1;;;;;;;;;;;;;;;;;;;;;;;;;;;;;;;;;;;;;;;;;;;
;;;;3847B72D1BD809941DA4571C9B1B42C8;88175;Scheidegg, im Allgäu;Lindenau;Waldweg;24;;1;;;;;;;;;;;;;;;;;;;;;;;;;;;;;;;;;;;;;;;;;;;
;;;;B76799744070B9FA9ADF9C285DFD189A;88175;Scheidegg, im Allgäu;Lindenau;Waldweg;26;;1;;;;;;;;;;;;;;;;;;;;;;;;;;;;;;;;;;;;;;;;;;;
;;;;1AFA76B874877BDF6B100D05E6F1D5A7;88175;Scheidegg, im Allgäu;Lindenau;Waldweg;28;;1;;;;;;;;;;;;;;;;;;;;;;;;;;;;;;;;;;;;;;;;;;;
;;;;949FD38BEAA597963A2D458BD787E6FC;88175;Scheidegg, im Allgäu;Lindenau;Waldweg;30;;1;;;;;;;;;;;;;;;;;;;;;;;;;;;;;;;;;;;;;;;;;;;
;;;;1A62077A8958819FB89330BD32F9C1CD;88175;Scheidegg, im Allgäu;Lindenau;Waldweg;32;;1;;;;;;;;;;;;;;;;;;;;;;;;;;;;;;;;;;;;;;;;;;;
;;;;9B0701C6542EF492AABDE7538E957635;88175;Scheidegg, im Allgäu;Lindenau;Wiesenrain;1;;1;;;;;;;;;;;;;;;;;;;;;;;;;;;;;;;;;;;;;;;;;;;
;;;;11316501A4A72031FDD9047D1D41BB2B;88175;Scheidegg, im Allgäu;Lindenau;Wiesenrain;2;;1;;;;;;;;;;;;;;;;;;;;;;;;;;;;;;;;;;;;;;;;;;;
;;;;C2399E9DE97C571E599FED9C1CB9865C;88175;Scheidegg, im Allgäu;Lindenau;Wiesenrain;3;;1;;;;;;;;;;;;;;;;;;;;;;;;;;;;;;;;;;;;;;;;;;;
;;;;77714215C48F533F9727273C48D0460B;88175;Scheidegg, im Allgäu;Lindenau;Wiesenrain;4;;1;;;;;;;;;;;;;;;;;;;;;;;;;;;;;;;;;;;;;;;;;;;
;;;;1556F31B92890547921AF7200BDB20F6;88175;Scheidegg, im Allgäu;Lindenau;Wiesenrain;5;;1;;;;;;;;;;;;;;;;;;;;;;;;;;;;;;;;;;;;;;;;;;;
;;;;07F5F3C7012AF7ADBEB2B245251F0F0C;88175;Scheidegg, im Allgäu;Lindenau;Wiesenrain;6;;1;;;;;;;;;;;;;;;;;;;;;;;;;;;;;;;;;;;;;;;;;;;
;;;;8BD10B1DEE2888C65C849935B0F91C67;88175;Scheidegg, im Allgäu;Lindenau;Wiesenrain;7;;1;;;;;;;;;;;;;;;;;;;;;;;;;;;;;;;;;;;;;;;;;;;
;;;;AEC9EE21EB6F2844B7479117A6F8193F;88175;Scheidegg, im Allgäu;Lindenau;Wiesenrain;8;;1;;;;;;;;;;;;;;;;;;;;;;;;;;;;;;;;;;;;;;;;;;;
;;;;2610002632C4C3A5A40EDDE4433232E1;88175;Scheidegg, im Allgäu;Lindenau;Wiesenrain;9;;1;;;;;;;;;;;;;;;;;;;;;;;;;;;;;;;;;;;;;;;;;;;
;;;;B521580CE913D24FD1B9A27F63C29905;88175;Scheidegg, im Allgäu;Lindenau;Wiesenrain;10;;1;;;;;;;;;;;;;;;;;;;;;;;;;;;;;;;;;;;;;;;;;;;
;;;;7FFFE59481C38DF47349B826B46C80CC;88175;Scheidegg, im Allgäu;Lindenau;Wiesenrain;11;;1;;;;;;;;;;;;;;;;;;;;;;;;;;;;;;;;;;;;;;;;;;;
;;;;DA473F2701E577317E7DA2EBAAE1BED8;88175;Scheidegg, im Allgäu;Lindenau;Wiesenrain;12;;1;;;;;;;;;;;;;;;;;;;;;;;;;;;;;;;;;;;;;;;;;;;
;;;;553F40C8D56826023047DAD5EF420200;88175;Scheidegg, im Allgäu;Lindenau;Wiesenrain;13;;1;;;;;;;;;;;;;;;;;;;;;;;;;;;;;;;;;;;;;;;;;;;
;;;;A0F0634BEDFED4E33D4E6DE4F9E7B09E;88175;Scheidegg, im Allgäu;Lindenau;Wiesenrain;14;;1;;;;;;;;;;;;;;;;;;;;;;;;;;;;;;;;;;;;;;;;;;;
;;;;C650DB283857026C36FB7179423D614A;88175;Scheidegg, im Allgäu;Lindenau;Wiesenrain;15;;1;;;;;;;;;;;;;;;;;;;;;;;;;;;;;;;;;;;;;;;;;;;
;;;;79550B2C06F8F3ED6854F8E899D2203A;88175;Scheidegg, im Allgäu;Lindenau;Wiesenrain;16;;1;;;;;;;;;;;;;;;;;;;;;;;;;;;;;;;;;;;;;;;;;;;
;;;;77A9D0221711D6E5AFD32BC0A9D21BC6;88175;Scheidegg, im Allgäu;Lindenau;Wiesenrain;17;;1;;;;;;;;;;;;;;;;;;;;;;;;;;;;;;;;;;;;;;;;;;;
;;;;D19627ED22CE503AE9DF3743256DD480;88175;Scheidegg, im Allgäu;Lindenau;Wiesenrain;18;;1;;;;;;;;;;;;;;;;;;;;;;;;;;;;;;;;;;;;;;;;;;;
;;;;393A1B38719D31083746B5C6434E0DC6;88175;Scheidegg, im Allgäu;Lindenau;Wiesenrain;19;;1;;;;;;;;;;;;;;;;;;;;;;;;;;;;;;;;;;;;;;;;;;;
;;;;4F9713AFA339E06BDAFFDE7296381E1D;88175;Scheidegg, im Allgäu;Lindenau;Wiesenrain;20;;1;;;;;;;;;;;;;;;;;;;;;;;;;;;;;;;;;;;;;;;;;;;
;;;;CC12F5C3A2AA05D1B48653855468FED2;88175;Scheidegg, im Allgäu;Lindenau;Wiesenrain;21;;1;;;;;;;;;;;;;;;;;;;;;;;;;;;;;;;;;;;;;;;;;;;
;;;;0251C16E070BA0B474623F3B746B0F6E;88175;Scheidegg, im Allgäu;Lindenau;Wiesenrain;22;;1;;;;;;;;;;;;;;;;;;;;;;;;;;;;;;;;;;;;;;;;;;;
;;;;5B5787D55E6A1082F2D9397126AC7B8E;88175;Scheidegg, im Allgäu;Lindenau;Wiesenrain;23;;1;;;;;;;;;;;;;;;;;;;;;;;;;;;;;;;;;;;;;;;;;;;
;;;;61F0D21874DBCD0E5C9D09D34F11812D;88175;Scheidegg, im Allgäu;Lindenau;Wiesenrain;24;;1;;;;;;;;;;;;;;;;;;;;;;;;;;;;;;;;;;;;;;;;;;;
;;;;0DBD623579F794E969A105DDBDEC2AC8;88175;Scheidegg, im Allgäu;Lindenau;Wiesenrain;25;;1;;;;;;;;;;;;;;;;;;;;;;;;;;;;;;;;;;;;;;;;;;;
;;;;0709DF9909829188AE374C14CAE5BEAE;88175;Scheidegg, im Allgäu;Lindenau;Wiesenrain;26;;1;;;;;;;;;;;;;;;;;;;;;;;;;;;;;;;;;;;;;;;;;;;
;;;;C6E5ACD07A13133861486160F49D1CEE;88175;Scheidegg, im Allgäu;Lindenau;Wiesenrain;27;;1;;;;;;;;;;;;;;;;;;;;;;;;;;;;;;;;;;;;;;;;;;;
;;;;5B6B6A70BD5DC7B47866F3EC3031EBD8;88175;Scheidegg, im Allgäu;Lindenau;Wiesenrain;28;;1;;;;;;;;;;;;;;;;;;;;;;;;;;;;;;;;;;;;;;;;;;;
;;;;E86A184A53B87ADEBF5C7D3FA2DAE57A;88175;Scheidegg, im Allgäu;Lindenau;Wiesenrain;29;;1;;;;;;;;;;;;;;;;;;;;;;;;;;;;;;;;;;;;;;;;;;;
;;;;F4465D99D5E2BE32C6F0811023EC3DC6;88175;Scheidegg, im Allgäu;Lindenau;Wiesenrain;30;;1;;;;;;;;;;;;;;;;;;;;;;;;;;;;;;;;;;;;;;;;;;;
;;;;AB7FA28540F2D818AE04FD1BD924E1AA;88175;Scheidegg, im Allgäu;Lindenau;Wiesenrain;31;;1;;;;;;;;;;;;;;;;;;;;;;;;;;;;;;;;;;;;;;;;;;;
;;;;2414A389892770C1FA2EEFE647442A4D;88175;Scheidegg, im Allgäu;Lindenau;Wiesenrain;32;;1;;;;;;;;;;;;;;;;;;;;;;;;;;;;;;;;;;;;;;;;;;;
;;;;06F475FF123DC061B44A3CA376EC3EBC;88175;Scheidegg, im Allgäu;Lindenau;Wiesenrain;33;;1;;;;;;;;;;;;;;;;;;;;;;;;;;;;;;;;;;;;;;;;;;;
;;;;FD81F04335B9132EBA8D8112A406F31E;88175;Scheidegg, im Allgäu;Lindenau;Wiesenrain;34;;1;;;;;;;;;;;;;;;;;;;;;;;;;;;;;;;;;;;;;;;;;;;
;;;;5C1B9AB71F0869F6F2193BC314763058;88175;Scheidegg, im Allgäu;Lindenau;Wiesenrain;35;;1;;;;;;;;;;;;;;;;;;;;;;;;;;;;;;;;;;;;;;;;;;;
;;;;FC72A8C41209DC8C6C5E674EB9105E7D;88175;Scheidegg, im Allgäu;Lindenau;Wiesenrain;36;;1;;;;;;;;;;;;;;;;;;;;;;;;;;;;;;;;;;;;;;;;;;;
;;;;9DD84D74BFE694CF30E88278E560D9BD;88175;Scheidegg, im Allgäu;Lindenau;Wiesenrain;38;;1;;;;;;;;;;;;;;;;;;;;;;;;;;;;;;;;;;;;;;;;;;;
;;;;F724AD8D636EC71DB5F9E0762644B327;88175;Scheidegg, im Allgäu;Lindenau;Wiesenrain;40;;1;;;;;;;;;;;;;;;;;;;;;;;;;;;;;;;;;;;;;;;;;;;
;;;;FD72384C3CB261B1DBA4F6213244ADA5;88175;Scheidegg, im Allgäu;Lindenau;Wiesenrain;42;;1;;;;;;;;;;;;;;;;;;;;;;;;;;;;;;;;;;;;;;;;;;;
;;;;6E36D9890DA52DFE611879A59FF073CD;88175;Scheidegg, im Allgäu;Lindenau;Wiesenrain;44;;1;;;;;;;;;;;;;;;;;;;;;;;;;;;;;;;;;;;;;;;;;;;
;;;;12EB37E5DAFA3726EF4BD5B85FAAADCD;88175;Scheidegg, im Allgäu;Lindenau;Wiesenrain;46;;1;;;;;;;;;;;;;;;;;;;;;;;;;;;;;;;;;;;;;;;;;;;
;;;;73DEE8235417FCECABA9CBB2A8ED80FC;88175;Scheidegg, im Allgäu;Lindenau;Wiesenrain;48;;1;;;;;;;;;;;;;;;;;;;;;;;;;;;;;;;;;;;;;;;;;;;
;;;;99111A804A7F3ED6DC08E2F34B539EDF;88175;Scheidegg, im Allgäu;Lindenau;Wiesenrain;50;;1;;;;;;;;;;;;;;;;;;;;;;;;;;;;;;;;;;;;;;;;;;;
;;;;176884279FBF5E1E7119CB6AE2B0D88C;88175;Scheidegg, im Allgäu;Lötz;Lötz;1;;1;;;;;;;;;;;;;;;;;;;;;;;;;;;;;;;;;;;;;;;;;;;
;;;;7812A902E240ADEEDDE4DE3704D7DC61;88175;Scheidegg, im Allgäu;Lötz;Lötz;2;;1;;;;;;;;;;;;;;;;;;;;;;;;;;;;;;;;;;;;;;;;;;;
;;;;49D623E47F81DC611221660ED0BE355E;88175;Scheidegg, im Allgäu;Lötz;Lötz;5;;1;;;;;;;;;;;;;;;;;;;;;;;;;;;;;;;;;;;;;;;;;;;
;;;;E159124D60DC0D4F06E264CD1145E0A7;88175;Scheidegg, im Allgäu;Neuhaus;Neuhaus;2;;1;;;;;;;;;;;;;;;;;;;;;;;;;;;;;;;;;;;;;;;;;;;
;;;;67FB9FEB85E8659CEF22EAEA3C45391C;88175;Scheidegg, im Allgäu;Neuhaus;Neuhaus;20;;1;;;;;;;;;;;;;;;;;;;;;;;;;;;;;;;;;;;;;;;;;;;
;;;;521CCC03B527D65E85E9AB9A9326D7CC;88175;Scheidegg, im Allgäu;Neuhaus;Neuhaus;22;;1;;;;;;;;;;;;;;;;;;;;;;;;;;;;;;;;;;;;;;;;;;;
;;;;CBC4DE4BD09738592C7DE292A3C6FA8E;88175;Scheidegg, im Allgäu;Neuhaus;Neuhaus;24;;1;;;;;;;;;;;;;;;;;;;;;;;;;;;;;;;;;;;;;;;;;;;
;;;;1E11BEA6B63CBFEACFCA4D3734EF0E76;88175;Scheidegg, im Allgäu;Neuhaus;Neuhaus;25;;1;;;;;;;;;;;;;;;;;;;;;;;;;;;;;;;;;;;;;;;;;;;
;;;;5DC85374D7F80B5E763E35069705657F;88175;Scheidegg, im Allgäu;Neuhaus;Neuhaus;26;;1;;;;;;;;;;;;;;;;;;;;;;;;;;;;;;;;;;;;;;;;;;;
;;;;B898308BAC3ABC3364547AF6E92F07A3;88175;Scheidegg, im Allgäu;Neuhaus;Neuhaus;26;/A;1;;;;;;;;;;;;;;;;;;;;;;;;;;;;;;;;;;;;;;;;;;;
;;;;7087F814D6B8ECB8F97FB0543944DFA6;88175;Scheidegg, im Allgäu;Neuhaus;Neuhaus;27;;1;;;;;;;;;;;;;;;;;;;;;;;;;;;;;;;;;;;;;;;;;;;
;;;;16983DCA838D36C205519701106C4246;88175;Scheidegg, im Allgäu;Neuhaus;Neuhaus;29;;1;;;;;;;;;;;;;;;;;;;;;;;;;;;;;;;;;;;;;;;;;;;
;;;;9EA7BD4BB1693BBC30B487586901B7DA;88175;Scheidegg, im Allgäu;Neuhaus;Neuhaus;31;;1;;;;;;;;;;;;;;;;;;;;;;;;;;;;;;;;;;;;;;;;;;;
;;;;452FF1154EC9E6C497C6FCB12F921A04;88175;Scheidegg, im Allgäu;Neuhaus;Neuhaus;33;;1;;;;;;;;;;;;;;;;;;;;;;;;;;;;;;;;;;;;;;;;;;;
;;;;4A6826FC7DE7F471D720F7EC60F7B65D;88175;Scheidegg, im Allgäu;Neuhaus;Neuhaus;41;;1;;;;;;;;;;;;;;;;;;;;;;;;;;;;;;;;;;;;;;;;;;;
;;;;557F67B8789239E109EEFC066DE55CC0;88175;Scheidegg, im Allgäu;Neuhaus;Neuhaus;44;;1;;;;;;;;;;;;;;;;;;;;;;;;;;;;;;;;;;;;;;;;;;;
;;;;8E778A87E2C5369FE6578EB5CD6C59E8;88175;Scheidegg, im Allgäu;Neuhaus;Neuhaus;55;;1;;;;;;;;;;;;;;;;;;;;;;;;;;;;;;;;;;;;;;;;;;;
;;;;2AF382D32B2BE874D8556E5A3E654B2E;88175;Scheidegg, im Allgäu;Oberbuchenbühl;Oberbuchenbühl;122;;1;;;;;;;;;;;;;;;;;;;;;;;;;;;;;;;;;;;;;;;;;;;
;;;;E12E01D1F425DAB71067FE006C6AD78F;88175;Scheidegg, im Allgäu;Oberschwenden;Oberschwenden;1;;1;;;;;;;;;;;;;;;;;;;;;;;;;;;;;;;;;;;;;;;;;;;
;;;;B114CFC4349C457E75D080B122E61E07;88175;Scheidegg, im Allgäu;Oberschwenden;Oberschwenden;2;;1;;;;;;;;;;;;;;;;;;;;;;;;;;;;;;;;;;;;;;;;;;;
;;;;12430CE840826E5C209B6D1DF49CF927;88175;Scheidegg, im Allgäu;Oberschwenden;Oberschwenden;3;;1;;;;;;;;;;;;;;;;;;;;;;;;;;;;;;;;;;;;;;;;;;;
;;;;830BB85249BB2D6748A8510F8E90D746;88175;Scheidegg, im Allgäu;Oberschwenden;Oberschwenden;4;;1;;;;;;;;;;;;;;;;;;;;;;;;;;;;;;;;;;;;;;;;;;;
;;;;1A96766D69DEB05FE073950BE6C56281;88175;Scheidegg, im Allgäu;Oberschwenden;Oberschwenden;5;;1;;;;;;;;;;;;;;;;;;;;;;;;;;;;;;;;;;;;;;;;;;;
;;;;BCCDCF2FF520715E8C3A247F0E5BF031;88175;Scheidegg, im Allgäu;Oberschwenden;Oberschwenden;6;;1;;;;;;;;;;;;;;;;;;;;;;;;;;;;;;;;;;;;;;;;;;;
;;;;94CF738F792BA2ACF1049D37E93A002F;88175;Scheidegg, im Allgäu;Oberschwenden;Oberschwenden;7;;1;;;;;;;;;;;;;;;;;;;;;;;;;;;;;;;;;;;;;;;;;;;
;;;;517F2D78EBAB8D82B1FCC9AA31A01291;88175;Scheidegg, im Allgäu;Oberschwenden;Oberschwenden;8;;1;;;;;;;;;;;;;;;;;;;;;;;;;;;;;;;;;;;;;;;;;;;
;;;;ED7355241F7DF3EC357F725BF81EF9E5;88175;Scheidegg, im Allgäu;Oberschwenden;Oberschwenden;9;;1;;;;;;;;;;;;;;;;;;;;;;;;;;;;;;;;;;;;;;;;;;;
;;;;57234B23211C8A79E61BB4BA6664A307;88175;Scheidegg, im Allgäu;Oberschwenden;Oberschwenden;12;;1;;;;;;;;;;;;;;;;;;;;;;;;;;;;;;;;;;;;;;;;;;;
;;;;E645FC7EF6F5C70CA86AFFB692FCD423;88175;Scheidegg, im Allgäu;Oberschwenden;Oberschwenden;15;;1;;;;;;;;;;;;;;;;;;;;;;;;;;;;;;;;;;;;;;;;;;;
;;;;AA9D02C62631F96902852F0EB74C6739;88175;Scheidegg, im Allgäu;Oberschwenden;Oberschwenden;20;;1;;;;;;;;;;;;;;;;;;;;;;;;;;;;;;;;;;;;;;;;;;;
;;;;FFDDA315F098C33DB596DDF7CEE84E5B;88175;Scheidegg, im Allgäu;Oberschwenden;Oberschwenden;25;;1;;;;;;;;;;;;;;;;;;;;;;;;;;;;;;;;;;;;;;;;;;;
;;;;187DB62E56D6337E5741D8A4B9730E2D;88175;Scheidegg, im Allgäu;Oberstein;Oberstein;1;;1;;;;;;;;;;;;;;;;;;;;;;;;;;;;;;;;;;;;;;;;;;;
;;;;B93F4B258A577F7433F038D22DBACCF8;88175;Scheidegg, im Allgäu;Oberstein;Oberstein;5;;1;;;;;;;;;;;;;;;;;;;;;;;;;;;;;;;;;;;;;;;;;;;
;;;;7F96FC0964877125821CC63581E237B7;88175;Scheidegg, im Allgäu;Oberstein;Oberstein;7;;1;;;;;;;;;;;;;;;;;;;;;;;;;;;;;;;;;;;;;;;;;;;
;;;;CCCAF77FF9C0608DB17DC1BDD16744F7;88175;Scheidegg, im Allgäu;Oberstein;Oberstein;10;;1;;;;;;;;;;;;;;;;;;;;;;;;;;;;;;;;;;;;;;;;;;;
;;;;D25A9E0E15218EE95B275BC2600CA735;88175;Scheidegg, im Allgäu;Oberstein;Oberstein;11;;1;;;;;;;;;;;;;;;;;;;;;;;;;;;;;;;;;;;;;;;;;;;
;;;;973FF61A4AA8F4E20C396332A1BD0740;88175;Scheidegg, im Allgäu;Oberstein;Oberstein;17;;1;;;;;;;;;;;;;;;;;;;;;;;;;;;;;;;;;;;;;;;;;;;
;;;;415F8FD01ACA3D08C279B2BBA45E5FAB;88175;Scheidegg, im Allgäu;Oberstein;Oberstein;19;;1;;;;;;;;;;;;;;;;;;;;;;;;;;;;;;;;;;;;;;;;;;;
;;;;74836D9C265952FBE5F3239F5774A13F;88175;Scheidegg, im Allgäu;Oberstein;Oberstein;20;;1;;;;;;;;;;;;;;;;;;;;;;;;;;;;;;;;;;;;;;;;;;;
;;;;2C363AFE1D16FD94A1EDA627524177AF;88175;Scheidegg, im Allgäu;Oberstein;Oberstein;21;;1;;;;;;;;;;;;;;;;;;;;;;;;;;;;;;;;;;;;;;;;;;;
;;;;479D5766F9A770E8831FF318D6AB804B;88175;Scheidegg, im Allgäu;Oberstein;Oberstein;25;;1;;;;;;;;;;;;;;;;;;;;;;;;;;;;;;;;;;;;;;;;;;;
;;;;6AE8841E32A3B965229FCF8ED8C55F9E;88175;Scheidegg, im Allgäu;Oberstein;Oberstein;26;;1;;;;;;;;;;;;;;;;;;;;;;;;;;;;;;;;;;;;;;;;;;;
;;;;4257608C7A52340EE1F60993987CB695;88175;Scheidegg, im Allgäu;Oberstein;Oberstein;29;;1;;;;;;;;;;;;;;;;;;;;;;;;;;;;;;;;;;;;;;;;;;;
;;;;FAE072FBF737391F179F411FD3256919;88175;Scheidegg, im Allgäu;Oberstein;Oberstein;31;;1;;;;;;;;;;;;;;;;;;;;;;;;;;;;;;;;;;;;;;;;;;;
;;;;EA00FF563C640EB6A3A9FA3C27FCBAF2;88175;Scheidegg, im Allgäu;Oberstein;Oberstein;40;;1;;;;;;;;;;;;;;;;;;;;;;;;;;;;;;;;;;;;;;;;;;;
;;;;C8F996BF95D6B80534965C52636F672F;88175;Scheidegg, im Allgäu;Ostkinberg;Ostkinberg;1;;1;;;;;;;;;;;;;;;;;;;;;;;;;;;;;;;;;;;;;;;;;;;
;;;;2309C5A25CC7138229DEB865A34C6422;88175;Scheidegg, im Allgäu;Ostkinberg;Ostkinberg;6;;1;;;;;;;;;;;;;;;;;;;;;;;;;;;;;;;;;;;;;;;;;;;
;;;;B3E8BF97CC4025479C1D4C223EEF3A8F;88175;Scheidegg, im Allgäu;Ostkinberg;Ostkinberg;9;/A;1;;;;;;;;;;;;;;;;;;;;;;;;;;;;;;;;;;;;;;;;;;;
;;;;E857028A3E44F82F03316D133383EBF7;88175;Scheidegg, im Allgäu;Ostkinberg;Ostkinberg;9;;1;;;;;;;;;;;;;;;;;;;;;;;;;;;;;;;;;;;;;;;;;;;
;;;;A955B4BD316D53FDFEBFFEFC9B00C15A;88175;Scheidegg, im Allgäu;Ostkinberg;Ostkinberg;11;;1;;;;;;;;;;;;;;;;;;;;;;;;;;;;;;;;;;;;;;;;;;;
;;;;99792D2986656C79549AFDBADFCFAED9;88175;Scheidegg, im Allgäu;Ostkinberg;Ostkinberg;12;;1;;;;;;;;;;;;;;;;;;;;;;;;;;;;;;;;;;;;;;;;;;;
;;;;63923429176A2271234E9BBDB2302812;88175;Scheidegg, im Allgäu;Ostkinberg;Ostkinberg;14;;1;;;;;;;;;;;;;;;;;;;;;;;;;;;;;;;;;;;;;;;;;;;
;;;;F69398C0DBB9A78B3409152EC5C5FBC4;88175;Scheidegg, im Allgäu;Rappenfluh;Rappenfluh;2;;1;;;;;;;;;;;;;;;;;;;;;;;;;;;;;;;;;;;;;;;;;;;
;;;;48B574F1D0391439E755D1C39F71A5D5;88175;Scheidegg, im Allgäu;Reute;Reute;63;;1;;;;;;;;;;;;;;;;;;;;;;;;;;;;;;;;;;;;;;;;;;;
;;;;D99038F492AF3A67725BAD734D89479D;88175;Scheidegg, im Allgäu;Rickenbach;Fürstenmühle;1;;1;;;;;;;;;;;;;;;;;;;;;;;;;;;;;;;;;;;;;;;;;;;
;;;;B208A5EFCB4B4E0AA7F468BBDD93D793;88175;Scheidegg, im Allgäu;Rickenbach;Rickenbach;4;;1;;;;;;;;;;;;;;;;;;;;;;;;;;;;;;;;;;;;;;;;;;;
;;;;136AC0B6654FC796C37130228FA2B961;88175;Scheidegg, im Allgäu;Rickenbach;Rickenbach;10;;1;;;;;;;;;;;;;;;;;;;;;;;;;;;;;;;;;;;;;;;;;;;
;;;;00335EFEE233BBE329FD484B4EB083C2;88175;Scheidegg, im Allgäu;Rickenbach;Rickenbach;12;;1;;;;;;;;;;;;;;;;;;;;;;;;;;;;;;;;;;;;;;;;;;;
;;;;808859E04F297395B52A98DB68DB4CBA;88175;Scheidegg, im Allgäu;Rickenbach;Rickenbach;13;;1;;;;;;;;;;;;;;;;;;;;;;;;;;;;;;;;;;;;;;;;;;;
;;;;B106A519CB25C1385D05F56C1EFED960;88175;Scheidegg, im Allgäu;Rickenbach;Rickenbach;14;;1;;;;;;;;;;;;;;;;;;;;;;;;;;;;;;;;;;;;;;;;;;;
;;;;CB19D57FB55C6961BF20B4A16C2F3B57;88175;Scheidegg, im Allgäu;Rorgenmoos;Rorgenmoos;112;;1;;;;;;;;;;;;;;;;;;;;;;;;;;;;;;;;;;;;;;;;;;;
;;;;83FEFE20898EDBB5561794B36E2398DB;88175;Scheidegg, im Allgäu;Rorgenmoos;Rorgenmoos;113;;1;;;;;;;;;;;;;;;;;;;;;;;;;;;;;;;;;;;;;;;;;;;
;;;;716757B280AB4EFB0F28F5B15C06A33A;88175;Scheidegg, im Allgäu;Rorgenmoos;Rorgenmoos;114;/A;1;;;;;;;;;;;;;;;;;;;;;;;;;;;;;;;;;;;;;;;;;;;
;;;;2941FE0D5B1E96F8B578F552B094F8D2;88175;Scheidegg, im Allgäu;Rorgenmoos;Rorgenmoos;114;;1;;;;;;;;;;;;;;;;;;;;;;;;;;;;;;;;;;;;;;;;;;;
;;;;31BE57F052902C23325AB4D7A9372F48;88175;Scheidegg, im Allgäu;Rorgenmoos;Rorgenmoos;115;;1;;;;;;;;;;;;;;;;;;;;;;;;;;;;;;;;;;;;;;;;;;;
;;;;B12D7B416E2D43134102FE64E0A6469E;88175;Scheidegg, im Allgäu;Rorgenmoos;Rorgenmoos;115;/1/2;1;;;;;;;;;;;;;;;;;;;;;;;;;;;;;;;;;;;;;;;;;;;
;;;;B98D1B67E0F68D0797C7E71269AB1AEF;88175;Scheidegg, im Allgäu;Rorgenmoos;Rorgenmoos;131;;1;;;;;;;;;;;;;;;;;;;;;;;;;;;;;;;;;;;;;;;;;;;
;;;;6BD170400214D7E64DBCB2910B084995;88175;Scheidegg, im Allgäu;Schalkenried;Schalkenried;3;;1;;;;;;;;;;;;;;;;;;;;;;;;;;;;;;;;;;;;;;;;;;;
;;;;DE1EA367FB64DD255A192D04EA3FC59E;88175;Scheidegg, im Allgäu;Schalkenried;Schalkenried;4;;1;;;;;;;;;;;;;;;;;;;;;;;;;;;;;;;;;;;;;;;;;;;
;;;;B2A498F2825EFCECD699F9DEB4E07E99;88175;Scheidegg, im Allgäu;Schalkenried;Schalkenried;6;;1;;;;;;;;;;;;;;;;;;;;;;;;;;;;;;;;;;;;;;;;;;;
;;;;ED9957A85E7AAC6CE9A603924A863C47;88175;Scheidegg, im Allgäu;Schalkenried;Schalkenried;7;;1;;;;;;;;;;;;;;;;;;;;;;;;;;;;;;;;;;;;;;;;;;;
;;;;73ACDA18B5AD53C29A5733938B8B5176;88175;Scheidegg, im Allgäu;Schalkenried;Schalkenried;8;;1;;;;;;;;;;;;;;;;;;;;;;;;;;;;;;;;;;;;;;;;;;;
;;;;BC703D40DEDE9B53C4D3220B108FC83C;88175;Scheidegg, im Allgäu;Schalkenried;Schalkenried;9;;1;;;;;;;;;;;;;;;;;;;;;;;;;;;;;;;;;;;;;;;;;;;
;;;;D32E65A42C16DCCA4C1B897CDA683431;88175;Scheidegg, im Allgäu;Schalkenried;Schalkenried;11;;1;;;;;;;;;;;;;;;;;;;;;;;;;;;;;;;;;;;;;;;;;;;
;;;;0A2F95CF55BC39F975F8232AE3B27629;88175;Scheidegg, im Allgäu;Schalkenried;Schalkenried;12;;1;;;;;;;;;;;;;;;;;;;;;;;;;;;;;;;;;;;;;;;;;;;
;;;;E4913E542689FBC69DA35F54CA8E4674;88175;Scheidegg, im Allgäu;Schalkenried;Schalkenried;13;;1;;;;;;;;;;;;;;;;;;;;;;;;;;;;;;;;;;;;;;;;;;;
;;;;4DF5212644775C7F162DE499EB63FE97;88175;Scheidegg, im Allgäu;Schalkenried;Schalkenried;14;;1;;;;;;;;;;;;;;;;;;;;;;;;;;;;;;;;;;;;;;;;;;;
;;;;B962D04D6F4F3B11894226F580139B3B;88175;Scheidegg, im Allgäu;Schalkenried;Schalkenried;15;;1;;;;;;;;;;;;;;;;;;;;;;;;;;;;;;;;;;;;;;;;;;;
;;;;B194718E8DB4E82290BFE9FF2F8D7FCF;88175;Scheidegg, im Allgäu;Schalkenried;Schalkenried;18;;1;;;;;;;;;;;;;;;;;;;;;;;;;;;;;;;;;;;;;;;;;;;
;;;;AF1C6683AE338417B28CD80B1C250A91;88175;Scheidegg, im Allgäu;Schalkenried;Schalkenried;20;;1;;;;;;;;;;;;;;;;;;;;;;;;;;;;;;;;;;;;;;;;;;;
;;;;9053E31F9262A54C8A6B93F37BFF867D;88175;Scheidegg, im Allgäu;Schalkenried;Schalkenried;24;;1;;;;;;;;;;;;;;;;;;;;;;;;;;;;;;;;;;;;;;;;;;;
;;;;CA5A579010A80A918C059BC9BD5436C7;88175;Scheidegg, im Allgäu;Scheffau;Auf der Kutte;1;;1;;;;;;;;;;;;;;;;;;;;;;;;;;;;;;;;;;;;;;;;;;;
;;;;09C950477913DF618DA5B8CCA8721C02;88175;Scheidegg, im Allgäu;Scheffau;Auf der Kutte;2;;1;;;;;;;;;;;;;;;;;;;;;;;;;;;;;;;;;;;;;;;;;;;
;;;;672C721D6282BD38A4A2FF68081C43F8;88175;Scheidegg, im Allgäu;Scheffau;Friedrichshöhe;1;;1;;;;;;;;;;;;;;;;;;;;;;;;;;;;;;;;;;;;;;;;;;;
;;;;176559342E64E87A152976EF5253645A;88175;Scheidegg, im Allgäu;Scheffau;Friedrichshöhe;2;;1;;;;;;;;;;;;;;;;;;;;;;;;;;;;;;;;;;;;;;;;;;;
;;;;34356DF97598821467AB5098EF4A8759;88175;Scheidegg, im Allgäu;Scheffau;Friedrichshöhe;3;;1;;;;;;;;;;;;;;;;;;;;;;;;;;;;;;;;;;;;;;;;;;;
;;;;7111E4C321474BD08E3051733DF8FF9E;88175;Scheidegg, im Allgäu;Scheffau;Friedrichshöhe;4;;1;;;;;;;;;;;;;;;;;;;;;;;;;;;;;;;;;;;;;;;;;;;
;;;;32D3FC3CE1A4E1969147A16553EBEEC5;88175;Scheidegg, im Allgäu;Scheffau;Friedrichshöhe;5;;1;;;;;;;;;;;;;;;;;;;;;;;;;;;;;;;;;;;;;;;;;;;
;;;;75A255D051023001D0195CB4ADEDD9B6;88175;Scheidegg, im Allgäu;Scheffau;Friedrichshöhe;6;;1;;;;;;;;;;;;;;;;;;;;;;;;;;;;;;;;;;;;;;;;;;;
;;;;DCFB753559A9CD01FE1733FB7BC600A3;88175;Scheidegg, im Allgäu;Scheffau;Friedrichshöhe;7;;1;;;;;;;;;;;;;;;;;;;;;;;;;;;;;;;;;;;;;;;;;;;
;;;;39B1151AB40D76F78D717B5D3608BB57;88175;Scheidegg, im Allgäu;Scheffau;Friedrichshöhe;8;;1;;;;;;;;;;;;;;;;;;;;;;;;;;;;;;;;;;;;;;;;;;;
;;;;56188FEF5BBC4BBA205A1ACD53433DE1;88175;Scheidegg, im Allgäu;Scheffau;Friedrichshöhe;9;;1;;;;;;;;;;;;;;;;;;;;;;;;;;;;;;;;;;;;;;;;;;;
;;;;BAD048FCABD93296BB6AFB7B90F096EC;88175;Scheidegg, im Allgäu;Scheffau;Friedrichshöhe;10;;1;;;;;;;;;;;;;;;;;;;;;;;;;;;;;;;;;;;;;;;;;;;
;;;;A9F5402B27235632A519C523139018E3;88175;Scheidegg, im Allgäu;Scheffau;Friedrichshöhe;11;;1;;;;;;;;;;;;;;;;;;;;;;;;;;;;;;;;;;;;;;;;;;;
;;;;965979E07BF53FDB97D7B98D5CBD2DB1;88175;Scheidegg, im Allgäu;Scheffau;Friedrichshöhe;12;;1;;;;;;;;;;;;;;;;;;;;;;;;;;;;;;;;;;;;;;;;;;;
;;;;856D531D68EE25FC012AE53CDE2A89F0;88175;Scheidegg, im Allgäu;Scheffau;Friedrichshöhe;14;;1;;;;;;;;;;;;;;;;;;;;;;;;;;;;;;;;;;;;;;;;;;;
;;;;2E43AD597B1BED20F2DB930D067CAAE0;88175;Scheidegg, im Allgäu;Scheffau;Friedrichshöhe;15;;1;;;;;;;;;;;;;;;;;;;;;;;;;;;;;;;;;;;;;;;;;;;
;;;;EF14F4FD5C3D49E2D1D1FC426D213B8B;88175;Scheidegg, im Allgäu;Scheffau;Friedrichshöhe;17;;1;;;;;;;;;;;;;;;;;;;;;;;;;;;;;;;;;;;;;;;;;;;
;;;;5C55E9563EA8183066DEFB854892FE83;88175;Scheidegg, im Allgäu;Scheffau;Friedrichshöhe;19;;1;;;;;;;;;;;;;;;;;;;;;;;;;;;;;;;;;;;;;;;;;;;
;;;;C7954516973DD36925157CF38315AE60;88175;Scheidegg, im Allgäu;Scheffau;Friedrichshöhe;21;;1;;;;;;;;;;;;;;;;;;;;;;;;;;;;;;;;;;;;;;;;;;;
;;;;6233AA5D7D69A1A0A508FFB7723A9A9B;88175;Scheidegg, im Allgäu;Scheffau;Halde;4;;1;;;;;;;;;;;;;;;;;;;;;;;;;;;;;;;;;;;;;;;;;;;
;;;;25FD76C849994E2BB7CC70076707FD8A;88175;Scheidegg, im Allgäu;Scheffau;Halde;9;;1;;;;;;;;;;;;;;;;;;;;;;;;;;;;;;;;;;;;;;;;;;;
;;;;EC6B383560637587A477A9982461C1DC;88175;Scheidegg, im Allgäu;Scheffau;Halde;14;;1;;;;;;;;;;;;;;;;;;;;;;;;;;;;;;;;;;;;;;;;;;;
;;;;A042EAFEFD17DE010503AA1F46548BA5;88175;Scheidegg, im Allgäu;Scheffau;Halde;16;;1;;;;;;;;;;;;;;;;;;;;;;;;;;;;;;;;;;;;;;;;;;;
;;;;E0D66444268C2EF4A9BC5DA41377146B;88175;Scheidegg, im Allgäu;Scheffau;Halde;18;;1;;;;;;;;;;;;;;;;;;;;;;;;;;;;;;;;;;;;;;;;;;;
;;;;C5836E4C54C1F9A7E1AC3C256FD145FA;88175;Scheidegg, im Allgäu;Scheffau;Halde;19;;1;;;;;;;;;;;;;;;;;;;;;;;;;;;;;;;;;;;;;;;;;;;
;;;;00C0626AF2CD5D278FC8AA95B3C2B53D;88175;Scheidegg, im Allgäu;Scheffau;Im Ahornbühl;1;;1;;;;;;;;;;;;;;;;;;;;;;;;;;;;;;;;;;;;;;;;;;;
;;;;E41AE0728C43E2AFACAFF1BA41E87BAC;88175;Scheidegg, im Allgäu;Scheffau;Im Ahornbühl;2;;1;;;;;;;;;;;;;;;;;;;;;;;;;;;;;;;;;;;;;;;;;;;
;;;;9ABC32F9D7C78FAB80B688F10053AD02;88175;Scheidegg, im Allgäu;Scheffau;Im Ahornbühl;3;;1;;;;;;;;;;;;;;;;;;;;;;;;;;;;;;;;;;;;;;;;;;;
;;;;939D494EFE38AB60A8360A8206371F6D;88175;Scheidegg, im Allgäu;Scheffau;Im Ahornbühl;4;/A;1;;;;;;;;;;;;;;;;;;;;;;;;;;;;;;;;;;;;;;;;;;;
;;;;45AEA3678672555ABA0D58CD87661B25;88175;Scheidegg, im Allgäu;Scheffau;Im Ahornbühl;4;;1;;;;;;;;;;;;;;;;;;;;;;;;;;;;;;;;;;;;;;;;;;;
;;;;B96E28E41C19E879D7E9B0639F3C3295;88175;Scheidegg, im Allgäu;Scheffau;Im Ahornbühl;5;;1;;;;;;;;;;;;;;;;;;;;;;;;;;;;;;;;;;;;;;;;;;;
;;;;49A32BC850C3B9E565C20A8F78C96494;88175;Scheidegg, im Allgäu;Scheffau;Im Ahornbühl;6;;1;;;;;;;;;;;;;;;;;;;;;;;;;;;;;;;;;;;;;;;;;;;
;;;;E887CB01DB0E5C7F3FB86C2D37CE2808;88175;Scheidegg, im Allgäu;Scheffau;Im Ahornbühl;7;;1;;;;;;;;;;;;;;;;;;;;;;;;;;;;;;;;;;;;;;;;;;;
;;;;D3AEA77423B047F7E60E21D9FE253CA3;88175;Scheidegg, im Allgäu;Scheffau;Im Ahornbühl;8;;1;;;;;;;;;;;;;;;;;;;;;;;;;;;;;;;;;;;;;;;;;;;
;;;;DD1DDBC7896ABCC4B6C72FC28EC0FDF9;88175;Scheidegg, im Allgäu;Scheffau;Im Ahornbühl;10;;1;;;;;;;;;;;;;;;;;;;;;;;;;;;;;;;;;;;;;;;;;;;
;;;;B64F200EA6401C61D660810650BA70FA;88175;Scheidegg, im Allgäu;Scheffau;Im Ahornbühl;27;;1;;;;;;;;;;;;;;;;;;;;;;;;;;;;;;;;;;;;;;;;;;;
;;;;5A07175DCC8CE1A00BAF1CBAABD77DB1;88175;Scheidegg, im Allgäu;Scheffau;Kirchenanger;1;;1;;;;;;;;;;;;;;;;;;;;;;;;;;;;;;;;;;;;;;;;;;;
;;;;EE8FB3414A74D3F1E2216D99B0D44EE2;88175;Scheidegg, im Allgäu;Scheffau;Kirchenanger;2;;1;;;;;;;;;;;;;;;;;;;;;;;;;;;;;;;;;;;;;;;;;;;
;;;;629A728A8F6AB525F6468FF28851683C;88175;Scheidegg, im Allgäu;Scheffau;Kirchenanger;3;;1;;;;;;;;;;;;;;;;;;;;;;;;;;;;;;;;;;;;;;;;;;;
;;;;6CB1DA62332D81F29DA4B5650BB99D85;88175;Scheidegg, im Allgäu;Scheffau;Kirchenanger;4;;1;;;;;;;;;;;;;;;;;;;;;;;;;;;;;;;;;;;;;;;;;;;
;;;;FD6D8A83E9BA5B71AA70686A4D4043A4;88175;Scheidegg, im Allgäu;Scheffau;Kirchenanger;5;;1;;;;;;;;;;;;;;;;;;;;;;;;;;;;;;;;;;;;;;;;;;;
;;;;F71851AF61D843A3AC4FFB747A22A10B;88175;Scheidegg, im Allgäu;Scheffau;Kirchenanger;6;;1;;;;;;;;;;;;;;;;;;;;;;;;;;;;;;;;;;;;;;;;;;;
;;;;E41AF71CCE12DF8979A70744B7977583;88175;Scheidegg, im Allgäu;Scheffau;Kirchenanger;27;;1;;;;;;;;;;;;;;;;;;;;;;;;;;;;;;;;;;;;;;;;;;;
;;;;F3BCF3CAFDA3C703C78540C8510F773D;88175;Scheidegg, im Allgäu;Scheffau;Moosweg;1;;1;;;;;;;;;;;;;;;;;;;;;;;;;;;;;;;;;;;;;;;;;;;
;;;;C8641386AB27E2FCB36B100287A11641;88175;Scheidegg, im Allgäu;Scheffau;Moosweg;3;;1;;;;;;;;;;;;;;;;;;;;;;;;;;;;;;;;;;;;;;;;;;;
;;;;337050C6A928E85F38B0C14A9BAFCA22;88175;Scheidegg, im Allgäu;Scheffau;Moosweg;5;;1;;;;;;;;;;;;;;;;;;;;;;;;;;;;;;;;;;;;;;;;;;;
;;;;5E2B8984CBAD09135565A005E96B8999;88175;Scheidegg, im Allgäu;Scheffau;Moosweg;7;;1;;;;;;;;;;;;;;;;;;;;;;;;;;;;;;;;;;;;;;;;;;;
;;;;631973C86D8317A4197204FED21E1C52;88175;Scheidegg, im Allgäu;Scheffau;Moosweg;9;;1;;;;;;;;;;;;;;;;;;;;;;;;;;;;;;;;;;;;;;;;;;;
;;;;65D3C3D260E14B4484910E1AEB1D5FBF;88175;Scheidegg, im Allgäu;Scheffau;Moosweg;11;;1;;;;;;;;;;;;;;;;;;;;;;;;;;;;;;;;;;;;;;;;;;;
;;;;62B6EE9011FD702DCEDA6C626EDC4029;88175;Scheidegg, im Allgäu;Scheffau;Moosweg;13;;1;;;;;;;;;;;;;;;;;;;;;;;;;;;;;;;;;;;;;;;;;;;
;;;;7986E607ED914BC726A7698AFC207F17;88175;Scheidegg, im Allgäu;Scheffau;Moosweg;15;;1;;;;;;;;;;;;;;;;;;;;;;;;;;;;;;;;;;;;;;;;;;;
;;;;DC7D7C467078355A88C54E89A2582907;88175;Scheidegg, im Allgäu;Scheffau;Moosweg;17;;1;;;;;;;;;;;;;;;;;;;;;;;;;;;;;;;;;;;;;;;;;;;
;;;;F6F31B9BB99407F19754EE3A63C5F369;88175;Scheidegg, im Allgäu;Scheffau;Moosweg;19;;1;;;;;;;;;;;;;;;;;;;;;;;;;;;;;;;;;;;;;;;;;;;
;;;;0AE8FBBC7B9FF8748DC9B1C6EEC6677F;88175;Scheidegg, im Allgäu;Scheffau;Moosweg;22;;1;;;;;;;;;;;;;;;;;;;;;;;;;;;;;;;;;;;;;;;;;;;
;;;;AFD327C3231C77A86A1488E9A783119A;88175;Scheidegg, im Allgäu;Scheffau;Scheffau;2;;1;;;;;;;;;;;;;;;;;;;;;;;;;;;;;;;;;;;;;;;;;;;
;;;;4B5ADFB0B3E68AF5477D8EA0C839648B;88175;Scheidegg, im Allgäu;Scheffau;Scheffau;4;;1;;;;;;;;;;;;;;;;;;;;;;;;;;;;;;;;;;;;;;;;;;;
;;;;A7DE4BA2CE92B24129E8B91AAB39D6D9;88175;Scheidegg, im Allgäu;Scheffau;Scheffau;5;/A;1;;;;;;;;;;;;;;;;;;;;;;;;;;;;;;;;;;;;;;;;;;;
;;;;A53A2E22344C6D28301B929586B342B9;88175;Scheidegg, im Allgäu;Scheffau;Scheffau;5;;1;;;;;;;;;;;;;;;;;;;;;;;;;;;;;;;;;;;;;;;;;;;
;;;;CB377E2A5EB46DAD646155C766086C37;88175;Scheidegg, im Allgäu;Scheffau;Scheffau;5;/B;1;;;;;;;;;;;;;;;;;;;;;;;;;;;;;;;;;;;;;;;;;;;
;;;;381DD1EE4AD069521C534EA6176A36E8;88175;Scheidegg, im Allgäu;Scheffau;Scheffau;6;/A;1;;;;;;;;;;;;;;;;;;;;;;;;;;;;;;;;;;;;;;;;;;;
;;;;8E8ECF7F38D9208E2A603FCE64B74B9B;88175;Scheidegg, im Allgäu;Scheffau;Scheffau;6;;1;;;;;;;;;;;;;;;;;;;;;;;;;;;;;;;;;;;;;;;;;;;
;;;;FCFD3498FC4A433440A0759DB370C8DD;88175;Scheidegg, im Allgäu;Scheffau;Scheffau;7;;1;;;;;;;;;;;;;;;;;;;;;;;;;;;;;;;;;;;;;;;;;;;
;;;;77F9987C259C0FC6767BF17A46EFE6C5;88175;Scheidegg, im Allgäu;Scheffau;Scheffau;8;;1;;;;;;;;;;;;;;;;;;;;;;;;;;;;;;;;;;;;;;;;;;;
;;;;C7EDD0F7D2F022F2B6DB71CB88871012;88175;Scheidegg, im Allgäu;Scheffau;Scheffau;9;;1;;;;;;;;;;;;;;;;;;;;;;;;;;;;;;;;;;;;;;;;;;;
;;;;6A9C409184183EFEA647325103E58307;88175;Scheidegg, im Allgäu;Scheffau;Scheffau;9;/B;1;;;;;;;;;;;;;;;;;;;;;;;;;;;;;;;;;;;;;;;;;;;
;;;;2186748F6F2CC1CEC4050DDA81B00E25;88175;Scheidegg, im Allgäu;Scheffau;Scheffau;9;/A;1;;;;;;;;;;;;;;;;;;;;;;;;;;;;;;;;;;;;;;;;;;;
;;;;2F4B88871A8F1F5842B11B086A7A68C2;88175;Scheidegg, im Allgäu;Scheffau;Scheffau;10;;1;;;;;;;;;;;;;;;;;;;;;;;;;;;;;;;;;;;;;;;;;;;
;;;;D4E42761877037A9026E4B21AD357FD7;88175;Scheidegg, im Allgäu;Scheffau;Scheffau;10;/A;1;;;;;;;;;;;;;;;;;;;;;;;;;;;;;;;;;;;;;;;;;;;
;;;;23EF62410221F513709717A8AEB6FF2D;88175;Scheidegg, im Allgäu;Scheffau;Scheffau;10;/B;1;;;;;;;;;;;;;;;;;;;;;;;;;;;;;;;;;;;;;;;;;;;
;;;;0188E8A41C42640A055C7E602F7992CC;88175;Scheidegg, im Allgäu;Scheffau;Scheffau;11;;1;;;;;;;;;;;;;;;;;;;;;;;;;;;;;;;;;;;;;;;;;;;
;;;;C0B7C63420AF228F09D26FA2493F5D5D;88175;Scheidegg, im Allgäu;Scheffau;Scheffau;12;;1;;;;;;;;;;;;;;;;;;;;;;;;;;;;;;;;;;;;;;;;;;;
;;;;88726089F8C13420026FF130BB17E60A;88175;Scheidegg, im Allgäu;Scheffau;Scheffau;13;;1;;;;;;;;;;;;;;;;;;;;;;;;;;;;;;;;;;;;;;;;;;;
;;;;4481017C22A82D329F38A93A2E8424BF;88175;Scheidegg, im Allgäu;Scheffau;Scheffau;14;;1;;;;;;;;;;;;;;;;;;;;;;;;;;;;;;;;;;;;;;;;;;;
;;;;D0107C1B0E8B4258F25EBF6095E6BFCD;88175;Scheidegg, im Allgäu;Scheffau;Scheffau;14;/A;1;;;;;;;;;;;;;;;;;;;;;;;;;;;;;;;;;;;;;;;;;;;
;;;;692F594E0DF86A15F692A183E78D8ADD;88175;Scheidegg, im Allgäu;Scheffau;Scheffau;15;;1;;;;;;;;;;;;;;;;;;;;;;;;;;;;;;;;;;;;;;;;;;;
;;;;6823732590FA87F1A5EC400D246D614D;88175;Scheidegg, im Allgäu;Scheffau;Scheffau;15;/A;1;;;;;;;;;;;;;;;;;;;;;;;;;;;;;;;;;;;;;;;;;;;
;;;;B872C85D0B02BC39CAAFD4ABF1A2D458;88175;Scheidegg, im Allgäu;Scheffau;Scheffau;15;/B;1;;;;;;;;;;;;;;;;;;;;;;;;;;;;;;;;;;;;;;;;;;;
;;;;893441B5E45B7E37495197693CA43458;88175;Scheidegg, im Allgäu;Scheffau;Scheffau;16;;1;;;;;;;;;;;;;;;;;;;;;;;;;;;;;;;;;;;;;;;;;;;
;;;;42625F119B1F704C1AF2E341229C1A76;88175;Scheidegg, im Allgäu;Scheffau;Scheffau;17;;1;;;;;;;;;;;;;;;;;;;;;;;;;;;;;;;;;;;;;;;;;;;
;;;;FFFC70C8918F693B2D6483DC23329421;88175;Scheidegg, im Allgäu;Scheffau;Scheffau;17;/A;1;;;;;;;;;;;;;;;;;;;;;;;;;;;;;;;;;;;;;;;;;;;
;;;;FD5F778BD148427A1405037B726458F4;88175;Scheidegg, im Allgäu;Scheffau;Scheffau;18;;1;;;;;;;;;;;;;;;;;;;;;;;;;;;;;;;;;;;;;;;;;;;
;;;;C122830A135E89C90C96B52E345244AF;88175;Scheidegg, im Allgäu;Scheffau;Scheffau;19;;1;;;;;;;;;;;;;;;;;;;;;;;;;;;;;;;;;;;;;;;;;;;
;;;;EA1358D38F2D3D93948B5AD7D267FF24;88175;Scheidegg, im Allgäu;Scheffau;Scheffau;21;;1;;;;;;;;;;;;;;;;;;;;;;;;;;;;;;;;;;;;;;;;;;;
;;;;740C9F5220E7167B942B29E51119087B;88175;Scheidegg, im Allgäu;Scheffau;Scheffau;23;;1;;;;;;;;;;;;;;;;;;;;;;;;;;;;;;;;;;;;;;;;;;;
;;;;CA85E93EE17D4CCBAF1C951D3BCBADFA;88175;Scheidegg, im Allgäu;Scheffau;Scheffau;25;;1;;;;;;;;;;;;;;;;;;;;;;;;;;;;;;;;;;;;;;;;;;;
;;;;3BCF56358E92A63FB09622EF46C7F735;88175;Scheidegg, im Allgäu;Scheffau;Scheffau;26;;1;;;;;;;;;;;;;;;;;;;;;;;;;;;;;;;;;;;;;;;;;;;
;;;;7C1A629DAF82C38132FFFDF191C89816;88175;Scheidegg, im Allgäu;Scheffau;Scheffau;26;/A;1;;;;;;;;;;;;;;;;;;;;;;;;;;;;;;;;;;;;;;;;;;;
;;;;3C7EC98590BA0EB16982A4262CB883A7;88175;Scheidegg, im Allgäu;Scheffau;Scheffau;33;;1;;;;;;;;;;;;;;;;;;;;;;;;;;;;;;;;;;;;;;;;;;;
;;;;70A15C73132FFF1DCFAC3059D5486558;88175;Scheidegg, im Allgäu;Scheffau;Sonnenwinkel;2;;1;;;;;;;;;;;;;;;;;;;;;;;;;;;;;;;;;;;;;;;;;;;
;;;;42D8600872AEAF8897D99404CEDDD419;88175;Scheidegg, im Allgäu;Scheffau;Sonnenwinkel;7;;1;;;;;;;;;;;;;;;;;;;;;;;;;;;;;;;;;;;;;;;;;;;
;;;;05C18ED3A3099E25378B6F4B30724BC5;88175;Scheidegg, im Allgäu;Scheffau;Sonnenwinkel;7;/A;1;;;;;;;;;;;;;;;;;;;;;;;;;;;;;;;;;;;;;;;;;;;
;;;;D9C661A86D3FBD822A5D2091E86C389B;88175;Scheidegg, im Allgäu;Scheffau;Sonnenwinkel;17;;1;;;;;;;;;;;;;;;;;;;;;;;;;;;;;;;;;;;;;;;;;;;
;;;;A1B078B1A27A501D0806639287587A98;88175;Scheidegg, im Allgäu;Scheffau;Sonnenwinkel;28;;1;;;;;;;;;;;;;;;;;;;;;;;;;;;;;;;;;;;;;;;;;;;
;;;;20AB6A54EC4CE6E0727151E1819AFA17;88175;Scheidegg, im Allgäu;Scheidegg;Alemannenweg;2;;1;;;;;;;;;;;;;;;;;;;;;;;;;;;;;;;;;;;;;;;;;;;
;;;;1D58CCA8EE38203D325602E44E874EAC;88175;Scheidegg, im Allgäu;Scheidegg;Alemannenweg;3;;1;;;;;;;;;;;;;;;;;;;;;;;;;;;;;;;;;;;;;;;;;;;
;;;;7EBDF4D04A6C16BA5962BCDDCB68E32B;88175;Scheidegg, im Allgäu;Scheidegg;Alemannenweg;4;;1;;;;;;;;;;;;;;;;;;;;;;;;;;;;;;;;;;;;;;;;;;;
;;;;1A31150C78149EEFFE0AEF5F6E9EFAD9;88175;Scheidegg, im Allgäu;Scheidegg;Alemannenweg;5;;1;;;;;;;;;;;;;;;;;;;;;;;;;;;;;;;;;;;;;;;;;;;
;;;;7A62B946DFCAE1BBC726EC10C5E38486;88175;Scheidegg, im Allgäu;Scheidegg;Alemannenweg;6;;1;;;;;;;;;;;;;;;;;;;;;;;;;;;;;;;;;;;;;;;;;;;
;;;;ED4C80B31404FFA8D2D504F6432D4545;88175;Scheidegg, im Allgäu;Scheidegg;Alemannenweg;7;;1;;;;;;;;;;;;;;;;;;;;;;;;;;;;;;;;;;;;;;;;;;;
;;;;CDBEEE912914038B5E8E00DD0A23FEE1;88175;Scheidegg, im Allgäu;Scheidegg;Alemannenweg;10;;1;;;;;;;;;;;;;;;;;;;;;;;;;;;;;;;;;;;;;;;;;;;
;;;;D4238819DB336CDC4DCF176746FEA9EF;88175;Scheidegg, im Allgäu;Scheidegg;Alemannenweg;11;;1;;;;;;;;;;;;;;;;;;;;;;;;;;;;;;;;;;;;;;;;;;;
;;;;C1A6909B6506B57716185CDF29BC5070;88175;Scheidegg, im Allgäu;Scheidegg;Alemannenweg;13;;1;;;;;;;;;;;;;;;;;;;;;;;;;;;;;;;;;;;;;;;;;;;
;;;;BA2F7385392BB7CE8909D3541102086C;88175;Scheidegg, im Allgäu;Scheidegg;Alemannenweg;14;;1;;;;;;;;;;;;;;;;;;;;;;;;;;;;;;;;;;;;;;;;;;;
;;;;D4B20B52D707A86F1E230C7EC5D8C3FC;88175;Scheidegg, im Allgäu;Scheidegg;Alemannenweg;15;;1;;;;;;;;;;;;;;;;;;;;;;;;;;;;;;;;;;;;;;;;;;;
;;;;74E63250B6E7229CD304694F651D11C1;88175;Scheidegg, im Allgäu;Scheidegg;Alemannenweg;17;;1;;;;;;;;;;;;;;;;;;;;;;;;;;;;;;;;;;;;;;;;;;;
;;;;A814F2778EE73122286CF7E1B9D0CCC6;88175;Scheidegg, im Allgäu;Scheidegg;Alemannenweg;18;;1;;;;;;;;;;;;;;;;;;;;;;;;;;;;;;;;;;;;;;;;;;;
;;;;5170361B87E6E407A2DC80B5FF47202F;88175;Scheidegg, im Allgäu;Scheidegg;Alemannenweg;19;;1;;;;;;;;;;;;;;;;;;;;;;;;;;;;;;;;;;;;;;;;;;;
;;;;001091EFB6AEB84F4FF2218439333B75;88175;Scheidegg, im Allgäu;Scheidegg;Alemannenweg;20;;1;;;;;;;;;;;;;;;;;;;;;;;;;;;;;;;;;;;;;;;;;;;
;;;;EDB329CCCA0CEA52F31B6C2837D558C6;88175;Scheidegg, im Allgäu;Scheidegg;Alemannenweg;21;;1;;;;;;;;;;;;;;;;;;;;;;;;;;;;;;;;;;;;;;;;;;;
;;;;17216E2AC2FB8D97C3C3C20C76CAB473;88175;Scheidegg, im Allgäu;Scheidegg;Alemannenweg;23;;1;;;;;;;;;;;;;;;;;;;;;;;;;;;;;;;;;;;;;;;;;;;
;;;;D3D618E9F8AB28B9A0DBD308BFEBDA5F;88175;Scheidegg, im Allgäu;Scheidegg;Alemannenweg;26;;1;;;;;;;;;;;;;;;;;;;;;;;;;;;;;;;;;;;;;;;;;;;
;;;;67929584B99E87FE1CA7B88740CC981B;88175;Scheidegg, im Allgäu;Scheidegg;Alemannenweg;27;;1;;;;;;;;;;;;;;;;;;;;;;;;;;;;;;;;;;;;;;;;;;;
;;;;D07E863A5EB3995930CFE281E6F33B98;88175;Scheidegg, im Allgäu;Scheidegg;Alemannenweg;28;;1;;;;;;;;;;;;;;;;;;;;;;;;;;;;;;;;;;;;;;;;;;;
;;;;165D98C1C37852B2A6380EED700880D7;88175;Scheidegg, im Allgäu;Scheidegg;Alemannenweg;29;;1;;;;;;;;;;;;;;;;;;;;;;;;;;;;;;;;;;;;;;;;;;;
;;;;A175BED664CDAF99CE00391E77A3BA2A;88175;Scheidegg, im Allgäu;Scheidegg;Alemannenweg;30;;1;;;;;;;;;;;;;;;;;;;;;;;;;;;;;;;;;;;;;;;;;;;
;;;;898F63C708C471381EEF7626D58388A9;88175;Scheidegg, im Allgäu;Scheidegg;Alemannenweg;31;;1;;;;;;;;;;;;;;;;;;;;;;;;;;;;;;;;;;;;;;;;;;;
;;;;6E37FF7F2E1AA123886CD6CEA9DE57CA;88175;Scheidegg, im Allgäu;Scheidegg;Alpenweg;48;;1;;;;;;;;;;;;;;;;;;;;;;;;;;;;;;;;;;;;;;;;;;;
;;;;6F15C5C79CE9271C954564D6015DC7B3;88175;Scheidegg, im Allgäu;Scheidegg;Alpenweg;50;;1;;;;;;;;;;;;;;;;;;;;;;;;;;;;;;;;;;;;;;;;;;;
;;;;E42683333E75098191EBF923493DD8AF;88175;Scheidegg, im Allgäu;Scheidegg;Alpenweg;52;;1;;;;;;;;;;;;;;;;;;;;;;;;;;;;;;;;;;;;;;;;;;;
;;;;597F3A4D288ED85E3D2FD1EF958E0751;88175;Scheidegg, im Allgäu;Scheidegg;Alte Salzstraße;1;;1;;;;;;;;;;;;;;;;;;;;;;;;;;;;;;;;;;;;;;;;;;;
;;;;B5F71FA37974DB248B90560AD6968321;88175;Scheidegg, im Allgäu;Scheidegg;Alte Salzstraße;2;;1;;;;;;;;;;;;;;;;;;;;;;;;;;;;;;;;;;;;;;;;;;;
;;;;6F4F11CD1C5E8CD417F09D56D5650DF6;88175;Scheidegg, im Allgäu;Scheidegg;Alte Salzstraße;3;;1;;;;;;;;;;;;;;;;;;;;;;;;;;;;;;;;;;;;;;;;;;;
;;;;903D8F2905EC1BAE0DC8638477D3595F;88175;Scheidegg, im Allgäu;Scheidegg;Alte Salzstraße;4;;1;;;;;;;;;;;;;;;;;;;;;;;;;;;;;;;;;;;;;;;;;;;
;;;;051C8450BC1B013512ECE0A70A17BC64;88175;Scheidegg, im Allgäu;Scheidegg;Alte Salzstraße;5;;1;;;;;;;;;;;;;;;;;;;;;;;;;;;;;;;;;;;;;;;;;;;
;;;;AA8E34A677393AF99E6D2B60738CE89E;88175;Scheidegg, im Allgäu;Scheidegg;Alte Salzstraße;6;;1;;;;;;;;;;;;;;;;;;;;;;;;;;;;;;;;;;;;;;;;;;;
;;;;DB9D72212D45EA692FB59B1D55F9694B;88175;Scheidegg, im Allgäu;Scheidegg;Alte Salzstraße;7;;1;;;;;;;;;;;;;;;;;;;;;;;;;;;;;;;;;;;;;;;;;;;
;;;;FABA2773CB993EC80CABD8BED93711BF;88175;Scheidegg, im Allgäu;Scheidegg;Alte Salzstraße;8;;1;;;;;;;;;;;;;;;;;;;;;;;;;;;;;;;;;;;;;;;;;;;
;;;;9B479421A33391E4B00A5A7895E43989;88175;Scheidegg, im Allgäu;Scheidegg;Alte Salzstraße;10;;1;;;;;;;;;;;;;;;;;;;;;;;;;;;;;;;;;;;;;;;;;;;
;;;;A4BFE666215A5300F41E7CE71A8F19BA;88175;Scheidegg, im Allgäu;Scheidegg;Alte Salzstraße;11;;1;;;;;;;;;;;;;;;;;;;;;;;;;;;;;;;;;;;;;;;;;;;
;;;;FED46EC68A327E1D7FD2B7C16535351D;88175;Scheidegg, im Allgäu;Scheidegg;Alte Salzstraße;12;;1;;;;;;;;;;;;;;;;;;;;;;;;;;;;;;;;;;;;;;;;;;;
;;;;83AFB3A7C3A9C2CF64FD839E96A9047C;88175;Scheidegg, im Allgäu;Scheidegg;Alte Salzstraße;13;;1;;;;;;;;;;;;;;;;;;;;;;;;;;;;;;;;;;;;;;;;;;;
;;;;0D22D04CECE323C878ED52CF3D6B0874;88175;Scheidegg, im Allgäu;Scheidegg;Alte Salzstraße;14;;1;;;;;;;;;;;;;;;;;;;;;;;;;;;;;;;;;;;;;;;;;;;
;;;;EFF3658E9427579676C9C3E4CDAB5546;88175;Scheidegg, im Allgäu;Scheidegg;Alte Salzstraße;15;;1;;;;;;;;;;;;;;;;;;;;;;;;;;;;;;;;;;;;;;;;;;;
;;;;B63F81FFAFFCFED04158F182180944D1;88175;Scheidegg, im Allgäu;Scheidegg;Alte Salzstraße;16;;1;;;;;;;;;;;;;;;;;;;;;;;;;;;;;;;;;;;;;;;;;;;
;;;;EAAEBC1C8833F6335C74043D3CB5CA43;88175;Scheidegg, im Allgäu;Scheidegg;Am Blasenberg;1;;1;;;;;;;;;;;;;;;;;;;;;;;;;;;;;;;;;;;;;;;;;;;
;;;;34AADD805A65D18ED85594A99B535A35;88175;Scheidegg, im Allgäu;Scheidegg;Am Blasenberg;2;;1;;;;;;;;;;;;;;;;;;;;;;;;;;;;;;;;;;;;;;;;;;;
;;;;16DE7C0A89D53C05CCADCC3DE3141B0C;88175;Scheidegg, im Allgäu;Scheidegg;Am Blasenberg;3;;1;;;;;;;;;;;;;;;;;;;;;;;;;;;;;;;;;;;;;;;;;;;
;;;;E26B667057EA715D63EB61299FEE1032;88175;Scheidegg, im Allgäu;Scheidegg;Am Blasenberg;4;;1;;;;;;;;;;;;;;;;;;;;;;;;;;;;;;;;;;;;;;;;;;;
;;;;C90B5D958F28449EAE5E0EDCD6391A9B;88175;Scheidegg, im Allgäu;Scheidegg;Am Blasenberg;6;;1;;;;;;;;;;;;;;;;;;;;;;;;;;;;;;;;;;;;;;;;;;;
;;;;CEAF78310F6F68216651077D82745078;88175;Scheidegg, im Allgäu;Scheidegg;Am Blasenberg;8;;1;;;;;;;;;;;;;;;;;;;;;;;;;;;;;;;;;;;;;;;;;;;
;;;;E42D2EAF3574E32821F582CDF8ABF57C;88175;Scheidegg, im Allgäu;Scheidegg;Am Blasenberg;10;;1;;;;;;;;;;;;;;;;;;;;;;;;;;;;;;;;;;;;;;;;;;;
;;;;463E0EE129294DA3BABCD165097960CE;88175;Scheidegg, im Allgäu;Scheidegg;Am Blasenberg;12;;1;;;;;;;;;;;;;;;;;;;;;;;;;;;;;;;;;;;;;;;;;;;
;;;;179803E6D3F3E0BD86B8F5E4951D8B86;88175;Scheidegg, im Allgäu;Scheidegg;Am Brunnenbühl;1;;1;;;;;;;;;;;;;;;;;;;;;;;;;;;;;;;;;;;;;;;;;;;
;;;;C9F6CA07152A331052FB8D4453FADBCD;88175;Scheidegg, im Allgäu;Scheidegg;Am Brunnenbühl;2;/A;1;;;;;;;;;;;;;;;;;;;;;;;;;;;;;;;;;;;;;;;;;;;
;;;;DF8F7494E6EABF42C094E601A4EED957;88175;Scheidegg, im Allgäu;Scheidegg;Am Brunnenbühl;2;;1;;;;;;;;;;;;;;;;;;;;;;;;;;;;;;;;;;;;;;;;;;;
;;;;0C54A0E1CA7AD758C3408F4DAB52AEB2;88175;Scheidegg, im Allgäu;Scheidegg;Am Brunnenbühl;3;;1;;;;;;;;;;;;;;;;;;;;;;;;;;;;;;;;;;;;;;;;;;;
;;;;586662BEC45C18718C8DDBB7AB975607;88175;Scheidegg, im Allgäu;Scheidegg;Am Brunnenbühl;4;;1;;;;;;;;;;;;;;;;;;;;;;;;;;;;;;;;;;;;;;;;;;;
;;;;490B2944AE85FB69EBA71606525350D7;88175;Scheidegg, im Allgäu;Scheidegg;Am Brunnenbühl;5;;1;;;;;;;;;;;;;;;;;;;;;;;;;;;;;;;;;;;;;;;;;;;
;;;;CA14A3602471E0BCA4897F4EC708B6C9;88175;Scheidegg, im Allgäu;Scheidegg;Am Brunnenbühl;6;;1;;;;;;;;;;;;;;;;;;;;;;;;;;;;;;;;;;;;;;;;;;;
;;;;3EC78EA0A3BBDA7A788FBACCF70936ED;88175;Scheidegg, im Allgäu;Scheidegg;Am Brunnenbühl;7;;1;;;;;;;;;;;;;;;;;;;;;;;;;;;;;;;;;;;;;;;;;;;
;;;;950B75FE14DAE16B54A03A9B5DC0BA1B;88175;Scheidegg, im Allgäu;Scheidegg;Am Brunnenbühl;8;;1;;;;;;;;;;;;;;;;;;;;;;;;;;;;;;;;;;;;;;;;;;;
;;;;77C1F878E78FEAEEEF1BFBA5D66296BA;88175;Scheidegg, im Allgäu;Scheidegg;Am Brunnenbühl;9;/A;1;;;;;;;;;;;;;;;;;;;;;;;;;;;;;;;;;;;;;;;;;;;
;;;;729090E4A46803A41B65C338F8DF26FA;88175;Scheidegg, im Allgäu;Scheidegg;Am Brunnenbühl;9;/C;1;;;;;;;;;;;;;;;;;;;;;;;;;;;;;;;;;;;;;;;;;;;
;;;;263C3CF1444A13CDF38CD4F402BAD904;88175;Scheidegg, im Allgäu;Scheidegg;Am Brunnenbühl;9;/B;1;;;;;;;;;;;;;;;;;;;;;;;;;;;;;;;;;;;;;;;;;;;
;;;;450A6D8EC2EE7B45144E65CC26DCDCF4;88175;Scheidegg, im Allgäu;Scheidegg;Am Brunnenbühl;10;;1;;;;;;;;;;;;;;;;;;;;;;;;;;;;;;;;;;;;;;;;;;;
;;;;8F537EE6B09BA03EB5078F799BCF6112;88175;Scheidegg, im Allgäu;Scheidegg;Am Brunnenbühl;11;;1;;;;;;;;;;;;;;;;;;;;;;;;;;;;;;;;;;;;;;;;;;;
;;;;33D6498861B85C76D8478667DA3954FA;88175;Scheidegg, im Allgäu;Scheidegg;Am Brunnenbühl;12;;1;;;;;;;;;;;;;;;;;;;;;;;;;;;;;;;;;;;;;;;;;;;
;;;;620A062AA5F4B3BA52777F215CE639E3;88175;Scheidegg, im Allgäu;Scheidegg;Am Brunnenbühl;13;;1;;;;;;;;;;;;;;;;;;;;;;;;;;;;;;;;;;;;;;;;;;;
;;;;06031526CA394A16F3C2EC4B8A9D39EF;88175;Scheidegg, im Allgäu;Scheidegg;Am Brunnenbühl;17;;1;;;;;;;;;;;;;;;;;;;;;;;;;;;;;;;;;;;;;;;;;;;
;;;;3DABBCC5396A07089C19321E7F03BD7F;88175;Scheidegg, im Allgäu;Scheidegg;Am Brunnenbühl;19;;1;;;;;;;;;;;;;;;;;;;;;;;;;;;;;;;;;;;;;;;;;;;
;;;;4DDB95FAC2AA22A5C4E7BC1B56B15046;88175;Scheidegg, im Allgäu;Scheidegg;Am Durchlaß;5;;1;;;;;;;;;;;;;;;;;;;;;;;;;;;;;;;;;;;;;;;;;;;
;;;;7A60CE1E65DA1DEE14D4168B939C4FE8;88175;Scheidegg, im Allgäu;Scheidegg;Am Durchlaß;7;;1;;;;;;;;;;;;;;;;;;;;;;;;;;;;;;;;;;;;;;;;;;;
;;;;0409E64DBECB2D1204C59D2E3F87B63C;88175;Scheidegg, im Allgäu;Scheidegg;Am Durchlaß;8;;1;;;;;;;;;;;;;;;;;;;;;;;;;;;;;;;;;;;;;;;;;;;
;;;;298C1B75CE5925EAF55F2B9834687AA9;88175;Scheidegg, im Allgäu;Scheidegg;Am Durchlaß;10;;1;;;;;;;;;;;;;;;;;;;;;;;;;;;;;;;;;;;;;;;;;;;
;;;;690E3B6653A75FDA46C354CA352F62CC;88175;Scheidegg, im Allgäu;Scheidegg;Am Durchlaß;12;;1;;;;;;;;;;;;;;;;;;;;;;;;;;;;;;;;;;;;;;;;;;;
;;;;A7D30A69ABE008C21D546CF05D9A02F1;88175;Scheidegg, im Allgäu;Scheidegg;Am Hammerbach;1;;1;;;;;;;;;;;;;;;;;;;;;;;;;;;;;;;;;;;;;;;;;;;
;;;;A4F2FDBDB3D4E5D5046BEDDA145BFC97;88175;Scheidegg, im Allgäu;Scheidegg;Am Hammerbach;3;;1;;;;;;;;;;;;;;;;;;;;;;;;;;;;;;;;;;;;;;;;;;;
;;;;38198F39BE5B98A8024EBEFB42292425;88175;Scheidegg, im Allgäu;Scheidegg;Am Hammerbach;4;;1;;;;;;;;;;;;;;;;;;;;;;;;;;;;;;;;;;;;;;;;;;;
;;;;9232A9044513F9C6684A51BEEFCBD52A;88175;Scheidegg, im Allgäu;Scheidegg;Am Hammerbach;5;;1;;;;;;;;;;;;;;;;;;;;;;;;;;;;;;;;;;;;;;;;;;;
;;;;DB1E4DE3CF1A055DDC84EAFD6419D3D0;88175;Scheidegg, im Allgäu;Scheidegg;Am Hammerbach;6;;1;;;;;;;;;;;;;;;;;;;;;;;;;;;;;;;;;;;;;;;;;;;
;;;;F2B60E45306117D2168476D6AAB4D65C;88175;Scheidegg, im Allgäu;Scheidegg;Am Hammerbach;7;;1;;;;;;;;;;;;;;;;;;;;;;;;;;;;;;;;;;;;;;;;;;;
;;;;1FEA173EE94A919D7DFC58D2EDE47861;88175;Scheidegg, im Allgäu;Scheidegg;Am Hammerbach;8;;1;;;;;;;;;;;;;;;;;;;;;;;;;;;;;;;;;;;;;;;;;;;
;;;;BEAC4F9755665169E0A791B50D26669E;88175;Scheidegg, im Allgäu;Scheidegg;Am Hammerbach;10;;1;;;;;;;;;;;;;;;;;;;;;;;;;;;;;;;;;;;;;;;;;;;
;;;;21DD36B6A09C6F97F95CC335BFF676A2;88175;Scheidegg, im Allgäu;Scheidegg;Am Hammerbach;12;;1;;;;;;;;;;;;;;;;;;;;;;;;;;;;;;;;;;;;;;;;;;;
;;;;1A8434CF8207E75D00FC686C43FD8332;88175;Scheidegg, im Allgäu;Scheidegg;Am Hammerbach;12;/A;1;;;;;;;;;;;;;;;;;;;;;;;;;;;;;;;;;;;;;;;;;;;
;;;;CB8CDD5732D0DEC54ABA3988E35D626E;88175;Scheidegg, im Allgäu;Scheidegg;Am Hammerbach;14;;1;;;;;;;;;;;;;;;;;;;;;;;;;;;;;;;;;;;;;;;;;;;
;;;;49A59BDF7C908F1479F0AFCAED2DFF16;88175;Scheidegg, im Allgäu;Scheidegg;Am Hammerbach;15;;1;;;;;;;;;;;;;;;;;;;;;;;;;;;;;;;;;;;;;;;;;;;
;;;;CFC54BA30AA6967E067CDB406E1A3522;88175;Scheidegg, im Allgäu;Scheidegg;Am Hammerbach;16;;1;;;;;;;;;;;;;;;;;;;;;;;;;;;;;;;;;;;;;;;;;;;
;;;;55B5D4654F6C3C7F0FC3766FDF8FB752;88175;Scheidegg, im Allgäu;Scheidegg;Am Hammerbach;17;;1;;;;;;;;;;;;;;;;;;;;;;;;;;;;;;;;;;;;;;;;;;;
;;;;C151DB7777BDFABD3E946562CC54B728;88175;Scheidegg, im Allgäu;Scheidegg;Am Hammerbach;18;;1;;;;;;;;;;;;;;;;;;;;;;;;;;;;;;;;;;;;;;;;;;;
;;;;B0B83D69E3C948B6CDCE7CC8D8B5DB56;88175;Scheidegg, im Allgäu;Scheidegg;Am Hammerbach;20;;1;;;;;;;;;;;;;;;;;;;;;;;;;;;;;;;;;;;;;;;;;;;
;;;;4C1B5A2EF848A1614E3044A2DE74F3AF;88175;Scheidegg, im Allgäu;Scheidegg;Am Hammerweiher;1;;1;;;;;;;;;;;;;;;;;;;;;;;;;;;;;;;;;;;;;;;;;;;
;;;;19975B2DC2984A9AFBF14D4FAA2772F8;88175;Scheidegg, im Allgäu;Scheidegg;Am Hammerweiher;3;;1;;;;;;;;;;;;;;;;;;;;;;;;;;;;;;;;;;;;;;;;;;;
;;;;1C164B9A4B940378A49DF048BE85E63D;88175;Scheidegg, im Allgäu;Scheidegg;Am Hammerweiher;5;;1;;;;;;;;;;;;;;;;;;;;;;;;;;;;;;;;;;;;;;;;;;;
;;;;F071D045413345DC77AFD23A7C628826;88175;Scheidegg, im Allgäu;Scheidegg;Am Kurpark;1;;1;;;;;;;;;;;;;;;;;;;;;;;;;;;;;;;;;;;;;;;;;;;
;;;;5E867C99CF6BE0786F53641DE9D5B3F1;88175;Scheidegg, im Allgäu;Scheidegg;Am Kurpark;2;/A;1;;;;;;;;;;;;;;;;;;;;;;;;;;;;;;;;;;;;;;;;;;;
;;;;B143B36B0A63DB96D328597C9E08C066;88175;Scheidegg, im Allgäu;Scheidegg;Am Kurpark;2;;1;;;;;;;;;;;;;;;;;;;;;;;;;;;;;;;;;;;;;;;;;;;
;;;;98DCAB6A3C3FB8D271986998F1AB4513;88175;Scheidegg, im Allgäu;Scheidegg;Am Kurpark;3;;1;;;;;;;;;;;;;;;;;;;;;;;;;;;;;;;;;;;;;;;;;;;
;;;;CAFE912801D6F5ABBE6366173D229D88;88175;Scheidegg, im Allgäu;Scheidegg;Am Kurpark;4;;1;;;;;;;;;;;;;;;;;;;;;;;;;;;;;;;;;;;;;;;;;;;
;;;;AF07855605B6EBC98B7E5C75A8EA3FB2;88175;Scheidegg, im Allgäu;Scheidegg;Am Kurpark;5;;1;;;;;;;;;;;;;;;;;;;;;;;;;;;;;;;;;;;;;;;;;;;
;;;;D502ACE60EAE38BAFDAB3FC7F73BE119;88175;Scheidegg, im Allgäu;Scheidegg;Am Kurpark;6;;1;;;;;;;;;;;;;;;;;;;;;;;;;;;;;;;;;;;;;;;;;;;
;;;;4B1CB67BE0801CE883A71448BA8BDD90;88175;Scheidegg, im Allgäu;Scheidegg;Am Kurpark;7;;1;;;;;;;;;;;;;;;;;;;;;;;;;;;;;;;;;;;;;;;;;;;
;;;;DBD16A5E83FA1C1EFB32C44C22446DC5;88175;Scheidegg, im Allgäu;Scheidegg;Am Kurpark;8;;1;;;;;;;;;;;;;;;;;;;;;;;;;;;;;;;;;;;;;;;;;;;
;;;;7D3840651EC2721A2953C8B806AD8E58;88175;Scheidegg, im Allgäu;Scheidegg;Am Kurpark;9;;1;;;;;;;;;;;;;;;;;;;;;;;;;;;;;;;;;;;;;;;;;;;
;;;;51114F1CD5C69A61463FEC198B694018;88175;Scheidegg, im Allgäu;Scheidegg;Am Kurpark;10;;1;;;;;;;;;;;;;;;;;;;;;;;;;;;;;;;;;;;;;;;;;;;
;;;;FB0B9E459464750B6A907A6AEFE77E89;88175;Scheidegg, im Allgäu;Scheidegg;Am Kurpark;11;;1;;;;;;;;;;;;;;;;;;;;;;;;;;;;;;;;;;;;;;;;;;;
;;;;7F74C54DC35E13ED05EA9293C192049A;88175;Scheidegg, im Allgäu;Scheidegg;Am Kurpark;12;;1;;;;;;;;;;;;;;;;;;;;;;;;;;;;;;;;;;;;;;;;;;;
;;;;E13E9B43C06757989F8D8C9CE341AB70;88175;Scheidegg, im Allgäu;Scheidegg;Am Kurpark;13;;1;;;;;;;;;;;;;;;;;;;;;;;;;;;;;;;;;;;;;;;;;;;
;;;;957E8B0391B6B4BD574EF725163A628A;88175;Scheidegg, im Allgäu;Scheidegg;Am Kurpark;14;;1;;;;;;;;;;;;;;;;;;;;;;;;;;;;;;;;;;;;;;;;;;;
;;;;66DF1B9D4D78630BE82B7373993458D0;88175;Scheidegg, im Allgäu;Scheidegg;Am Kurpark;15;;1;;;;;;;;;;;;;;;;;;;;;;;;;;;;;;;;;;;;;;;;;;;
;;;;468A78439EC94B835DA12A95E0D98470;88175;Scheidegg, im Allgäu;Scheidegg;Am Kurpark;16;;1;;;;;;;;;;;;;;;;;;;;;;;;;;;;;;;;;;;;;;;;;;;
;;;;C4A00E4331DBCD65F7382BA974619CB8;88175;Scheidegg, im Allgäu;Scheidegg;Am Kurpark;17;;1;;;;;;;;;;;;;;;;;;;;;;;;;;;;;;;;;;;;;;;;;;;
;;;;793DF1104F0A1CC47BAE7BA78EB7B9E6;88175;Scheidegg, im Allgäu;Scheidegg;Am Kurpark;18;;1;;;;;;;;;;;;;;;;;;;;;;;;;;;;;;;;;;;;;;;;;;;
;;;;92EC8F6193F7F88614C67F84FE22171F;88175;Scheidegg, im Allgäu;Scheidegg;Am Kurpark;19;;1;;;;;;;;;;;;;;;;;;;;;;;;;;;;;;;;;;;;;;;;;;;
;;;;C7601BEFF4FFD3DDF2CEFF89B059D5BB;88175;Scheidegg, im Allgäu;Scheidegg;Am Kurpark;20;;1;;;;;;;;;;;;;;;;;;;;;;;;;;;;;;;;;;;;;;;;;;;
;;;;6AB2FBBEF9C6AFB58BB8537BC04E5069;88175;Scheidegg, im Allgäu;Scheidegg;Am Kurpark;21;;1;;;;;;;;;;;;;;;;;;;;;;;;;;;;;;;;;;;;;;;;;;;
;;;;FC4FBF216380008EBD9684EA56C9429C;88175;Scheidegg, im Allgäu;Scheidegg;Am Kurpark;22;;1;;;;;;;;;;;;;;;;;;;;;;;;;;;;;;;;;;;;;;;;;;;
;;;;F51E563D2871950E99DA3E06328D97B7;88175;Scheidegg, im Allgäu;Scheidegg;Am Kurpark;23;;1;;;;;;;;;;;;;;;;;;;;;;;;;;;;;;;;;;;;;;;;;;;
;;;;27C1A8189C2401D92A2C8D0501BE8707;88175;Scheidegg, im Allgäu;Scheidegg;Am Kurpark;24;;1;;;;;;;;;;;;;;;;;;;;;;;;;;;;;;;;;;;;;;;;;;;
;;;;A768D7F09B184302B1054E680452994B;88175;Scheidegg, im Allgäu;Scheidegg;Am Kurpark;25;/A;1;;;;;;;;;;;;;;;;;;;;;;;;;;;;;;;;;;;;;;;;;;;
;;;;8EAF2F49EBF1477FA8C1C811D68039E5;88175;Scheidegg, im Allgäu;Scheidegg;Am Kurpark;25;/B;1;;;;;;;;;;;;;;;;;;;;;;;;;;;;;;;;;;;;;;;;;;;
;;;;3D9CFCF1F2BE49D0B5788D5F2F1DFAD2;88175;Scheidegg, im Allgäu;Scheidegg;Am Kurpark;26;;1;;;;;;;;;;;;;;;;;;;;;;;;;;;;;;;;;;;;;;;;;;;
;;;;6A965805EDF5FDD4386092128BCF0E77;88175;Scheidegg, im Allgäu;Scheidegg;Am Kurpark;27;;1;;;;;;;;;;;;;;;;;;;;;;;;;;;;;;;;;;;;;;;;;;;
;;;;D74256D99E8FA2977E9B34131561526D;88175;Scheidegg, im Allgäu;Scheidegg;Am Kurpark;28;;1;;;;;;;;;;;;;;;;;;;;;;;;;;;;;;;;;;;;;;;;;;;
;;;;158D38B4EAF3821A41FE535198F04D8A;88175;Scheidegg, im Allgäu;Scheidegg;Am Kurpark;30;;1;;;;;;;;;;;;;;;;;;;;;;;;;;;;;;;;;;;;;;;;;;;
;;;;5F54FAE5EA0B1FCC5FE69EF1C4C8AF09;88175;Scheidegg, im Allgäu;Scheidegg;Am Kurpark;32;;1;;;;;;;;;;;;;;;;;;;;;;;;;;;;;;;;;;;;;;;;;;;
;;;;1257ECDC7F6D9C52965ADEF112757F64;88175;Scheidegg, im Allgäu;Scheidegg;Am Kurpark;33;;1;;;;;;;;;;;;;;;;;;;;;;;;;;;;;;;;;;;;;;;;;;;
;;;;FDC6D6C783C9AC25456185D5B23F1402;88175;Scheidegg, im Allgäu;Scheidegg;Am Kurpark;34;;1;;;;;;;;;;;;;;;;;;;;;;;;;;;;;;;;;;;;;;;;;;;
;;;;39334D4F2D52F481273B7F1EB2B68062;88175;Scheidegg, im Allgäu;Scheidegg;Am Kurpark;36;;1;;;;;;;;;;;;;;;;;;;;;;;;;;;;;;;;;;;;;;;;;;;
;;;;6DA1EDA9B2412B529B2ED75DF2100653;88175;Scheidegg, im Allgäu;Scheidegg;Am Kurpark;38;;1;;;;;;;;;;;;;;;;;;;;;;;;;;;;;;;;;;;;;;;;;;;
;;;;03F77345E3C787A7813F6B3DD6BE66C9;88175;Scheidegg, im Allgäu;Scheidegg;Am Kurpark;40;;1;;;;;;;;;;;;;;;;;;;;;;;;;;;;;;;;;;;;;;;;;;;
;;;;812CB43B6DFD83D78513A57E5BF44836;88175;Scheidegg, im Allgäu;Scheidegg;Am Kurpark;42;;1;;;;;;;;;;;;;;;;;;;;;;;;;;;;;;;;;;;;;;;;;;;
;;;;69BA3CDC0EF07C18C18A5113CE430D3D;88175;Scheidegg, im Allgäu;Scheidegg;Am Kurpark;44;;1;;;;;;;;;;;;;;;;;;;;;;;;;;;;;;;;;;;;;;;;;;;
;;;;755008441D1A8BA339C5100EC0693582;88175;Scheidegg, im Allgäu;Scheidegg;Am Kurpark;46;;1;;;;;;;;;;;;;;;;;;;;;;;;;;;;;;;;;;;;;;;;;;;
;;;;E98F058A8EBE11C3425B8849836E3B66;88175;Scheidegg, im Allgäu;Scheidegg;Am Kurpark;48;;1;;;;;;;;;;;;;;;;;;;;;;;;;;;;;;;;;;;;;;;;;;;
;;;;87A9E3253DF6307ECA2828EE19DEE745;88175;Scheidegg, im Allgäu;Scheidegg;Am Kurpark;50;;1;;;;;;;;;;;;;;;;;;;;;;;;;;;;;;;;;;;;;;;;;;;
;;;;DFB5B283D62C82EFF3FDCA12532A22A0;88175;Scheidegg, im Allgäu;Scheidegg;Am Sonnenhang;1;;1;;;;;;;;;;;;;;;;;;;;;;;;;;;;;;;;;;;;;;;;;;;
;;;;55BF310CD2C3F97A7B71471C4E41E0F7;88175;Scheidegg, im Allgäu;Scheidegg;Am Sonnenhang;2;;1;;;;;;;;;;;;;;;;;;;;;;;;;;;;;;;;;;;;;;;;;;;
;;;;EA552C3CB17036D2A8BF7776AFDAC437;88175;Scheidegg, im Allgäu;Scheidegg;Am Sonnenhang;3;;1;;;;;;;;;;;;;;;;;;;;;;;;;;;;;;;;;;;;;;;;;;;
;;;;E0B0CD7D643C676B6FB4981C6FA97485;88175;Scheidegg, im Allgäu;Scheidegg;Am Sonnenhang;4;;1;;;;;;;;;;;;;;;;;;;;;;;;;;;;;;;;;;;;;;;;;;;
;;;;13526F67EEA08E488EE454951CB0E5BB;88175;Scheidegg, im Allgäu;Scheidegg;Am Sonnenhang;5;;1;;;;;;;;;;;;;;;;;;;;;;;;;;;;;;;;;;;;;;;;;;;
;;;;5E96E4F17CE8D6FEB1783843B1F8A242;88175;Scheidegg, im Allgäu;Scheidegg;Am Sonnenhang;6;;1;;;;;;;;;;;;;;;;;;;;;;;;;;;;;;;;;;;;;;;;;;;
;;;;334A5E8B87B05D201107DABD97377FC4;88175;Scheidegg, im Allgäu;Scheidegg;Am Sonnenhang;7;;1;;;;;;;;;;;;;;;;;;;;;;;;;;;;;;;;;;;;;;;;;;;
;;;;90B66EE37BF2A5D99F43B6F141D4122C;88175;Scheidegg, im Allgäu;Scheidegg;Am Sonnenhang;8;;1;;;;;;;;;;;;;;;;;;;;;;;;;;;;;;;;;;;;;;;;;;;
;;;;59976F3C95C37A63AB4812149263E02F;88175;Scheidegg, im Allgäu;Scheidegg;Am Sonnenhang;10;;1;;;;;;;;;;;;;;;;;;;;;;;;;;;;;;;;;;;;;;;;;;;
;;;;02EC9404F15E27C00C2F0DB87C8F7404;88175;Scheidegg, im Allgäu;Scheidegg;Am Sonnenhang;11;;1;;;;;;;;;;;;;;;;;;;;;;;;;;;;;;;;;;;;;;;;;;;
;;;;9B777ADCE2A7EDE96E13E64D887D2D74;88175;Scheidegg, im Allgäu;Scheidegg;Am Sportplatz;1;;1;;;;;;;;;;;;;;;;;;;;;;;;;;;;;;;;;;;;;;;;;;;
;;;;AD5010A886549F61ABAAB4A8208210B4;88175;Scheidegg, im Allgäu;Scheidegg;Am Sportplatz;3;;1;;;;;;;;;;;;;;;;;;;;;;;;;;;;;;;;;;;;;;;;;;;
;;;;43045868A3151B0413836B52E5DAF74E;88175;Scheidegg, im Allgäu;Scheidegg;Am Sportplatz;4;;1;;;;;;;;;;;;;;;;;;;;;;;;;;;;;;;;;;;;;;;;;;;
;;;;39213866A5D78A990DC71FF2FBB0C782;88175;Scheidegg, im Allgäu;Scheidegg;Am Sportplatz;5;;1;;;;;;;;;;;;;;;;;;;;;;;;;;;;;;;;;;;;;;;;;;;
;;;;D074EA88878A942D3C144DC1A84AB118;88175;Scheidegg, im Allgäu;Scheidegg;Am Sportplatz;6;;1;;;;;;;;;;;;;;;;;;;;;;;;;;;;;;;;;;;;;;;;;;;
;;;;78FA73E4EF8FA6DEE6057492E611F549;88175;Scheidegg, im Allgäu;Scheidegg;Am Sportplatz;7;;1;;;;;;;;;;;;;;;;;;;;;;;;;;;;;;;;;;;;;;;;;;;
;;;;85DEB3EA6D36A1962D04F56818DA2C10;88175;Scheidegg, im Allgäu;Scheidegg;Auf der Schnurre;1;;1;;;;;;;;;;;;;;;;;;;;;;;;;;;;;;;;;;;;;;;;;;;
;;;;F6EA36601A85D0A07CBF474CB69EC811;88175;Scheidegg, im Allgäu;Scheidegg;Auf der Schnurre;2;;1;;;;;;;;;;;;;;;;;;;;;;;;;;;;;;;;;;;;;;;;;;;
;;;;736D4283EF89513CD9C112E61104EE79;88175;Scheidegg, im Allgäu;Scheidegg;Auf der Schnurre;3;;1;;;;;;;;;;;;;;;;;;;;;;;;;;;;;;;;;;;;;;;;;;;
;;;;3FC8E8BAF975ADFDBE5484DCB3248C80;88175;Scheidegg, im Allgäu;Scheidegg;Auf der Schnurre;4;;1;;;;;;;;;;;;;;;;;;;;;;;;;;;;;;;;;;;;;;;;;;;
;;;;06430F0CE2BC7F8B42ECA314674C85AF;88175;Scheidegg, im Allgäu;Scheidegg;Auf der Schnurre;5;;1;;;;;;;;;;;;;;;;;;;;;;;;;;;;;;;;;;;;;;;;;;;
;;;;BC92BBCFDDAB18695EA85F2CC58FEA0C;88175;Scheidegg, im Allgäu;Scheidegg;Auf der Schnurre;6;;1;;;;;;;;;;;;;;;;;;;;;;;;;;;;;;;;;;;;;;;;;;;
;;;;E9AA55A370B52E024D8280551C5E761B;88175;Scheidegg, im Allgäu;Scheidegg;Auf der Schnurre;8;;1;;;;;;;;;;;;;;;;;;;;;;;;;;;;;;;;;;;;;;;;;;;
;;;;BF91C72E08E50A2AD5E2D1ACF0D8147F;88175;Scheidegg, im Allgäu;Scheidegg;Auf der Schnurre;10;;1;;;;;;;;;;;;;;;;;;;;;;;;;;;;;;;;;;;;;;;;;;;
;;;;86019085E4CBF900DE5492169A6FF757;88175;Scheidegg, im Allgäu;Scheidegg;Bahnhofstraße;6;;1;;;;;;;;;;;;;;;;;;;;;;;;;;;;;;;;;;;;;;;;;;;
;;;;A1780CE1EFE209C65F3527292AB4FD4F;88175;Scheidegg, im Allgäu;Scheidegg;Bahnhofstraße;14;;1;;;;;;;;;;;;;;;;;;;;;;;;;;;;;;;;;;;;;;;;;;;
;;;;5F6744F26343DBCAFAEEABCD70913368;88175;Scheidegg, im Allgäu;Scheidegg;Bahnhofstraße;16;;1;;;;;;;;;;;;;;;;;;;;;;;;;;;;;;;;;;;;;;;;;;;
;;;;32A2D4C5E3040B1ECC387799ADBD3120;88175;Scheidegg, im Allgäu;Scheidegg;Bahnhofstraße;18;;1;;;;;;;;;;;;;;;;;;;;;;;;;;;;;;;;;;;;;;;;;;;
;;;;0114D50F383FA28782FC6FF415CC5372;88175;Scheidegg, im Allgäu;Scheidegg;Bahnhofstraße;20;;1;;;;;;;;;;;;;;;;;;;;;;;;;;;;;;;;;;;;;;;;;;;
;;;;AFDB93102EA9B936064C8822B81CDDDF;88175;Scheidegg, im Allgäu;Scheidegg;Bahnhofstraße;22;;1;;;;;;;;;;;;;;;;;;;;;;;;;;;;;;;;;;;;;;;;;;;
;;;;63C7EF1A6DCD0F4A3A58A256C3D680C9;88175;Scheidegg, im Allgäu;Scheidegg;Bahnhofstraße;24;;1;;;;;;;;;;;;;;;;;;;;;;;;;;;;;;;;;;;;;;;;;;;
;;;;B2610AEF8AF8BFF16C7F8A6A2F20BECD;88175;Scheidegg, im Allgäu;Scheidegg;Bahnhofstraße;26;;1;;;;;;;;;;;;;;;;;;;;;;;;;;;;;;;;;;;;;;;;;;;
;;;;A85DB3D42E6ACCDB610BA747C31E4F76;88175;Scheidegg, im Allgäu;Scheidegg;Bahnhofstraße;30;;1;;;;;;;;;;;;;;;;;;;;;;;;;;;;;;;;;;;;;;;;;;;
;;;;688C8A15AF07807CFC801D731F0BFDD4;88175;Scheidegg, im Allgäu;Scheidegg;Bahnhofstraße;34;;1;;;;;;;;;;;;;;;;;;;;;;;;;;;;;;;;;;;;;;;;;;;
;;;;950CD2DA603B38D39C23410D04593D1D;88175;Scheidegg, im Allgäu;Scheidegg;Bahnhofstraße;36;;1;;;;;;;;;;;;;;;;;;;;;;;;;;;;;;;;;;;;;;;;;;;
;;;;0CD5F39FFAB66EE47D0D144748BEC699;88175;Scheidegg, im Allgäu;Scheidegg;Bahnhofstraße;38;;1;;;;;;;;;;;;;;;;;;;;;;;;;;;;;;;;;;;;;;;;;;;
;;;;B023A624060151B0FE29B492CAB73685;88175;Scheidegg, im Allgäu;Scheidegg;Bahnhofstraße;39;;1;;;;;;;;;;;;;;;;;;;;;;;;;;;;;;;;;;;;;;;;;;;
;;;;B53D6151E52E409CA5472AB0829B9B81;88175;Scheidegg, im Allgäu;Scheidegg;Bahnhofstraße;40;;1;201/10;;;;;;;;;;;;;;;;;;;;;;;;;;;;;;;;;;;;;;;;;;
;;;;EED27D212E56DFDEEA73765B920E8DB6;88175;Scheidegg, im Allgäu;Scheidegg;Bahnhofstraße;42;;1;;;;;;;;;;;;;;;;;;;;;;;;;;;;;;;;;;;;;;;;;;;
;;;;B39C358229F2C56A1CFFA7082DC860F3;88175;Scheidegg, im Allgäu;Scheidegg;Bahnhofstraße;43;;1;;;;;;;;;;;;;;;;;;;;;;;;;;;;;;;;;;;;;;;;;;;
;;;;2DA42FF92C6C2DF459BC8003062E2E73;88175;Scheidegg, im Allgäu;Scheidegg;Bahnhofstraße;44;;1;;;;;;;;;;;;;;;;;;;;;;;;;;;;;;;;;;;;;;;;;;;
;;;;0614FE60B8EE6012171E3D6632DE2AB1;88175;Scheidegg, im Allgäu;Scheidegg;Bahnhofstraße;45;;1;;;;;;;;;;;;;;;;;;;;;;;;;;;;;;;;;;;;;;;;;;;
;;;;F3B92ED978651628A3298817A9AA5545;88175;Scheidegg, im Allgäu;Scheidegg;Bahnhofstraße;46;;1;;;;;;;;;;;;;;;;;;;;;;;;;;;;;;;;;;;;;;;;;;;
;;;;CEF43780E099985462383431BD8767EB;88175;Scheidegg, im Allgäu;Scheidegg;Bahnhofstraße;48;;1;;;;;;;;;;;;;;;;;;;;;;;;;;;;;;;;;;;;;;;;;;;
;;;;80D02C7E5C8202C0983158AB90EDA9B9;88175;Scheidegg, im Allgäu;Scheidegg;Bahnhofstraße;49;;1;;;;;;;;;;;;;;;;;;;;;;;;;;;;;;;;;;;;;;;;;;;
;;;;F1BA95CC33C11EFE82F058FB2B821384;88175;Scheidegg, im Allgäu;Scheidegg;Bahnhofstraße;49;/B;1;;;;;;;;;;;;;;;;;;;;;;;;;;;;;;;;;;;;;;;;;;;
;;;;7B5D2D13C266F267AB92C47D351D618D;88175;Scheidegg, im Allgäu;Scheidegg;Bahnhofstraße;49;/A;1;;;;;;;;;;;;;;;;;;;;;;;;;;;;;;;;;;;;;;;;;;;
;;;;23CB4F9176E55B4BE95B150A917B2880;88175;Scheidegg, im Allgäu;Scheidegg;Bahnhofstraße;50;;1;;;;;;;;;;;;;;;;;;;;;;;;;;;;;;;;;;;;;;;;;;;
;;;;D1321E23C0E30FE9A8BDC5D398D90F1C;88175;Scheidegg, im Allgäu;Scheidegg;Bahnhofstraße;51;;1;;;;;;;;;;;;;;;;;;;;;;;;;;;;;;;;;;;;;;;;;;;
;;;;F0E184718EEEBFDB435A5F8F7185CCF7;88175;Scheidegg, im Allgäu;Scheidegg;Bahnhofstraße;53;;1;;;;;;;;;;;;;;;;;;;;;;;;;;;;;;;;;;;;;;;;;;;
;;;;945E44DED7168F4AD98BB89A3FC35FCF;88175;Scheidegg, im Allgäu;Scheidegg;Bergstraße;1;/A;1;;;;;;;;;;;;;;;;;;;;;;;;;;;;;;;;;;;;;;;;;;;
;;;;C2C29E02B424D19C4C09DD5030AD2232;88175;Scheidegg, im Allgäu;Scheidegg;Bergstraße;1;;1;;;;;;;;;;;;;;;;;;;;;;;;;;;;;;;;;;;;;;;;;;;
;;;;510133F407A5EFECF7662F2CABB3217A;88175;Scheidegg, im Allgäu;Scheidegg;Bergstraße;3;;1;;;;;;;;;;;;;;;;;;;;;;;;;;;;;;;;;;;;;;;;;;;
;;;;1BC401618FA02854034C585EBB0636B0;88175;Scheidegg, im Allgäu;Scheidegg;Bergstraße;4;;1;;;;;;;;;;;;;;;;;;;;;;;;;;;;;;;;;;;;;;;;;;;
;;;;64E28AEB0852E299DE6800F75D9CD5CA;88175;Scheidegg, im Allgäu;Scheidegg;Bergstraße;5;/A;1;;;;;;;;;;;;;;;;;;;;;;;;;;;;;;;;;;;;;;;;;;;
;;;;457035256F7DA2A8E5AED88117E06BDF;88175;Scheidegg, im Allgäu;Scheidegg;Bergstraße;5;;1;;;;;;;;;;;;;;;;;;;;;;;;;;;;;;;;;;;;;;;;;;;
;;;;FDD46E7E31FBD570C11A00B0808DBA90;88175;Scheidegg, im Allgäu;Scheidegg;Bergstraße;6;;1;;;;;;;;;;;;;;;;;;;;;;;;;;;;;;;;;;;;;;;;;;;
;;;;F53083643E58AE79ADDD7967F778DC2E;88175;Scheidegg, im Allgäu;Scheidegg;Bergstraße;7;;1;;;;;;;;;;;;;;;;;;;;;;;;;;;;;;;;;;;;;;;;;;;
;;;;35952E5D0C02AB98EBF8C13863364D05;88175;Scheidegg, im Allgäu;Scheidegg;Bergstraße;7;/A;1;;;;;;;;;;;;;;;;;;;;;;;;;;;;;;;;;;;;;;;;;;;
;;;;C623218BDF861F103F9385E8C98D4BB1;88175;Scheidegg, im Allgäu;Scheidegg;Bergstraße;8;;1;;;;;;;;;;;;;;;;;;;;;;;;;;;;;;;;;;;;;;;;;;;
;;;;0FBBB2EBAFA2A6D6FCB8A17D8E23D68F;88175;Scheidegg, im Allgäu;Scheidegg;Bergstraße;9;;1;;;;;;;;;;;;;;;;;;;;;;;;;;;;;;;;;;;;;;;;;;;
;;;;9DC4AB8618AECA9832879BA18207E126;88175;Scheidegg, im Allgäu;Scheidegg;Bergstraße;10;;1;;;;;;;;;;;;;;;;;;;;;;;;;;;;;;;;;;;;;;;;;;;
;;;;A4464D966633CD90FADDF358EC963085;88175;Scheidegg, im Allgäu;Scheidegg;Bergstraße;11;;1;;;;;;;;;;;;;;;;;;;;;;;;;;;;;;;;;;;;;;;;;;;
;;;;E9C4BDDBEB63B40E0B587C3E26A049D3;88175;Scheidegg, im Allgäu;Scheidegg;Bergstraße;11;/A;1;;;;;;;;;;;;;;;;;;;;;;;;;;;;;;;;;;;;;;;;;;;
;;;;7A7F6CE299CC8E83E1DE146D8CA4F4B8;88175;Scheidegg, im Allgäu;Scheidegg;Bergstraße;12;;1;;;;;;;;;;;;;;;;;;;;;;;;;;;;;;;;;;;;;;;;;;;
;;;;0FAFBB9EC09520657109F7D0E10DD1A9;88175;Scheidegg, im Allgäu;Scheidegg;Bergstraße;13;;1;;;;;;;;;;;;;;;;;;;;;;;;;;;;;;;;;;;;;;;;;;;
;;;;CA1A6DF25784DDDD7BC345208F9B1438;88175;Scheidegg, im Allgäu;Scheidegg;Bergstraße;14;;1;;;;;;;;;;;;;;;;;;;;;;;;;;;;;;;;;;;;;;;;;;;
;;;;9EA018CC2BAADEF8E8555CC59EEB8375;88175;Scheidegg, im Allgäu;Scheidegg;Bergstraße;15;;1;;;;;;;;;;;;;;;;;;;;;;;;;;;;;;;;;;;;;;;;;;;
;;;;EEA327A4407D0FB50013AA53AC5DFB5B;88175;Scheidegg, im Allgäu;Scheidegg;Bergstraße;16;;1;;;;;;;;;;;;;;;;;;;;;;;;;;;;;;;;;;;;;;;;;;;
;;;;D97FFD3A58B5B9A43E4C158895EAB0F5;88175;Scheidegg, im Allgäu;Scheidegg;Bergstraße;17;;1;;;;;;;;;;;;;;;;;;;;;;;;;;;;;;;;;;;;;;;;;;;
;;;;4DE4A1A6F977C0E98094DB42555D7163;88175;Scheidegg, im Allgäu;Scheidegg;Bergstraße;19;;1;;;;;;;;;;;;;;;;;;;;;;;;;;;;;;;;;;;;;;;;;;;
;;;;1F1A29CA04EBF9B22C1EBEC4947A2393;88175;Scheidegg, im Allgäu;Scheidegg;Bergstraße;19;/A;1;;;;;;;;;;;;;;;;;;;;;;;;;;;;;;;;;;;;;;;;;;;
;;;;36B579B987457CC6354853F376F27FD2;88175;Scheidegg, im Allgäu;Scheidegg;Bergstraße;21;;1;;;;;;;;;;;;;;;;;;;;;;;;;;;;;;;;;;;;;;;;;;;
;;;;038C17F736EF535284DCDE4468C1006A;88175;Scheidegg, im Allgäu;Scheidegg;Bergstraße;23;;1;;;;;;;;;;;;;;;;;;;;;;;;;;;;;;;;;;;;;;;;;;;
;;;;E765053758990E2B565040FA38AD9511;88175;Scheidegg, im Allgäu;Scheidegg;Bergstraße;25;;1;;;;;;;;;;;;;;;;;;;;;;;;;;;;;;;;;;;;;;;;;;;
;;;;A8B534E5D82D5FEF50FF6616E4815A65;88175;Scheidegg, im Allgäu;Scheidegg;Bergstraße;27;;1;;;;;;;;;;;;;;;;;;;;;;;;;;;;;;;;;;;;;;;;;;;
;;;;B164B03DCB7749CEF1C601516EA6F1A0;88175;Scheidegg, im Allgäu;Scheidegg;Bergstraße;29;;1;;;;;;;;;;;;;;;;;;;;;;;;;;;;;;;;;;;;;;;;;;;
;;;;6723BA6AC10746A933D299C5D68A37F4;88175;Scheidegg, im Allgäu;Scheidegg;Bergstraße;31;;1;;;;;;;;;;;;;;;;;;;;;;;;;;;;;;;;;;;;;;;;;;;
;;;;905C31DCCDFCC9B50FD6C7C6C1A7D599;88175;Scheidegg, im Allgäu;Scheidegg;Bergstraße;33;;1;;;;;;;;;;;;;;;;;;;;;;;;;;;;;;;;;;;;;;;;;;;
;;;;D8A8D29C9E1FD80D26C407D40B9D8BC7;88175;Scheidegg, im Allgäu;Scheidegg;Bergstraße;35;;1;;;;;;;;;;;;;;;;;;;;;;;;;;;;;;;;;;;;;;;;;;;
;;;;B7B47D7D1D6748F8EF490B8C2C744ABD;88175;Scheidegg, im Allgäu;Scheidegg;Bergstraße;37;;1;;;;;;;;;;;;;;;;;;;;;;;;;;;;;;;;;;;;;;;;;;;
;;;;464234C0B92119CA81B3DB85E08BDAE0;88175;Scheidegg, im Allgäu;Scheidegg;Bergstraße;49;;1;;;;;;;;;;;;;;;;;;;;;;;;;;;;;;;;;;;;;;;;;;;
;;;;DABD8808547BB787255064B02D9B5455;88175;Scheidegg, im Allgäu;Scheidegg;Bergwaldweg;1;;1;;;;;;;;;;;;;;;;;;;;;;;;;;;;;;;;;;;;;;;;;;;
;;;;79A975E6F3F008238D7E467DFBAE0512;88175;Scheidegg, im Allgäu;Scheidegg;Bergwaldweg;2;;1;;;;;;;;;;;;;;;;;;;;;;;;;;;;;;;;;;;;;;;;;;;
;;;;5ACB9CC8FFB021AE4D2896B72F86A1F5;88175;Scheidegg, im Allgäu;Scheidegg;Bergwaldweg;4;;1;;;;;;;;;;;;;;;;;;;;;;;;;;;;;;;;;;;;;;;;;;;
;;;;79A485AC2FCC63E8A858877FE902B32B;88175;Scheidegg, im Allgäu;Scheidegg;Bergwaldweg;5;;1;;;;;;;;;;;;;;;;;;;;;;;;;;;;;;;;;;;;;;;;;;;
;;;;2598A648C5463A2EE2354AE5E826F842;88175;Scheidegg, im Allgäu;Scheidegg;Bergwaldweg;6;;1;;;;;;;;;;;;;;;;;;;;;;;;;;;;;;;;;;;;;;;;;;;
;;;;488A82BDAFFF19E7FF3F0767F79F207F;88175;Scheidegg, im Allgäu;Scheidegg;Bergwaldweg;7;;1;;;;;;;;;;;;;;;;;;;;;;;;;;;;;;;;;;;;;;;;;;;
;;;;E4431F780D5A90C1D520A7D827D8B788;88175;Scheidegg, im Allgäu;Scheidegg;Bergwaldweg;8;;1;;;;;;;;;;;;;;;;;;;;;;;;;;;;;;;;;;;;;;;;;;;
;;;;C3711422BC66CE0D3E0616A5C0EAC811;88175;Scheidegg, im Allgäu;Scheidegg;Bergwaldweg;10;;1;;;;;;;;;;;;;;;;;;;;;;;;;;;;;;;;;;;;;;;;;;;
;;;;85BE8B8A1EF605F2C26835B470246B00;88175;Scheidegg, im Allgäu;Scheidegg;Bergwaldweg;12;;1;;;;;;;;;;;;;;;;;;;;;;;;;;;;;;;;;;;;;;;;;;;
;;;;100C472C0D54CC3F8A6E6EE518662119;88175;Scheidegg, im Allgäu;Scheidegg;Bergwaldweg;14;;1;;;;;;;;;;;;;;;;;;;;;;;;;;;;;;;;;;;;;;;;;;;
;;;;3481EAB86E72F5E54A5AD4C81428DB33;88175;Scheidegg, im Allgäu;Scheidegg;Bergwaldweg;21;;1;;;;;;;;;;;;;;;;;;;;;;;;;;;;;;;;;;;;;;;;;;;
;;;;58F21ECBF87B6611663CF81359725E5E;88175;Scheidegg, im Allgäu;Scheidegg;Bergwaldweg;21;/A;1;;;;;;;;;;;;;;;;;;;;;;;;;;;;;;;;;;;;;;;;;;;
;;;;B80CF7C16046A9B429BEB43FCC6BC017;88175;Scheidegg, im Allgäu;Scheidegg;Bergwaldweg;23;;1;;;;;;;;;;;;;;;;;;;;;;;;;;;;;;;;;;;;;;;;;;;
;;;;6E6418BC483F44EB88BE11986BA6D040;88175;Scheidegg, im Allgäu;Scheidegg;Blasenbergstraße;1;;1;;;;;;;;;;;;;;;;;;;;;;;;;;;;;;;;;;;;;;;;;;;
;;;;BE4D15A870BC6E9DD07DC69946BBACEE;88175;Scheidegg, im Allgäu;Scheidegg;Blasenbergstraße;3;;1;;;;;;;;;;;;;;;;;;;;;;;;;;;;;;;;;;;;;;;;;;;
;;;;EB74F116B6676F3BED73C38CE0B72F87;88175;Scheidegg, im Allgäu;Scheidegg;Blasenbergstraße;5;;1;;;;;;;;;;;;;;;;;;;;;;;;;;;;;;;;;;;;;;;;;;;
;;;;ADB131120A1A7689E881CB120CEC0657;88175;Scheidegg, im Allgäu;Scheidegg;Blasenbergstraße;6;;1;;;;;;;;;;;;;;;;;;;;;;;;;;;;;;;;;;;;;;;;;;;
;;;;97C5D5A2704080E35F1DBC422E581A38;88175;Scheidegg, im Allgäu;Scheidegg;Blasenbergstraße;7;;1;;;;;;;;;;;;;;;;;;;;;;;;;;;;;;;;;;;;;;;;;;;
;;;;1CCB83A7492F0F5231B5775D88B438F6;88175;Scheidegg, im Allgäu;Scheidegg;Blasenbergstraße;8;;1;;;;;;;;;;;;;;;;;;;;;;;;;;;;;;;;;;;;;;;;;;;
;;;;5BFBA7C1C0D4CEE03B0FD4A0BDCE1609;88175;Scheidegg, im Allgäu;Scheidegg;Blasenbergstraße;8;/A;1;;;;;;;;;;;;;;;;;;;;;;;;;;;;;;;;;;;;;;;;;;;
;;;;6A655F47A1F1CF2836CFA3AB2139484C;88175;Scheidegg, im Allgäu;Scheidegg;Blasenbergstraße;10;;1;;;;;;;;;;;;;;;;;;;;;;;;;;;;;;;;;;;;;;;;;;;
;;;;1264E07C1E9A7B993AD885674FE2130D;88175;Scheidegg, im Allgäu;Scheidegg;Blasenbergstraße;12;;1;;;;;;;;;;;;;;;;;;;;;;;;;;;;;;;;;;;;;;;;;;;
;;;;8F9016E43B1CE32DEC9AFC3C5B40F3CF;88175;Scheidegg, im Allgäu;Scheidegg;Blasenbergstraße;14;;1;;;;;;;;;;;;;;;;;;;;;;;;;;;;;;;;;;;;;;;;;;;
;;;;66F5A3BA5865E4C72219CCDB1348B4BC;88175;Scheidegg, im Allgäu;Scheidegg;Blasenbergstraße;15;;1;;;;;;;;;;;;;;;;;;;;;;;;;;;;;;;;;;;;;;;;;;;
;;;;38C470A918469E1FD5E746C08E438FF1;88175;Scheidegg, im Allgäu;Scheidegg;Blasenbergstraße;18;;1;;;;;;;;;;;;;;;;;;;;;;;;;;;;;;;;;;;;;;;;;;;
;;;;68CACDD3BAF891948DF46D6DFF13113B;88175;Scheidegg, im Allgäu;Scheidegg;Blasenbergstraße;19;;1;;;;;;;;;;;;;;;;;;;;;;;;;;;;;;;;;;;;;;;;;;;
;;;;6A432B919011185201BD53B61FDB1484;88175;Scheidegg, im Allgäu;Scheidegg;Blasenbergstraße;20;;1;;;;;;;;;;;;;;;;;;;;;;;;;;;;;;;;;;;;;;;;;;;
;;;;32A238161837923969BAA24A496C1E44;88175;Scheidegg, im Allgäu;Scheidegg;Blasenbergstraße;21;;1;;;;;;;;;;;;;;;;;;;;;;;;;;;;;;;;;;;;;;;;;;;
;;;;32D542C681526D7BCCCA07AD7ADD887E;88175;Scheidegg, im Allgäu;Scheidegg;Blasenbergstraße;22;;1;;;;;;;;;;;;;;;;;;;;;;;;;;;;;;;;;;;;;;;;;;;
;;;;AD8FA56F829E9F4A4C101749C3631330;88175;Scheidegg, im Allgäu;Scheidegg;Blasenbergstraße;23;;1;;;;;;;;;;;;;;;;;;;;;;;;;;;;;;;;;;;;;;;;;;;
;;;;C4F1087DD761AFFCE23764A0E412679F;88175;Scheidegg, im Allgäu;Scheidegg;Blasenbergstraße;26;;1;;;;;;;;;;;;;;;;;;;;;;;;;;;;;;;;;;;;;;;;;;;
;;;;62F6E63B9BEA37280199808233BC466A;88175;Scheidegg, im Allgäu;Scheidegg;Blasenbergstraße;27;;1;;;;;;;;;;;;;;;;;;;;;;;;;;;;;;;;;;;;;;;;;;;
;;;;2CDD404EE3B04F45B36B3C9A3198B753;88175;Scheidegg, im Allgäu;Scheidegg;Blasenbergstraße;28;;1;;;;;;;;;;;;;;;;;;;;;;;;;;;;;;;;;;;;;;;;;;;
;;;;DE30861BAD93386C5A885A8236F2718F;88175;Scheidegg, im Allgäu;Scheidegg;Blasenbergstraße;29;;1;;;;;;;;;;;;;;;;;;;;;;;;;;;;;;;;;;;;;;;;;;;
;;;;445AB41E26EE8D92C1F6B5B01CFD8636;88175;Scheidegg, im Allgäu;Scheidegg;Blasenbergstraße;31;;1;;;;;;;;;;;;;;;;;;;;;;;;;;;;;;;;;;;;;;;;;;;
;;;;D62DBE4F08B9E01DD846B1A2DE1E7C8D;88175;Scheidegg, im Allgäu;Scheidegg;Blasenbergstraße;33;;1;;;;;;;;;;;;;;;;;;;;;;;;;;;;;;;;;;;;;;;;;;;
;;;;42DDCD26FAE60AA522DC0FF06675C8B3;88175;Scheidegg, im Allgäu;Scheidegg;Blasenbergstraße;35;;1;;;;;;;;;;;;;;;;;;;;;;;;;;;;;;;;;;;;;;;;;;;
;;;;714B0F9EF0108D43850F72DB85BFE577;88175;Scheidegg, im Allgäu;Scheidegg;Blumenweg;1;;1;;;;;;;;;;;;;;;;;;;;;;;;;;;;;;;;;;;;;;;;;;;
;;;;C59EE339EAF89233DFA7B11A4BB5630F;88175;Scheidegg, im Allgäu;Scheidegg;Blumenweg;3;;1;;;;;;;;;;;;;;;;;;;;;;;;;;;;;;;;;;;;;;;;;;;
;;;;CBCF8E2271842F0016E5865111BD333B;88175;Scheidegg, im Allgäu;Scheidegg;Blumenweg;4;;1;;;;;;;;;;;;;;;;;;;;;;;;;;;;;;;;;;;;;;;;;;;
;;;;75888A3654E7CFF83D9A4BE96135DDBB;88175;Scheidegg, im Allgäu;Scheidegg;Blumenweg;5;;1;;;;;;;;;;;;;;;;;;;;;;;;;;;;;;;;;;;;;;;;;;;
;;;;1825D3F791673A7A3B431E8117EB2F1E;88175;Scheidegg, im Allgäu;Scheidegg;Blumenweg;6;;1;;;;;;;;;;;;;;;;;;;;;;;;;;;;;;;;;;;;;;;;;;;
;;;;FCC6986F96A45296C24215D8DAF5DDEA;88175;Scheidegg, im Allgäu;Scheidegg;Blumenweg;7;;1;;;;;;;;;;;;;;;;;;;;;;;;;;;;;;;;;;;;;;;;;;;
;;;;369DE42340157A34BF0DCFDE6F8ED18C;88175;Scheidegg, im Allgäu;Scheidegg;Blumenweg;8;;1;;;;;;;;;;;;;;;;;;;;;;;;;;;;;;;;;;;;;;;;;;;
;;;;716F264B85F3B8FAACD4B5B8D09BA2B8;88175;Scheidegg, im Allgäu;Scheidegg;Blumenweg;10;;1;;;;;;;;;;;;;;;;;;;;;;;;;;;;;;;;;;;;;;;;;;;
;;;;0CB09123C7DA5F8546E2852383FB763E;88175;Scheidegg, im Allgäu;Scheidegg;Blumenweg;12;;1;;;;;;;;;;;;;;;;;;;;;;;;;;;;;;;;;;;;;;;;;;;
;;;;DF71D9BBD11F43505BC3C9ECA7F8AC2D;88175;Scheidegg, im Allgäu;Scheidegg;Blümele;3;;1;;;;;;;;;;;;;;;;;;;;;;;;;;;;;;;;;;;;;;;;;;;
;;;;56EDE9404314570BBE4EF5954DFAF2BD;88175;Scheidegg, im Allgäu;Scheidegg;Blümele;4;;1;;;;;;;;;;;;;;;;;;;;;;;;;;;;;;;;;;;;;;;;;;;
;;;;362C3245791ACD95BE9D85221566CB4B;88175;Scheidegg, im Allgäu;Scheidegg;Blümele;5;;1;;;;;;;;;;;;;;;;;;;;;;;;;;;;;;;;;;;;;;;;;;;
;;;;AE22E2026C8F91ED05104A7FFBD2F0B9;88175;Scheidegg, im Allgäu;Scheidegg;Blümele;6;;1;;;;;;;;;;;;;;;;;;;;;;;;;;;;;;;;;;;;;;;;;;;
;;;;1A47271B3FA75525BBAC2B951034404F;88175;Scheidegg, im Allgäu;Scheidegg;Blümele;7;;1;;;;;;;;;;;;;;;;;;;;;;;;;;;;;;;;;;;;;;;;;;;
;;;;7FCE061DC333E6F02E3F86D0B0AA8BD4;88175;Scheidegg, im Allgäu;Scheidegg;Blümele;8;;1;;;;;;;;;;;;;;;;;;;;;;;;;;;;;;;;;;;;;;;;;;;
;;;;3C895AA9A2F54AB3A6545C84E8005E23;88175;Scheidegg, im Allgäu;Scheidegg;Blümele;9;/A;1;;;;;;;;;;;;;;;;;;;;;;;;;;;;;;;;;;;;;;;;;;;
;;;;5AA7D7F70F33B2EB6AE9A93E6E8FD774;88175;Scheidegg, im Allgäu;Scheidegg;Blümele;9;;1;;;;;;;;;;;;;;;;;;;;;;;;;;;;;;;;;;;;;;;;;;;
;;;;6445EBB58DC3353A462E06DECAF36C97;88175;Scheidegg, im Allgäu;Scheidegg;Blümele;10;;1;;;;;;;;;;;;;;;;;;;;;;;;;;;;;;;;;;;;;;;;;;;
;;;;3FFB5167190A1381B0DF17A5FBB35D51;88175;Scheidegg, im Allgäu;Scheidegg;Blümele;11;;1;;;;;;;;;;;;;;;;;;;;;;;;;;;;;;;;;;;;;;;;;;;
;;;;2E6F747783732DB43B0BFF56A5219926;88175;Scheidegg, im Allgäu;Scheidegg;Blümele;12;;1;;;;;;;;;;;;;;;;;;;;;;;;;;;;;;;;;;;;;;;;;;;
;;;;408CBE86018508C2275061E31827E4BC;88175;Scheidegg, im Allgäu;Scheidegg;Blümele;14;/B;1;;;;;;;;;;;;;;;;;;;;;;;;;;;;;;;;;;;;;;;;;;;
;;;;26040408FAC938AE5A8E4634F115B256;88175;Scheidegg, im Allgäu;Scheidegg;Blümele;14;/A;1;;;;;;;;;;;;;;;;;;;;;;;;;;;;;;;;;;;;;;;;;;;
;;;;9BD5E06434B652090148F1E7725E1B38;88175;Scheidegg, im Allgäu;Scheidegg;Blümele;16;;1;;;;;;;;;;;;;;;;;;;;;;;;;;;;;;;;;;;;;;;;;;;
;;;;1AF476E27AE023FEE9B7688953190421;88175;Scheidegg, im Allgäu;Scheidegg;Blümele;18;;1;;;;;;;;;;;;;;;;;;;;;;;;;;;;;;;;;;;;;;;;;;;
;;;;69D7671ACB1EA051FA1D50476111B84A;88175;Scheidegg, im Allgäu;Scheidegg;Blümele;20;;1;;;;;;;;;;;;;;;;;;;;;;;;;;;;;;;;;;;;;;;;;;;
;;;;C59734FD75FA3A7E43564FF3C3C85E2E;88175;Scheidegg, im Allgäu;Scheidegg;Bräuhausstraße;1;;1;;;;;;;;;;;;;;;;;;;;;;;;;;;;;;;;;;;;;;;;;;;
;;;;6450AF8D73456BB156215F16FAC3C368;88175;Scheidegg, im Allgäu;Scheidegg;Bräuhausstraße;2;;1;;;;;;;;;;;;;;;;;;;;;;;;;;;;;;;;;;;;;;;;;;;
;;;;0F0E40B02B08641A561C0D2B221620C0;88175;Scheidegg, im Allgäu;Scheidegg;Bräuhausstraße;4;;1;;;;;;;;;;;;;;;;;;;;;;;;;;;;;;;;;;;;;;;;;;;
;;;;D4678C9BA7BFA9ECCBF0386A4B376808;88175;Scheidegg, im Allgäu;Scheidegg;Bräuhausstraße;5;;1;;;;;;;;;;;;;;;;;;;;;;;;;;;;;;;;;;;;;;;;;;;
;;;;07FC2EA340CD0BDBD1631493C63EC4DE;88175;Scheidegg, im Allgäu;Scheidegg;Bräuhausstraße;6;;1;;;;;;;;;;;;;;;;;;;;;;;;;;;;;;;;;;;;;;;;;;;
;;;;519A61430A6305847E93ABE9EA3E3DDB;88175;Scheidegg, im Allgäu;Scheidegg;Bräuhausstraße;8;;1;;;;;;;;;;;;;;;;;;;;;;;;;;;;;;;;;;;;;;;;;;;
;;;;730B3F6E1A8AAAEB3EE0A6118E49EBFF;88175;Scheidegg, im Allgäu;Scheidegg;Bräuhausstraße;9;;1;;;;;;;;;;;;;;;;;;;;;;;;;;;;;;;;;;;;;;;;;;;
;;;;22C918EBECE450BE17C94E966205C0F8;88175;Scheidegg, im Allgäu;Scheidegg;Bräuhausstraße;10;;1;;;;;;;;;;;;;;;;;;;;;;;;;;;;;;;;;;;;;;;;;;;
;;;;039224F13C11CE2827A8032D42637CB8;88175;Scheidegg, im Allgäu;Scheidegg;Bräuhausstraße;11;;1;;;;;;;;;;;;;;;;;;;;;;;;;;;;;;;;;;;;;;;;;;;
;;;;9BE9983912A79350F7230CE83270AB34;88175;Scheidegg, im Allgäu;Scheidegg;Bräuhausstraße;12;;1;;;;;;;;;;;;;;;;;;;;;;;;;;;;;;;;;;;;;;;;;;;
;;;;E1DD964B197A291F6DACFA734893B971;88175;Scheidegg, im Allgäu;Scheidegg;Bräuhausstraße;13;;1;;;;;;;;;;;;;;;;;;;;;;;;;;;;;;;;;;;;;;;;;;;
;;;;65388845FEA3BB529BC2D94F1BEB085A;88175;Scheidegg, im Allgäu;Scheidegg;Bräuhausstraße;14;;1;;;;;;;;;;;;;;;;;;;;;;;;;;;;;;;;;;;;;;;;;;;
;;;;2D386967A6E246DA8AB424B007682732;88175;Scheidegg, im Allgäu;Scheidegg;Bräuhausstraße;15;;1;;;;;;;;;;;;;;;;;;;;;;;;;;;;;;;;;;;;;;;;;;;
;;;;016D659BAB65BF59CE74973675F78D9E;88175;Scheidegg, im Allgäu;Scheidegg;Bräuhausstraße;18;;1;;;;;;;;;;;;;;;;;;;;;;;;;;;;;;;;;;;;;;;;;;;
;;;;917EB0B9E0B965AB9FDF9E7B21A99DB5;88175;Scheidegg, im Allgäu;Scheidegg;Bräuhausstraße;19;;1;;;;;;;;;;;;;;;;;;;;;;;;;;;;;;;;;;;;;;;;;;;
;;;;E7F8BC5282F16D0787C2413289DA1E05;88175;Scheidegg, im Allgäu;Scheidegg;Bräuhausstraße;20;;1;;;;;;;;;;;;;;;;;;;;;;;;;;;;;;;;;;;;;;;;;;;
;;;;052022DF2039FB31663B0B1148CD6242;88175;Scheidegg, im Allgäu;Scheidegg;Bräuhausstraße;22;;1;;;;;;;;;;;;;;;;;;;;;;;;;;;;;;;;;;;;;;;;;;;
;;;;7BF1F32E773551740E4E8E7742753956;88175;Scheidegg, im Allgäu;Scheidegg;Bräuhausstraße;23;;1;;;;;;;;;;;;;;;;;;;;;;;;;;;;;;;;;;;;;;;;;;;
;;;;1AE07A114CC96ED2B8E475C12AE5DDB2;88175;Scheidegg, im Allgäu;Scheidegg;Bräuhausstraße;23;/A;1;;;;;;;;;;;;;;;;;;;;;;;;;;;;;;;;;;;;;;;;;;;
;;;;F35538FB5C58FA4EE416A7458619B1E9;88175;Scheidegg, im Allgäu;Scheidegg;Bräuhausstraße;24;;1;;;;;;;;;;;;;;;;;;;;;;;;;;;;;;;;;;;;;;;;;;;
;;;;12A46EDA88BCA225922A1467D8010893;88175;Scheidegg, im Allgäu;Scheidegg;Bräuhausstraße;25;;1;;;;;;;;;;;;;;;;;;;;;;;;;;;;;;;;;;;;;;;;;;;
;;;;8DD1EEF5E45B8943CA893ADF8F631E20;88175;Scheidegg, im Allgäu;Scheidegg;Bräuhausstraße;28;;1;;;;;;;;;;;;;;;;;;;;;;;;;;;;;;;;;;;;;;;;;;;
;;;;B5AE4849E2B99DD91AEC39D79BCFFCE5;88175;Scheidegg, im Allgäu;Scheidegg;Bräuhausstraße;29;;1;;;;;;;;;;;;;;;;;;;;;;;;;;;;;;;;;;;;;;;;;;;
;;;;18F01DAAB662BC4990677AF7A26AD17D;88175;Scheidegg, im Allgäu;Scheidegg;Bräuhausstraße;30;;1;;;;;;;;;;;;;;;;;;;;;;;;;;;;;;;;;;;;;;;;;;;
;;;;81FA25E923EA6E386437498BED6B6230;88175;Scheidegg, im Allgäu;Scheidegg;Bräuhausstraße;32;;1;;;;;;;;;;;;;;;;;;;;;;;;;;;;;;;;;;;;;;;;;;;
;;;;0D2DA604B5D44EA25C146371FCA0E798;88175;Scheidegg, im Allgäu;Scheidegg;Böserscheidegg-Ost;2;;1;;;;;;;;;;;;;;;;;;;;;;;;;;;;;;;;;;;;;;;;;;;
;;;;D889FFE5D8EE2A1BED07E2CC39465EE9;88175;Scheidegg, im Allgäu;Scheidegg;Falkenweg;1;;1;;;;;;;;;;;;;;;;;;;;;;;;;;;;;;;;;;;;;;;;;;;
;;;;56238C30B63FB6AF92AD0F438B57385F;88175;Scheidegg, im Allgäu;Scheidegg;Falkenweg;3;;1;;;;;;;;;;;;;;;;;;;;;;;;;;;;;;;;;;;;;;;;;;;
;;;;437BA8F03860D13A880AF80818312241;88175;Scheidegg, im Allgäu;Scheidegg;Falkenweg;4;;1;;;;;;;;;;;;;;;;;;;;;;;;;;;;;;;;;;;;;;;;;;;
;;;;594D148C817AEC7BB3AF24972809242D;88175;Scheidegg, im Allgäu;Scheidegg;Falkenweg;5;;1;;;;;;;;;;;;;;;;;;;;;;;;;;;;;;;;;;;;;;;;;;;
;;;;C21E68B755C5C7949ADFFADFBC34FEB5;88175;Scheidegg, im Allgäu;Scheidegg;Falkenweg;7;;1;;;;;;;;;;;;;;;;;;;;;;;;;;;;;;;;;;;;;;;;;;;
;;;;C705F6AAE259A7251B871C0AA275E79E;88175;Scheidegg, im Allgäu;Scheidegg;Falkenweg;9;;1;;;;;;;;;;;;;;;;;;;;;;;;;;;;;;;;;;;;;;;;;;;
;;;;7F6D41913BDC4D795D7BDE3921FEBA98;88175;Scheidegg, im Allgäu;Scheidegg;Falkenweg;11;;1;;;;;;;;;;;;;;;;;;;;;;;;;;;;;;;;;;;;;;;;;;;
;;;;5575682470BF3F77FE44133551382146;88175;Scheidegg, im Allgäu;Scheidegg;Färbergasse;3;;1;;;;;;;;;;;;;;;;;;;;;;;;;;;;;;;;;;;;;;;;;;;
;;;;7C1AE3F4D4CC785A26A811EF1FC7CA88;88175;Scheidegg, im Allgäu;Scheidegg;Färbergasse;4;;1;;;;;;;;;;;;;;;;;;;;;;;;;;;;;;;;;;;;;;;;;;;
;;;;0A86EC8660317AA6A42B420D9A159A27;88175;Scheidegg, im Allgäu;Scheidegg;Färbergasse;5;;1;;;;;;;;;;;;;;;;;;;;;;;;;;;;;;;;;;;;;;;;;;;
;;;;602E89A56A77EE770850EAA823763DBC;88175;Scheidegg, im Allgäu;Scheidegg;Gartenstraße;1;;1;;;;;;;;;;;;;;;;;;;;;;;;;;;;;;;;;;;;;;;;;;;
;;;;742305079A729632CB9FF0F23C753631;88175;Scheidegg, im Allgäu;Scheidegg;Gartenstraße;2;/B;1;;;;;;;;;;;;;;;;;;;;;;;;;;;;;;;;;;;;;;;;;;;
;;;;6E521E2BD826B366B82CA8CA461EC847;88175;Scheidegg, im Allgäu;Scheidegg;Gartenstraße;2;/C;1;;;;;;;;;;;;;;;;;;;;;;;;;;;;;;;;;;;;;;;;;;;
;;;;C0750645EB4C0186C94FD6DCC359CA7B;88175;Scheidegg, im Allgäu;Scheidegg;Gartenstraße;2;/A;1;;;;;;;;;;;;;;;;;;;;;;;;;;;;;;;;;;;;;;;;;;;
;;;;5315F671559B6D62A560398C9FBF6C23;88175;Scheidegg, im Allgäu;Scheidegg;Gartenstraße;3;;1;;;;;;;;;;;;;;;;;;;;;;;;;;;;;;;;;;;;;;;;;;;
;;;;B991FEC7E5EE9AD2FFF52AE9DB29D1E7;88175;Scheidegg, im Allgäu;Scheidegg;Gartenstraße;4;;1;;;;;;;;;;;;;;;;;;;;;;;;;;;;;;;;;;;;;;;;;;;
;;;;0CE1F15DFCD4B2951A017AE487BBF8E7;88175;Scheidegg, im Allgäu;Scheidegg;Gartenstraße;5;;1;;;;;;;;;;;;;;;;;;;;;;;;;;;;;;;;;;;;;;;;;;;
;;;;A1D185CB85B927BD609AAFB043A45856;88175;Scheidegg, im Allgäu;Scheidegg;Gartenstraße;6;;1;;;;;;;;;;;;;;;;;;;;;;;;;;;;;;;;;;;;;;;;;;;
;;;;ABAEC56BAD8F8290D341A955B1FF17BB;88175;Scheidegg, im Allgäu;Scheidegg;Gartenstraße;7;;1;;;;;;;;;;;;;;;;;;;;;;;;;;;;;;;;;;;;;;;;;;;
;;;;A1D3BA773337C632B02F977A083DBE63;88175;Scheidegg, im Allgäu;Scheidegg;Gartenstraße;8;;1;;;;;;;;;;;;;;;;;;;;;;;;;;;;;;;;;;;;;;;;;;;
;;;;32D975BC57202EE3FC17CE80990AE184;88175;Scheidegg, im Allgäu;Scheidegg;Gartenstraße;9;;1;;;;;;;;;;;;;;;;;;;;;;;;;;;;;;;;;;;;;;;;;;;
;;;;0A3164CCFF54541111BC263B34241329;88175;Scheidegg, im Allgäu;Scheidegg;Gartenstraße;10;;1;;;;;;;;;;;;;;;;;;;;;;;;;;;;;;;;;;;;;;;;;;;
;;;;6115A49E0B0A49EB3815A3AE0CF1BCDA;88175;Scheidegg, im Allgäu;Scheidegg;Gartenstraße;11;;1;;;;;;;;;;;;;;;;;;;;;;;;;;;;;;;;;;;;;;;;;;;
;;;;6CD461DB0325B0E12FCDD400A142B132;88175;Scheidegg, im Allgäu;Scheidegg;Gartenstraße;12;;1;;;;;;;;;;;;;;;;;;;;;;;;;;;;;;;;;;;;;;;;;;;
;;;;554E56946777AFA1DEAAFB9B9AE5E6DF;88175;Scheidegg, im Allgäu;Scheidegg;Gartenstraße;13;;1;;;;;;;;;;;;;;;;;;;;;;;;;;;;;;;;;;;;;;;;;;;
;;;;0900D2F364C591268BF828E1FFCCDCAF;88175;Scheidegg, im Allgäu;Scheidegg;Gartenstraße;15;;1;;;;;;;;;;;;;;;;;;;;;;;;;;;;;;;;;;;;;;;;;;;
;;;;6B1F493A9F65990F7677CB05BD4EFB7E;88175;Scheidegg, im Allgäu;Scheidegg;Gartenstraße;16;;1;;;;;;;;;;;;;;;;;;;;;;;;;;;;;;;;;;;;;;;;;;;
;;;;CBA5BE15EE95AFB70EDB9EEC454B6DDB;88175;Scheidegg, im Allgäu;Scheidegg;Gartenstraße;17;;1;;;;;;;;;;;;;;;;;;;;;;;;;;;;;;;;;;;;;;;;;;;
;;;;9BF56B834ED840EEFD3C1F11A7CCD34A;88175;Scheidegg, im Allgäu;Scheidegg;Gartenstraße;18;;1;;;;;;;;;;;;;;;;;;;;;;;;;;;;;;;;;;;;;;;;;;;
;;;;79586EB32E48BF3566E50421E336D7F4;88175;Scheidegg, im Allgäu;Scheidegg;Gartenstraße;19;;1;;;;;;;;;;;;;;;;;;;;;;;;;;;;;;;;;;;;;;;;;;;
;;;;518E78D06185BC55B57F2F47703407D1;88175;Scheidegg, im Allgäu;Scheidegg;Gartenstraße;20;;1;;;;;;;;;;;;;;;;;;;;;;;;;;;;;;;;;;;;;;;;;;;
;;;;A55AC9387E1C482076C6A7AA759C68B8;88175;Scheidegg, im Allgäu;Scheidegg;Gartenstraße;21;;1;;;;;;;;;;;;;;;;;;;;;;;;;;;;;;;;;;;;;;;;;;;
;;;;7C0217500B342FBABCA995EF26030A4C;88175;Scheidegg, im Allgäu;Scheidegg;Gartenstraße;22;;1;;;;;;;;;;;;;;;;;;;;;;;;;;;;;;;;;;;;;;;;;;;
;;;;A0B033F6AAEC4B3FA1AD5F9776E8C40E;88175;Scheidegg, im Allgäu;Scheidegg;Gartenstraße;23;;1;;;;;;;;;;;;;;;;;;;;;;;;;;;;;;;;;;;;;;;;;;;
;;;;11B7FD939D3462DDB91B04F248835860;88175;Scheidegg, im Allgäu;Scheidegg;Gartenstraße;24;;1;;;;;;;;;;;;;;;;;;;;;;;;;;;;;;;;;;;;;;;;;;;
;;;;D4D6EEE6AB47040655281ACDEFA8B7EC;88175;Scheidegg, im Allgäu;Scheidegg;Gartenstraße;25;;1;;;;;;;;;;;;;;;;;;;;;;;;;;;;;;;;;;;;;;;;;;;
;;;;7A5D80B93DD7482D504980FAFA664CA9;88175;Scheidegg, im Allgäu;Scheidegg;Gartenstraße;26;;1;;;;;;;;;;;;;;;;;;;;;;;;;;;;;;;;;;;;;;;;;;;
;;;;AE935C360E67C74926AC0F641B5D14C4;88175;Scheidegg, im Allgäu;Scheidegg;Gartenstraße;27;;1;;;;;;;;;;;;;;;;;;;;;;;;;;;;;;;;;;;;;;;;;;;
;;;;3A61FA830A1D84F2E652A7B2E6A11889;88175;Scheidegg, im Allgäu;Scheidegg;Gartenstraße;28;;1;;;;;;;;;;;;;;;;;;;;;;;;;;;;;;;;;;;;;;;;;;;
;;;;30536398EC809388DD259472FAEB1C4C;88175;Scheidegg, im Allgäu;Scheidegg;Gartenstraße;29;;1;;;;;;;;;;;;;;;;;;;;;;;;;;;;;;;;;;;;;;;;;;;
;;;;BE6AC28323CDC4DEB606960064189EB9;88175;Scheidegg, im Allgäu;Scheidegg;Gartenstraße;31;;1;;;;;;;;;;;;;;;;;;;;;;;;;;;;;;;;;;;;;;;;;;;
;;;;EF8206616324B4EB351B2FCF0FC5075C;88175;Scheidegg, im Allgäu;Scheidegg;Gartenstraße;33;;1;;;;;;;;;;;;;;;;;;;;;;;;;;;;;;;;;;;;;;;;;;;
;;;;312C84BEF28C618155FD21E69FEBE8D8;88175;Scheidegg, im Allgäu;Scheidegg;Grüntenweg;1;;1;;;;;;;;;;;;;;;;;;;;;;;;;;;;;;;;;;;;;;;;;;;
;;;;3FAD8EECF81ADECED07CCC4E7F2E4732;88175;Scheidegg, im Allgäu;Scheidegg;Grüntenweg;2;;1;;;;;;;;;;;;;;;;;;;;;;;;;;;;;;;;;;;;;;;;;;;
;;;;AE68D8FBDDCF9251D327B07EDD21D5D6;88175;Scheidegg, im Allgäu;Scheidegg;Grüntenweg;3;;1;;;;;;;;;;;;;;;;;;;;;;;;;;;;;;;;;;;;;;;;;;;
;;;;10524954D00388FAF487190751AFE1F0;88175;Scheidegg, im Allgäu;Scheidegg;Grüntenweg;4;;1;;;;;;;;;;;;;;;;;;;;;;;;;;;;;;;;;;;;;;;;;;;
;;;;11A565F81C08B979CB3D16D948379F40;88175;Scheidegg, im Allgäu;Scheidegg;Grüntenweg;5;;1;;;;;;;;;;;;;;;;;;;;;;;;;;;;;;;;;;;;;;;;;;;
;;;;F97202010ADB25E6669E194F0F287701;88175;Scheidegg, im Allgäu;Scheidegg;Grüntenweg;6;;1;;;;;;;;;;;;;;;;;;;;;;;;;;;;;;;;;;;;;;;;;;;
;;;;7FCB6169E850F6C3B97E3FA06B8190D1;88175;Scheidegg, im Allgäu;Scheidegg;Grüntenweg;6;/A;1;;;;;;;;;;;;;;;;;;;;;;;;;;;;;;;;;;;;;;;;;;;
;;;;F7F553F9ABBDED064EF8ABD2BACADD44;88175;Scheidegg, im Allgäu;Scheidegg;Grüntenweg;6;/B;1;;;;;;;;;;;;;;;;;;;;;;;;;;;;;;;;;;;;;;;;;;;
;;;;7010E257F2A2F7F4A11642C06191F952;88175;Scheidegg, im Allgäu;Scheidegg;Grüntenweg;7;;1;;;;;;;;;;;;;;;;;;;;;;;;;;;;;;;;;;;;;;;;;;;
;;;;F3606AEBAF7DF62C761AF69DAF2E25DA;88175;Scheidegg, im Allgäu;Scheidegg;Grüntenweg;8;;1;;;;;;;;;;;;;;;;;;;;;;;;;;;;;;;;;;;;;;;;;;;
;;;;57FC5F8104FF20674278EA38ADDE6AC7;88175;Scheidegg, im Allgäu;Scheidegg;Grüntenweg;9;;1;;;;;;;;;;;;;;;;;;;;;;;;;;;;;;;;;;;;;;;;;;;
;;;;505690A190ED7C8C4555EB7A5FC94CC1;88175;Scheidegg, im Allgäu;Scheidegg;Grüntenweg;10;;1;;;;;;;;;;;;;;;;;;;;;;;;;;;;;;;;;;;;;;;;;;;
;;;;47D031BE51186087791863689A961EE9;88175;Scheidegg, im Allgäu;Scheidegg;Grüntenweg;11;;1;;;;;;;;;;;;;;;;;;;;;;;;;;;;;;;;;;;;;;;;;;;
;;;;7E2ED608D8B0801DF33CFD74CBF6095A;88175;Scheidegg, im Allgäu;Scheidegg;Grüntenweg;12;/A;1;;;;;;;;;;;;;;;;;;;;;;;;;;;;;;;;;;;;;;;;;;;
;;;;A9081B252751D66BCB6B5114CD81D839;88175;Scheidegg, im Allgäu;Scheidegg;Grüntenweg;12;;1;;;;;;;;;;;;;;;;;;;;;;;;;;;;;;;;;;;;;;;;;;;
;;;;471C4C3E86C666A45D43A394F199D1C6;88175;Scheidegg, im Allgäu;Scheidegg;Grüntenweg;13;;1;;;;;;;;;;;;;;;;;;;;;;;;;;;;;;;;;;;;;;;;;;;
;;;;111F183C4E6423B6147DC780B48D6466;88175;Scheidegg, im Allgäu;Scheidegg;Grüntenweg;14;;1;;;;;;;;;;;;;;;;;;;;;;;;;;;;;;;;;;;;;;;;;;;
;;;;D6D051E6A2AD3FF22BCFBE27B5EC61A9;88175;Scheidegg, im Allgäu;Scheidegg;Grüntenweg;15;;1;;;;;;;;;;;;;;;;;;;;;;;;;;;;;;;;;;;;;;;;;;;
;;;;CA5373C10B74AD0754A19AD9A730D0C0;88175;Scheidegg, im Allgäu;Scheidegg;Hammerbühlstraße;1;;1;;;;;;;;;;;;;;;;;;;;;;;;;;;;;;;;;;;;;;;;;;;
;;;;E343D3D2522E65F8111A877935C79460;88175;Scheidegg, im Allgäu;Scheidegg;Hammerbühlstraße;2;;1;;;;;;;;;;;;;;;;;;;;;;;;;;;;;;;;;;;;;;;;;;;
;;;;539306674F9F4B499129FC54119DF703;88175;Scheidegg, im Allgäu;Scheidegg;Hammerbühlstraße;3;;1;;;;;;;;;;;;;;;;;;;;;;;;;;;;;;;;;;;;;;;;;;;
;;;;D0297597849EDDFA57C009FE5FAD1EB0;88175;Scheidegg, im Allgäu;Scheidegg;Hammerbühlstraße;5;;1;;;;;;;;;;;;;;;;;;;;;;;;;;;;;;;;;;;;;;;;;;;
;;;;35E96A871ADD42F44082A2E887D867CB;88175;Scheidegg, im Allgäu;Scheidegg;Hammerbühlstraße;6;;1;;;;;;;;;;;;;;;;;;;;;;;;;;;;;;;;;;;;;;;;;;;
;;;;C4789A1B64C60D04F0BE75179EFB0A44;88175;Scheidegg, im Allgäu;Scheidegg;Hammerbühlstraße;7;;1;;;;;;;;;;;;;;;;;;;;;;;;;;;;;;;;;;;;;;;;;;;
;;;;F13F21BF517D41C92A681308A0B02728;88175;Scheidegg, im Allgäu;Scheidegg;Hammerbühlstraße;9;;1;;;;;;;;;;;;;;;;;;;;;;;;;;;;;;;;;;;;;;;;;;;
;;;;CF6E8E474B13B8534B6EACC135515680;88175;Scheidegg, im Allgäu;Scheidegg;Hammerbühlstraße;10;;1;;;;;;;;;;;;;;;;;;;;;;;;;;;;;;;;;;;;;;;;;;;
;;;;F180DF0494696BEDED951675A5029E5A;88175;Scheidegg, im Allgäu;Scheidegg;Hammerbühlstraße;11;;1;;;;;;;;;;;;;;;;;;;;;;;;;;;;;;;;;;;;;;;;;;;
;;;;3F77B068B1A7F4A7E0B5E26D09672F32;88175;Scheidegg, im Allgäu;Scheidegg;Hammerbühlstraße;13;;1;;;;;;;;;;;;;;;;;;;;;;;;;;;;;;;;;;;;;;;;;;;
;;;;B9BA6E52DEB7AF386C1ECDE67B1BFAB7;88175;Scheidegg, im Allgäu;Scheidegg;Hammerbühlstraße;14;;1;;;;;;;;;;;;;;;;;;;;;;;;;;;;;;;;;;;;;;;;;;;
;;;;79331771A34644F2DB0D23AC20189EF7;88175;Scheidegg, im Allgäu;Scheidegg;Hammerbühlstraße;15;;1;;;;;;;;;;;;;;;;;;;;;;;;;;;;;;;;;;;;;;;;;;;
;;;;103761D76BF304FB073AC462E3FA6BC3;88175;Scheidegg, im Allgäu;Scheidegg;Hammerbühlstraße;16;;1;;;;;;;;;;;;;;;;;;;;;;;;;;;;;;;;;;;;;;;;;;;
;;;;C3347EE8CBC12CCA7DDEB13DFF183818;88175;Scheidegg, im Allgäu;Scheidegg;Hammerbühlstraße;16;/A;1;;;;;;;;;;;;;;;;;;;;;;;;;;;;;;;;;;;;;;;;;;;
;;;;2C8A554EB55D9CFA69A29D6E434A5427;88175;Scheidegg, im Allgäu;Scheidegg;Hammerbühlstraße;17;;1;;;;;;;;;;;;;;;;;;;;;;;;;;;;;;;;;;;;;;;;;;;
;;;;92A4839B05F05E0D01CA2D34B7A8DE45;88175;Scheidegg, im Allgäu;Scheidegg;Hammerbühlstraße;18;;1;;;;;;;;;;;;;;;;;;;;;;;;;;;;;;;;;;;;;;;;;;;
;;;;E96A72DEBD9212F356AEAA36387958EE;88175;Scheidegg, im Allgäu;Scheidegg;Hammerbühlstraße;19;;1;;;;;;;;;;;;;;;;;;;;;;;;;;;;;;;;;;;;;;;;;;;
;;;;B4CCAEB8702A014421C9378755B2FE69;88175;Scheidegg, im Allgäu;Scheidegg;Hammerbühlstraße;20;;1;;;;;;;;;;;;;;;;;;;;;;;;;;;;;;;;;;;;;;;;;;;
;;;;766709972ACAEE46C16AA73E5C91007A;88175;Scheidegg, im Allgäu;Scheidegg;Hammerbühlstraße;25;;1;;;;;;;;;;;;;;;;;;;;;;;;;;;;;;;;;;;;;;;;;;;
;;;;5EB673B45A59ABDD7CD09C92BB0110A6;88175;Scheidegg, im Allgäu;Scheidegg;Haslach;3;;1;;;;;;;;;;;;;;;;;;;;;;;;;;;;;;;;;;;;;;;;;;;
;;;;9361317587D9A5EA820D1D25A4C14863;88175;Scheidegg, im Allgäu;Scheidegg;Haslach;7;;1;;;;;;;;;;;;;;;;;;;;;;;;;;;;;;;;;;;;;;;;;;;
;;;;ABD27D04010CA602061E5857AD6F1BA9;88175;Scheidegg, im Allgäu;Scheidegg;Haslach;15;;1;;;;;;;;;;;;;;;;;;;;;;;;;;;;;;;;;;;;;;;;;;;
;;;;8842D06D0E8FEDE5BBD786BCAE6E4584;88175;Scheidegg, im Allgäu;Scheidegg;Haslach;19;;1;;;;;;;;;;;;;;;;;;;;;;;;;;;;;;;;;;;;;;;;;;;
;;;;5BD028EDFDEA8F2B85495642520BD0E1;88175;Scheidegg, im Allgäu;Scheidegg;Haslacher Straße;15;;1;;;;;;;;;;;;;;;;;;;;;;;;;;;;;;;;;;;;;;;;;;;
;;;;3ED69A9B9F50A9D0EB3E987E07332276;88175;Scheidegg, im Allgäu;Scheidegg;Hirschbergweg;1;;1;;;;;;;;;;;;;;;;;;;;;;;;;;;;;;;;;;;;;;;;;;;
;;;;19FF98494A0F059B57C76B8AD0501DB5;88175;Scheidegg, im Allgäu;Scheidegg;Hirschbergweg;4;;1;;;;;;;;;;;;;;;;;;;;;;;;;;;;;;;;;;;;;;;;;;;
;;;;AF3EDE4F08C957DD1A6686D44831FC38;88175;Scheidegg, im Allgäu;Scheidegg;Hirschbergweg;4;/A;1;;;;;;;;;;;;;;;;;;;;;;;;;;;;;;;;;;;;;;;;;;;
;;;;5993BAF7B815A692439F44174C352428;88175;Scheidegg, im Allgäu;Scheidegg;Hirschbergweg;5;;1;;;;;;;;;;;;;;;;;;;;;;;;;;;;;;;;;;;;;;;;;;;
;;;;431CF510339975C9E48A79CEDC9B9496;88175;Scheidegg, im Allgäu;Scheidegg;Hirschbergweg;6;/A;1;;;;;;;;;;;;;;;;;;;;;;;;;;;;;;;;;;;;;;;;;;;
;;;;76AB3293E028D6426EFA7B391AA80772;88175;Scheidegg, im Allgäu;Scheidegg;Hirschbergweg;6;;1;;;;;;;;;;;;;;;;;;;;;;;;;;;;;;;;;;;;;;;;;;;
;;;;DDB44EAE80158327E1D872831093DEA3;88175;Scheidegg, im Allgäu;Scheidegg;Hirschbergweg;7;;1;;;;;;;;;;;;;;;;;;;;;;;;;;;;;;;;;;;;;;;;;;;
;;;;7666630FA188C46FE7F3B2C889323340;88175;Scheidegg, im Allgäu;Scheidegg;Hirschbergweg;8;;1;;;;;;;;;;;;;;;;;;;;;;;;;;;;;;;;;;;;;;;;;;;
;;;;F4281A1E91975A2CE868C3E0A1AE8B64;88175;Scheidegg, im Allgäu;Scheidegg;Hirschbergweg;9;;1;;;;;;;;;;;;;;;;;;;;;;;;;;;;;;;;;;;;;;;;;;;
;;;;D0D8B118860D0914F0CDC07D70FA2717;88175;Scheidegg, im Allgäu;Scheidegg;Hirschbergweg;9;/A;1;;;;;;;;;;;;;;;;;;;;;;;;;;;;;;;;;;;;;;;;;;;
;;;;C01874B025B69F7F1160DADD7AB0BA69;88175;Scheidegg, im Allgäu;Scheidegg;Hirschbergweg;10;;1;;;;;;;;;;;;;;;;;;;;;;;;;;;;;;;;;;;;;;;;;;;
;;;;31ECEDB2048AEF2E6806C998D56DB8F2;88175;Scheidegg, im Allgäu;Scheidegg;Hirschbergweg;11;;1;;;;;;;;;;;;;;;;;;;;;;;;;;;;;;;;;;;;;;;;;;;
;;;;256E93E507FFC4300C9B939C3A08C3FD;88175;Scheidegg, im Allgäu;Scheidegg;Hirschbergweg;12;;1;;;;;;;;;;;;;;;;;;;;;;;;;;;;;;;;;;;;;;;;;;;
;;;;06271808BEB4F6B7E52624A33B1057C7;88175;Scheidegg, im Allgäu;Scheidegg;Hirschbergweg;13;;1;;;;;;;;;;;;;;;;;;;;;;;;;;;;;;;;;;;;;;;;;;;
;;;;28E7C70C092B6FBB92676D2566020742;88175;Scheidegg, im Allgäu;Scheidegg;Hirschbergweg;14;;1;;;;;;;;;;;;;;;;;;;;;;;;;;;;;;;;;;;;;;;;;;;
;;;;BDB59A847B8C1D7257EC09A474EC153D;88175;Scheidegg, im Allgäu;Scheidegg;Hirschbergweg;15;;1;;;;;;;;;;;;;;;;;;;;;;;;;;;;;;;;;;;;;;;;;;;
;;;;2CD312BABEFF662A2813967AF567269F;88175;Scheidegg, im Allgäu;Scheidegg;Hirschbergweg;16;;1;;;;;;;;;;;;;;;;;;;;;;;;;;;;;;;;;;;;;;;;;;;
;;;;396FE6C94C5F17B12E0EBC12999DBFE8;88175;Scheidegg, im Allgäu;Scheidegg;Hirschbergweg;17;;1;;;;;;;;;;;;;;;;;;;;;;;;;;;;;;;;;;;;;;;;;;;
;;;;DA9949805B3B12F263835F83CBA9F19E;88175;Scheidegg, im Allgäu;Scheidegg;Hirschbergweg;18;;1;;;;;;;;;;;;;;;;;;;;;;;;;;;;;;;;;;;;;;;;;;;
;;;;B49AF1E1E7FF6A6D7487344E6CA316A8;88175;Scheidegg, im Allgäu;Scheidegg;Hirschbergweg;20;;1;;;;;;;;;;;;;;;;;;;;;;;;;;;;;;;;;;;;;;;;;;;
;;;;34D44CCA3CA91504F5F95249EA54CEE9;88175;Scheidegg, im Allgäu;Scheidegg;Hirschbergweg;21;;1;;;;;;;;;;;;;;;;;;;;;;;;;;;;;;;;;;;;;;;;;;;
;;;;0CFAA2E5E9C3C874738330740DA0A960;88175;Scheidegg, im Allgäu;Scheidegg;Hirschbergweg;22;;1;;;;;;;;;;;;;;;;;;;;;;;;;;;;;;;;;;;;;;;;;;;
;;;;EC9FF165EE08C41425E908964F757E14;88175;Scheidegg, im Allgäu;Scheidegg;Hirschbergweg;23;;1;;;;;;;;;;;;;;;;;;;;;;;;;;;;;;;;;;;;;;;;;;;
;;;;8A13B72558CAF2FD152371CC554D2E57;88175;Scheidegg, im Allgäu;Scheidegg;Hirschbergweg;24;;1;;;;;;;;;;;;;;;;;;;;;;;;;;;;;;;;;;;;;;;;;;;
;;;;B8943CA12725B67FE6952FC2F4CB47F7;88175;Scheidegg, im Allgäu;Scheidegg;Hirschbergweg;25;;1;;;;;;;;;;;;;;;;;;;;;;;;;;;;;;;;;;;;;;;;;;;
;;;;5D4BB841157839AAE67E739144BF67B6;88175;Scheidegg, im Allgäu;Scheidegg;Hirschbergweg;26;;1;;;;;;;;;;;;;;;;;;;;;;;;;;;;;;;;;;;;;;;;;;;
;;;;3026DA59D920B89354945DB9247EF85D;88175;Scheidegg, im Allgäu;Scheidegg;Hirschbergweg;27;;1;;;;;;;;;;;;;;;;;;;;;;;;;;;;;;;;;;;;;;;;;;;
;;;;F1BC84204924818167EFBF2DF724CBB9;88175;Scheidegg, im Allgäu;Scheidegg;Hirschbergweg;28;;1;;;;;;;;;;;;;;;;;;;;;;;;;;;;;;;;;;;;;;;;;;;
;;;;26E19366F2F75BDD0C3DE1F95A6CC6D8;88175;Scheidegg, im Allgäu;Scheidegg;Hirschbergweg;29;;1;;;;;;;;;;;;;;;;;;;;;;;;;;;;;;;;;;;;;;;;;;;
;;;;C6692F0B9CF3FB079CA8E692510D09D8;88175;Scheidegg, im Allgäu;Scheidegg;Hirschbergweg;30;;1;;;;;;;;;;;;;;;;;;;;;;;;;;;;;;;;;;;;;;;;;;;
;;;;BE24AFB188B0A54AB49362B62C06EB54;88175;Scheidegg, im Allgäu;Scheidegg;Hirschbergweg;31;;1;;;;;;;;;;;;;;;;;;;;;;;;;;;;;;;;;;;;;;;;;;;
;;;;C514726C473409921FF12F4BA58467FB;88175;Scheidegg, im Allgäu;Scheidegg;Hirschbergweg;32;;1;;;;;;;;;;;;;;;;;;;;;;;;;;;;;;;;;;;;;;;;;;;
;;;;07F2E95120A58AED39BE41C799492DFF;88175;Scheidegg, im Allgäu;Scheidegg;Hirschbergweg;33;;1;;;;;;;;;;;;;;;;;;;;;;;;;;;;;;;;;;;;;;;;;;;
;;;;225842BFB836F09EF5D311E5CAEB0F44;88175;Scheidegg, im Allgäu;Scheidegg;Hirschbergweg;34;;1;;;;;;;;;;;;;;;;;;;;;;;;;;;;;;;;;;;;;;;;;;;
;;;;C852C6D48B225E23892D3977223F620A;88175;Scheidegg, im Allgäu;Scheidegg;Hirschbergweg;36;;1;;;;;;;;;;;;;;;;;;;;;;;;;;;;;;;;;;;;;;;;;;;
;;;;2EA07E23D467A82AC7E1B2F61977BEEF;88175;Scheidegg, im Allgäu;Scheidegg;Hirschbergweg;38;;1;;;;;;;;;;;;;;;;;;;;;;;;;;;;;;;;;;;;;;;;;;;
;;;;0C1E0A5E7241482467E040A369057E05;88175;Scheidegg, im Allgäu;Scheidegg;Hirschbergweg;40;;1;;;;;;;;;;;;;;;;;;;;;;;;;;;;;;;;;;;;;;;;;;;
;;;;F1B62AF9F062AA945A8147F51E399146;88175;Scheidegg, im Allgäu;Scheidegg;Hirschbergweg;42;;1;;;;;;;;;;;;;;;;;;;;;;;;;;;;;;;;;;;;;;;;;;;
;;;;FF550DB974E617D404FFF5ADC1F46B0A;88175;Scheidegg, im Allgäu;Scheidegg;Hirschbergweg;44;;1;;;;;;;;;;;;;;;;;;;;;;;;;;;;;;;;;;;;;;;;;;;
;;;;222925DCB8B6D897A93C9C7431BC1726;88175;Scheidegg, im Allgäu;Scheidegg;Hitzenbühl;1;;1;;;;;;;;;;;;;;;;;;;;;;;;;;;;;;;;;;;;;;;;;;;
;;;;2C20EB8EE6DF36D202A4F17FA72ECD61;88175;Scheidegg, im Allgäu;Scheidegg;Hitzenbühl;2;;1;;;;;;;;;;;;;;;;;;;;;;;;;;;;;;;;;;;;;;;;;;;
;;;;E3E75A57AA981F343CDCB20976689491;88175;Scheidegg, im Allgäu;Scheidegg;Hitzenbühl;3;;1;;;;;;;;;;;;;;;;;;;;;;;;;;;;;;;;;;;;;;;;;;;
;;;;304AF32DB1C2222A8FD9EDCA53251852;88175;Scheidegg, im Allgäu;Scheidegg;Hitzenbühl;4;;1;;;;;;;;;;;;;;;;;;;;;;;;;;;;;;;;;;;;;;;;;;;
;;;;D3B31BB83AE43F308C65BB07DFB7B72D;88175;Scheidegg, im Allgäu;Scheidegg;Hitzenbühl;5;;1;;;;;;;;;;;;;;;;;;;;;;;;;;;;;;;;;;;;;;;;;;;
;;;;21E232CE8D874690844F5C1D95E77552;88175;Scheidegg, im Allgäu;Scheidegg;Hitzenbühl;6;;1;;;;;;;;;;;;;;;;;;;;;;;;;;;;;;;;;;;;;;;;;;;
;;;;E9901C94B180035F8A878603ED62984F;88175;Scheidegg, im Allgäu;Scheidegg;Hitzenbühl;7;;1;;;;;;;;;;;;;;;;;;;;;;;;;;;;;;;;;;;;;;;;;;;
;;;;1F0039F30C70467A827DCD39A9016167;88175;Scheidegg, im Allgäu;Scheidegg;Hitzenbühl;8;;1;;;;;;;;;;;;;;;;;;;;;;;;;;;;;;;;;;;;;;;;;;;
;;;;DE9D46A3CDF10BE0079411B3D58AC93C;88175;Scheidegg, im Allgäu;Scheidegg;Hitzenbühl;9;;1;;;;;;;;;;;;;;;;;;;;;;;;;;;;;;;;;;;;;;;;;;;
;;;;08C3737C9F646452F79360FA121EB75A;88175;Scheidegg, im Allgäu;Scheidegg;Hitzenbühl;10;;1;;;;;;;;;;;;;;;;;;;;;;;;;;;;;;;;;;;;;;;;;;;
;;;;D1BDC594A1E7CBDA914A0B9B24A237AC;88175;Scheidegg, im Allgäu;Scheidegg;Hitzenbühl;11;;1;;;;;;;;;;;;;;;;;;;;;;;;;;;;;;;;;;;;;;;;;;;
;;;;6ECF8495E2EDAD27F7CA0E25C519EC62;88175;Scheidegg, im Allgäu;Scheidegg;Hitzenbühl;12;;1;;;;;;;;;;;;;;;;;;;;;;;;;;;;;;;;;;;;;;;;;;;
;;;;7D4D2C915123CB0ADEDB4F63C2A3E111;88175;Scheidegg, im Allgäu;Scheidegg;Hitzenbühl;13;;1;;;;;;;;;;;;;;;;;;;;;;;;;;;;;;;;;;;;;;;;;;;
;;;;2CCFBB69AFE86A2903886FCB047E458E;88175;Scheidegg, im Allgäu;Scheidegg;Hitzenbühl;14;;1;;;;;;;;;;;;;;;;;;;;;;;;;;;;;;;;;;;;;;;;;;;
;;;;1F0B9F1431AA4FCCB2C5555CDE471B7A;88175;Scheidegg, im Allgäu;Scheidegg;Hitzenbühl;15;/B;1;;;;;;;;;;;;;;;;;;;;;;;;;;;;;;;;;;;;;;;;;;;
;;;;8AC9650AAC394EA3A9540FB23FF09F26;88175;Scheidegg, im Allgäu;Scheidegg;Hitzenbühl;15;/A;1;;;;;;;;;;;;;;;;;;;;;;;;;;;;;;;;;;;;;;;;;;;
;;;;D757D91F6C3B48A393E72739772408D0;88175;Scheidegg, im Allgäu;Scheidegg;Hitzenbühl;15;/C;1;;;;;;;;;;;;;;;;;;;;;;;;;;;;;;;;;;;;;;;;;;;
;;;;A85D32B6FD46138F21BB7ECD83AB01D6;88175;Scheidegg, im Allgäu;Scheidegg;Hitzenbühl;16;;1;;;;;;;;;;;;;;;;;;;;;;;;;;;;;;;;;;;;;;;;;;;
;;;;2828DCE9F80E24ACCBD91D8CB60BD858;88175;Scheidegg, im Allgäu;Scheidegg;Hitzenbühl;17;;1;;;;;;;;;;;;;;;;;;;;;;;;;;;;;;;;;;;;;;;;;;;
;;;;D949C5CDD8F1BFE9601756315EB6F282;88175;Scheidegg, im Allgäu;Scheidegg;Hitzenbühl;18;;1;;;;;;;;;;;;;;;;;;;;;;;;;;;;;;;;;;;;;;;;;;;
;;;;A0FAE50A6C13ECD214F037AFCC59CA03;88175;Scheidegg, im Allgäu;Scheidegg;Hitzenbühl;19;;1;;;;;;;;;;;;;;;;;;;;;;;;;;;;;;;;;;;;;;;;;;;
;;;;1EE89ED6424A1C750A8303E8DDF1B628;88175;Scheidegg, im Allgäu;Scheidegg;Hitzenbühl;20;;1;;;;;;;;;;;;;;;;;;;;;;;;;;;;;;;;;;;;;;;;;;;
;;;;55CAEA112E109750D88314EBEAF9E33A;88175;Scheidegg, im Allgäu;Scheidegg;Hochberg;46;;1;;;;;;;;;;;;;;;;;;;;;;;;;;;;;;;;;;;;;;;;;;;
;;;;A222BF57081C451C70CC9B879344BFCB;88175;Scheidegg, im Allgäu;Scheidegg;Hochbergstraße;2;/A;1;;;;;;;;;;;;;;;;;;;;;;;;;;;;;;;;;;;;;;;;;;;
;;;;CCB5188C88AB5CA4147649A69ECCCD67;88175;Scheidegg, im Allgäu;Scheidegg;Hochbergstraße;2;;1;;;;;;;;;;;;;;;;;;;;;;;;;;;;;;;;;;;;;;;;;;;
;;;;E4A587613C18BCA76E27E7488EF0D3CE;88175;Scheidegg, im Allgäu;Scheidegg;Hochbergstraße;3;;1;;;;;;;;;;;;;;;;;;;;;;;;;;;;;;;;;;;;;;;;;;;
;;;;F8408C151F14DBA05C6D970A392DACFA;88175;Scheidegg, im Allgäu;Scheidegg;Hochbergstraße;4;;1;;;;;;;;;;;;;;;;;;;;;;;;;;;;;;;;;;;;;;;;;;;
;;;;1AB8DB7CDEBDFA02292D34D5F527B5AC;88175;Scheidegg, im Allgäu;Scheidegg;Hochbergstraße;5;;1;;;;;;;;;;;;;;;;;;;;;;;;;;;;;;;;;;;;;;;;;;;
;;;;4E79338BA2CE8451C3637C32A2BC1D6E;88175;Scheidegg, im Allgäu;Scheidegg;Hochbergstraße;6;;1;;;;;;;;;;;;;;;;;;;;;;;;;;;;;;;;;;;;;;;;;;;
;;;;E3628DEE9111AFAF8786D33E71846BFB;88175;Scheidegg, im Allgäu;Scheidegg;Hochbergstraße;7;;1;;;;;;;;;;;;;;;;;;;;;;;;;;;;;;;;;;;;;;;;;;;
;;;;C706B425B88F24FC836080EBCFD282A4;88175;Scheidegg, im Allgäu;Scheidegg;Hochbergstraße;8;/B;1;;;;;;;;;;;;;;;;;;;;;;;;;;;;;;;;;;;;;;;;;;;
;;;;D7F1062ED921D473B2D1123D351DB60E;88175;Scheidegg, im Allgäu;Scheidegg;Hochbergstraße;8;/A;1;;;;;;;;;;;;;;;;;;;;;;;;;;;;;;;;;;;;;;;;;;;
;;;;D00A3E138798512489406F08BF8E2C9B;88175;Scheidegg, im Allgäu;Scheidegg;Hochbergstraße;9;;1;;;;;;;;;;;;;;;;;;;;;;;;;;;;;;;;;;;;;;;;;;;
;;;;C18E87F727FBCC51A63A40D20C6FC3B7;88175;Scheidegg, im Allgäu;Scheidegg;Hochbergstraße;10;;1;;;;;;;;;;;;;;;;;;;;;;;;;;;;;;;;;;;;;;;;;;;
;;;;111721A417F71631EC69C6D2B870B5AF;88175;Scheidegg, im Allgäu;Scheidegg;Hochbergstraße;12;;1;;;;;;;;;;;;;;;;;;;;;;;;;;;;;;;;;;;;;;;;;;;
;;;;DDD5048702DB294777AEBCE56C8839C2;88175;Scheidegg, im Allgäu;Scheidegg;Hochbergstraße;13;;1;;;;;;;;;;;;;;;;;;;;;;;;;;;;;;;;;;;;;;;;;;;
;;;;47254F65436C3F0FDDED277D19C7B542;88175;Scheidegg, im Allgäu;Scheidegg;Hochbergstraße;14;;1;;;;;;;;;;;;;;;;;;;;;;;;;;;;;;;;;;;;;;;;;;;
;;;;BDF298481D8117AA93BBB5D434103647;88175;Scheidegg, im Allgäu;Scheidegg;Hochbergstraße;16;;1;;;;;;;;;;;;;;;;;;;;;;;;;;;;;;;;;;;;;;;;;;;
;;;;77A8B4282E0C25ABBAA5305AE77C45D6;88175;Scheidegg, im Allgäu;Scheidegg;Hochbergstraße;18;;1;;;;;;;;;;;;;;;;;;;;;;;;;;;;;;;;;;;;;;;;;;;
;;;;066BB9C84E1325D6A13C461EA6F640AE;88175;Scheidegg, im Allgäu;Scheidegg;Hochbergstraße;18;/A;1;;;;;;;;;;;;;;;;;;;;;;;;;;;;;;;;;;;;;;;;;;;
;;;;162566754B5BA7166AE5DA9A3044D9B7;88175;Scheidegg, im Allgäu;Scheidegg;Hochbergstraße;20;;1;;;;;;;;;;;;;;;;;;;;;;;;;;;;;;;;;;;;;;;;;;;
;;;;F17888D51245E353C93068250E620EBA;88175;Scheidegg, im Allgäu;Scheidegg;Hochbergstraße;20;/A;1;;;;;;;;;;;;;;;;;;;;;;;;;;;;;;;;;;;;;;;;;;;
;;;;BFBB75A39EF3BBA79747909C8C6B6923;88175;Scheidegg, im Allgäu;Scheidegg;Hochbergstraße;24;;1;;;;;;;;;;;;;;;;;;;;;;;;;;;;;;;;;;;;;;;;;;;
;;;;84E05943A616BEB9FC2E324C07975815;88175;Scheidegg, im Allgäu;Scheidegg;Hochbergstraße;25;;1;;;;;;;;;;;;;;;;;;;;;;;;;;;;;;;;;;;;;;;;;;;
;;;;B2554C7687F1109498480D25E2C7E2A1;88175;Scheidegg, im Allgäu;Scheidegg;Hochbergstraße;26;;1;;;;;;;;;;;;;;;;;;;;;;;;;;;;;;;;;;;;;;;;;;;
;;;;62E40C9944AFD9C397E5ADFDA7B9CB02;88175;Scheidegg, im Allgäu;Scheidegg;Hochbergstraße;27;;1;;;;;;;;;;;;;;;;;;;;;;;;;;;;;;;;;;;;;;;;;;;
;;;;F094E4AFD4DEA98BFD0FAEC272FD0888;88175;Scheidegg, im Allgäu;Scheidegg;Hochbergstraße;28;;1;;;;;;;;;;;;;;;;;;;;;;;;;;;;;;;;;;;;;;;;;;;
;;;;FA71B3D30062121E0F91449078AF12CD;88175;Scheidegg, im Allgäu;Scheidegg;Hochbergstraße;29;;1;;;;;;;;;;;;;;;;;;;;;;;;;;;;;;;;;;;;;;;;;;;
;;;;A8FDB802F12D6FF8B385F9D61E590A40;88175;Scheidegg, im Allgäu;Scheidegg;Hochbergstraße;30;;1;;;;;;;;;;;;;;;;;;;;;;;;;;;;;;;;;;;;;;;;;;;
;;;;726729B2E6F912E7DBBE2B01289478D8;88175;Scheidegg, im Allgäu;Scheidegg;Hochbergstraße;31;;1;;;;;;;;;;;;;;;;;;;;;;;;;;;;;;;;;;;;;;;;;;;
;;;;7D02B5035FCDD0327D6EAF566E1889BD;88175;Scheidegg, im Allgäu;Scheidegg;Hochbergstraße;32;;1;;;;;;;;;;;;;;;;;;;;;;;;;;;;;;;;;;;;;;;;;;;
;;;;26A22436418BE971C9231E2FC9C3EF05;88175;Scheidegg, im Allgäu;Scheidegg;Hochbergstraße;33;/B;1;;;;;;;;;;;;;;;;;;;;;;;;;;;;;;;;;;;;;;;;;;;
;;;;A446D4C566F438E00F90CEB7968DE615;88175;Scheidegg, im Allgäu;Scheidegg;Hochbergstraße;33;/A;1;;;;;;;;;;;;;;;;;;;;;;;;;;;;;;;;;;;;;;;;;;;
;;;;A1366AB7DC7C488D3FB625D390D927AF;88175;Scheidegg, im Allgäu;Scheidegg;Hochbergstraße;34;;1;;;;;;;;;;;;;;;;;;;;;;;;;;;;;;;;;;;;;;;;;;;
;;;;29890E6B74E29563190113DFA62FA39D;88175;Scheidegg, im Allgäu;Scheidegg;Hochbergstraße;35;;1;;;;;;;;;;;;;;;;;;;;;;;;;;;;;;;;;;;;;;;;;;;
;;;;FE4813C2BC0BB4607EB9BBA4FDC8CCB2;88175;Scheidegg, im Allgäu;Scheidegg;Hochbergstraße;36;/A;1;;;;;;;;;;;;;;;;;;;;;;;;;;;;;;;;;;;;;;;;;;;
;;;;061F610826178E2060F8E0F5A28DDC91;88175;Scheidegg, im Allgäu;Scheidegg;Hochbergstraße;36;/D;1;;;;;;;;;;;;;;;;;;;;;;;;;;;;;;;;;;;;;;;;;;;
;;;;464CC2AA31996BAAF8A1DDCC109E4376;88175;Scheidegg, im Allgäu;Scheidegg;Hochbergstraße;36;/C;1;;;;;;;;;;;;;;;;;;;;;;;;;;;;;;;;;;;;;;;;;;;
;;;;C8643C3BFFC7811A3959AADF40D65E3C;88175;Scheidegg, im Allgäu;Scheidegg;Hochbergstraße;36;/B;1;;;;;;;;;;;;;;;;;;;;;;;;;;;;;;;;;;;;;;;;;;;
;;;;E2E92C63EDE7E10FF9F042C217E8A590;88175;Scheidegg, im Allgäu;Scheidegg;Hochbergstraße;37;;1;;;;;;;;;;;;;;;;;;;;;;;;;;;;;;;;;;;;;;;;;;;
;;;;808BF40BCE95BDCC2477E10BCEFE1844;88175;Scheidegg, im Allgäu;Scheidegg;Hochgratstraße;3;;1;;;;;;;;;;;;;;;;;;;;;;;;;;;;;;;;;;;;;;;;;;;
;;;;F915EFD1BEEC88B83C6B813D0465AAC7;88175;Scheidegg, im Allgäu;Scheidegg;Hochgratstraße;6;;1;;;;;;;;;;;;;;;;;;;;;;;;;;;;;;;;;;;;;;;;;;;
;;;;918807C665A42BCBA7E94C23EAAB65D8;88175;Scheidegg, im Allgäu;Scheidegg;Hochgratstraße;7;;1;;;;;;;;;;;;;;;;;;;;;;;;;;;;;;;;;;;;;;;;;;;
;;;;436F72D28F6EDD9C0A415F44A543958B;88175;Scheidegg, im Allgäu;Scheidegg;Hochgratstraße;8;;1;;;;;;;;;;;;;;;;;;;;;;;;;;;;;;;;;;;;;;;;;;;
;;;;5900C9565163BD10FC819EE4F356138A;88175;Scheidegg, im Allgäu;Scheidegg;Hochgratstraße;10;;1;;;;;;;;;;;;;;;;;;;;;;;;;;;;;;;;;;;;;;;;;;;
;;;;4A4D8C26D6A178438825D1D5813A234E;88175;Scheidegg, im Allgäu;Scheidegg;Hochgratstraße;11;;1;;;;;;;;;;;;;;;;;;;;;;;;;;;;;;;;;;;;;;;;;;;
;;;;82C22E4B51A5B9F3A94FC6C9550C14A6;88175;Scheidegg, im Allgäu;Scheidegg;Hochgratstraße;13;;1;;;;;;;;;;;;;;;;;;;;;;;;;;;;;;;;;;;;;;;;;;;
;;;;B030406176753EB9DE90E501EB6BD913;88175;Scheidegg, im Allgäu;Scheidegg;Hochgratstraße;14;;1;;;;;;;;;;;;;;;;;;;;;;;;;;;;;;;;;;;;;;;;;;;
;;;;CFABCBEAB8F5749012903E55037FF6DB;88175;Scheidegg, im Allgäu;Scheidegg;Hochgratstraße;15;;1;;;;;;;;;;;;;;;;;;;;;;;;;;;;;;;;;;;;;;;;;;;
;;;;E3C107677E1CBAADE3A3281A1BBEC390;88175;Scheidegg, im Allgäu;Scheidegg;Hummelweg;2;;1;;;;;;;;;;;;;;;;;;;;;;;;;;;;;;;;;;;;;;;;;;;
;;;;089D4119436BCB4C355994C241EE0CDC;88175;Scheidegg, im Allgäu;Scheidegg;Hummelweg;3;;1;;;;;;;;;;;;;;;;;;;;;;;;;;;;;;;;;;;;;;;;;;;
;;;;7608C50FEBD8BC2F1152A1D10B2F2C3C;88175;Scheidegg, im Allgäu;Scheidegg;Hummelweg;4;;1;;;;;;;;;;;;;;;;;;;;;;;;;;;;;;;;;;;;;;;;;;;
;;;;563DDE546FC207C3E305A65A52CD2C6B;88175;Scheidegg, im Allgäu;Scheidegg;Hummelweg;5;;1;;;;;;;;;;;;;;;;;;;;;;;;;;;;;;;;;;;;;;;;;;;
;;;;CC256BDA80DBD397233BA898F2545BB5;88175;Scheidegg, im Allgäu;Scheidegg;Hummelweg;6;;1;;;;;;;;;;;;;;;;;;;;;;;;;;;;;;;;;;;;;;;;;;;
;;;;D6D3CE2C1F6FDE6CC864019E236B8E9E;88175;Scheidegg, im Allgäu;Scheidegg;Hummelweg;7;;1;;;;;;;;;;;;;;;;;;;;;;;;;;;;;;;;;;;;;;;;;;;
;;;;EC1725BB7E0730928FB62E06B55B0E1B;88175;Scheidegg, im Allgäu;Scheidegg;Hummelweg;8;;1;;;;;;;;;;;;;;;;;;;;;;;;;;;;;;;;;;;;;;;;;;;
;;;;A00F745473483C8E6FA840D96B332C0B;88175;Scheidegg, im Allgäu;Scheidegg;Hummelweg;9;;1;;;;;;;;;;;;;;;;;;;;;;;;;;;;;;;;;;;;;;;;;;;
;;;;99188ADB7FDC2B1B9A788BECF1CF9527;88175;Scheidegg, im Allgäu;Scheidegg;Hummelweg;11;;1;;;;;;;;;;;;;;;;;;;;;;;;;;;;;;;;;;;;;;;;;;;
;;;;1AB13E5CA225E0A4EEB28CE1BC31078F;88175;Scheidegg, im Allgäu;Scheidegg;Hummelweg;13;;1;;;;;;;;;;;;;;;;;;;;;;;;;;;;;;;;;;;;;;;;;;;
;;;;6DB7912758BB9BAB870B900687FE562A;88175;Scheidegg, im Allgäu;Scheidegg;Hummelweg;15;;1;;;;;;;;;;;;;;;;;;;;;;;;;;;;;;;;;;;;;;;;;;;
;;;;4264C0F4C84A42FEB4237AA17696C048;88175;Scheidegg, im Allgäu;Scheidegg;Hummelweg;17;;1;;;;;;;;;;;;;;;;;;;;;;;;;;;;;;;;;;;;;;;;;;;
;;;;BC872C8258E101C47AB69A84AB7885DE;88175;Scheidegg, im Allgäu;Scheidegg;Hummelweg;19;;1;;;;;;;;;;;;;;;;;;;;;;;;;;;;;;;;;;;;;;;;;;;
;;;;AB9A2DFFE6AE3BC201D713C3010D5834;88175;Scheidegg, im Allgäu;Scheidegg;Hummelweg;21;;1;;;;;;;;;;;;;;;;;;;;;;;;;;;;;;;;;;;;;;;;;;;
;;;;61672190183A407080B4C4909827F7D3;88175;Scheidegg, im Allgäu;Scheidegg;Hummelweg;23;;1;;;;;;;;;;;;;;;;;;;;;;;;;;;;;;;;;;;;;;;;;;;
;;;;6D0A03CC8A7CA1CB7619FE009407C860;88175;Scheidegg, im Allgäu;Scheidegg;Hummelweg;49;/1/2;1;;;;;;;;;;;;;;;;;;;;;;;;;;;;;;;;;;;;;;;;;;;
;;;;36857B6B6C51AA92E18486CC77BF1966;88175;Scheidegg, im Allgäu;Scheidegg;Hummelweg;49;/1/3;1;;;;;;;;;;;;;;;;;;;;;;;;;;;;;;;;;;;;;;;;;;;
;;;;520035235B6C3AD990F4CFBF4FD9F5C5;88175;Scheidegg, im Allgäu;Scheidegg;Hummelweg;49;;1;;;;;;;;;;;;;;;;;;;;;;;;;;;;;;;;;;;;;;;;;;;
;;;;3309FA6EEFF3EA422969D97965B77234;88175;Scheidegg, im Allgäu;Scheidegg;Höhenweg;1;;1;;;;;;;;;;;;;;;;;;;;;;;;;;;;;;;;;;;;;;;;;;;
;;;;6B5A9DBECAECCBEB85D1079EC333D8B3;88175;Scheidegg, im Allgäu;Scheidegg;Höhenweg;2;;1;;;;;;;;;;;;;;;;;;;;;;;;;;;;;;;;;;;;;;;;;;;
;;;;41CE6AC410444153DFF2133032495C64;88175;Scheidegg, im Allgäu;Scheidegg;Höhenweg;3;;1;;;;;;;;;;;;;;;;;;;;;;;;;;;;;;;;;;;;;;;;;;;
;;;;D4150423FC2BAB94721B52876C2D7AD9;88175;Scheidegg, im Allgäu;Scheidegg;Höhenweg;4;;1;;;;;;;;;;;;;;;;;;;;;;;;;;;;;;;;;;;;;;;;;;;
;;;;BE2FF270BA045091DAC867BD57D8EC23;88175;Scheidegg, im Allgäu;Scheidegg;Höhenweg;5;;1;;;;;;;;;;;;;;;;;;;;;;;;;;;;;;;;;;;;;;;;;;;
;;;;DAF871395DB31CBEBAC9C4BCF1C749A1;88175;Scheidegg, im Allgäu;Scheidegg;Höhenweg;6;;1;;;;;;;;;;;;;;;;;;;;;;;;;;;;;;;;;;;;;;;;;;;
;;;;52A172827868E7C409EB8CD47F7A2954;88175;Scheidegg, im Allgäu;Scheidegg;Kirchplatz;1;;1;;;;;;;;;;;;;;;;;;;;;;;;;;;;;;;;;;;;;;;;;;;
;;;;B8A5C504E838D00752E189FB5883E097;88175;Scheidegg, im Allgäu;Scheidegg;Kirchplatz;2;;1;;;;;;;;;;;;;;;;;;;;;;;;;;;;;;;;;;;;;;;;;;;
;;;;7D1CC234AE4A264D92D886A0DD6CAF51;88175;Scheidegg, im Allgäu;Scheidegg;Kirchplatz;3;;1;;;;;;;;;;;;;;;;;;;;;;;;;;;;;;;;;;;;;;;;;;;
;;;;628483B1121D8DB5BEBF3D9F25E7A89A;88175;Scheidegg, im Allgäu;Scheidegg;Kirchplatz;5;;1;;;;;;;;;;;;;;;;;;;;;;;;;;;;;;;;;;;;;;;;;;;
;;;;EA9DF4E1BBD68FB14A739D697A40233A;88175;Scheidegg, im Allgäu;Scheidegg;Kirchstraße;1;;1;;;;;;;;;;;;;;;;;;;;;;;;;;;;;;;;;;;;;;;;;;;
;;;;F62D709B49C290F272504895691CB78E;88175;Scheidegg, im Allgäu;Scheidegg;Kirchstraße;2;;1;;;;;;;;;;;;;;;;;;;;;;;;;;;;;;;;;;;;;;;;;;;
;;;;65D318AE8E671AB0A0CD56022C43E5D7;88175;Scheidegg, im Allgäu;Scheidegg;Kirchstraße;3;;1;;;;;;;;;;;;;;;;;;;;;;;;;;;;;;;;;;;;;;;;;;;
;;;;CD5C9102CD52D9A258A9B2771DAEE7F8;88175;Scheidegg, im Allgäu;Scheidegg;Kirchstraße;4;;1;;;;;;;;;;;;;;;;;;;;;;;;;;;;;;;;;;;;;;;;;;;
;;;;57EA1BE4608046D3BD33A26C85DF1191;88175;Scheidegg, im Allgäu;Scheidegg;Kirchstraße;5;;1;;;;;;;;;;;;;;;;;;;;;;;;;;;;;;;;;;;;;;;;;;;
;;;;E5E6547B9C8D0022468C212E9D925B9A;88175;Scheidegg, im Allgäu;Scheidegg;Kirchstraße;6;;1;;;;;;;;;;;;;;;;;;;;;;;;;;;;;;;;;;;;;;;;;;;
;;;;F3ADE96A1A5583CFB4A91ADE8F23B0E5;88175;Scheidegg, im Allgäu;Scheidegg;Kreuzbergweg;2;;1;;;;;;;;;;;;;;;;;;;;;;;;;;;;;;;;;;;;;;;;;;;
;;;;F2912B3789156D4CEA2B9612454E8D46;88175;Scheidegg, im Allgäu;Scheidegg;Kreuzbergweg;4;;1;;;;;;;;;;;;;;;;;;;;;;;;;;;;;;;;;;;;;;;;;;;
;;;;942F029FCF2B116639262E9E0CEFDD0D;88175;Scheidegg, im Allgäu;Scheidegg;Kreuzbergweg;6;/A;1;;;;;;;;;;;;;;;;;;;;;;;;;;;;;;;;;;;;;;;;;;;
;;;;368873A61D4268995D8B8A111E5CAF86;88175;Scheidegg, im Allgäu;Scheidegg;Kreuzbergweg;6;/B;1;;;;;;;;;;;;;;;;;;;;;;;;;;;;;;;;;;;;;;;;;;;
;;;;8D55B968AE22859CBF948D69C7711A56;88175;Scheidegg, im Allgäu;Scheidegg;Kreuzbergweg;7;;1;;;;;;;;;;;;;;;;;;;;;;;;;;;;;;;;;;;;;;;;;;;
;;;;2AFC1D4A6F1671AA445CC59E8A5DAFA7;88175;Scheidegg, im Allgäu;Scheidegg;Kreuzbergweg;8;;1;;;;;;;;;;;;;;;;;;;;;;;;;;;;;;;;;;;;;;;;;;;
;;;;DA2283FE0A16C8B9E239DD9493899ECB;88175;Scheidegg, im Allgäu;Scheidegg;Kreuzbergweg;10;;1;;;;;;;;;;;;;;;;;;;;;;;;;;;;;;;;;;;;;;;;;;;
;;;;8ACD5DD2D8D07815AD5B15C50A607DD5;88175;Scheidegg, im Allgäu;Scheidegg;Kreuzbergweg;11;;1;;;;;;;;;;;;;;;;;;;;;;;;;;;;;;;;;;;;;;;;;;;
;;;;2E31FDCD04E1153D8E822F8037C404B9;88175;Scheidegg, im Allgäu;Scheidegg;Kreuzbergweg;12;;1;;;;;;;;;;;;;;;;;;;;;;;;;;;;;;;;;;;;;;;;;;;
;;;;7F5726FBD6DB6AA6D2D69B81715DAB6E;88175;Scheidegg, im Allgäu;Scheidegg;Kreuzbergweg;14;;1;;;;;;;;;;;;;;;;;;;;;;;;;;;;;;;;;;;;;;;;;;;
;;;;60560032594038CD43017D3307219332;88175;Scheidegg, im Allgäu;Scheidegg;Kurstraße;1;;1;;;;;;;;;;;;;;;;;;;;;;;;;;;;;;;;;;;;;;;;;;;
;;;;57C8CFF3701DEEC01F08894DA2DD734D;88175;Scheidegg, im Allgäu;Scheidegg;Kurstraße;3;;1;;;;;;;;;;;;;;;;;;;;;;;;;;;;;;;;;;;;;;;;;;;
;;;;B33485DABF111302F1245B54FC40514C;88175;Scheidegg, im Allgäu;Scheidegg;Kurstraße;5;;1;;;;;;;;;;;;;;;;;;;;;;;;;;;;;;;;;;;;;;;;;;;
;;;;BE53C9AC663A32022F893E583B9CF58B;88175;Scheidegg, im Allgäu;Scheidegg;Kurstraße;7;;1;;;;;;;;;;;;;;;;;;;;;;;;;;;;;;;;;;;;;;;;;;;
;;;;54DB0006BAC1486D17BBAB5ABD80BEE0;88175;Scheidegg, im Allgäu;Scheidegg;Kurstraße;9;;1;;;;;;;;;;;;;;;;;;;;;;;;;;;;;;;;;;;;;;;;;;;
;;;;A6A0A15F1912B3087A3938D22C2A2490;88175;Scheidegg, im Allgäu;Scheidegg;Kurstraße;11;;1;;;;;;;;;;;;;;;;;;;;;;;;;;;;;;;;;;;;;;;;;;;
;;;;4D45F5DF752F5B6950B3FDBE2C9285C1;88175;Scheidegg, im Allgäu;Scheidegg;Kurstraße;13;;1;;;;;;;;;;;;;;;;;;;;;;;;;;;;;;;;;;;;;;;;;;;
;;;;E1AA0AB2EA7DBC3DD7569CEEA363FD41;88175;Scheidegg, im Allgäu;Scheidegg;Kurstraße;13;/A;1;;;;;;;;;;;;;;;;;;;;;;;;;;;;;;;;;;;;;;;;;;;
;;;;2A34C7616DDC21099DA3D600BA001FDD;88175;Scheidegg, im Allgäu;Scheidegg;Kurstraße;14;;1;;;;;;;;;;;;;;;;;;;;;;;;;;;;;;;;;;;;;;;;;;;
;;;;BE5260D8A48667C38EC23A1CCD261FE8;88175;Scheidegg, im Allgäu;Scheidegg;Kurstraße;16;;1;;;;;;;;;;;;;;;;;;;;;;;;;;;;;;;;;;;;;;;;;;;
;;;;CB18458D9C30B005B610A9E2CB9F13A4;88175;Scheidegg, im Allgäu;Scheidegg;Kurstraße;17;;1;;;;;;;;;;;;;;;;;;;;;;;;;;;;;;;;;;;;;;;;;;;
;;;;7E83B90B867FC2E9EF3D6B475630ED92;88175;Scheidegg, im Allgäu;Scheidegg;Kurstraße;18;;1;;;;;;;;;;;;;;;;;;;;;;;;;;;;;;;;;;;;;;;;;;;
;;;;110AA8CCCC6B57F0BD09C44047A684F2;88175;Scheidegg, im Allgäu;Scheidegg;Kurstraße;19;;1;;;;;;;;;;;;;;;;;;;;;;;;;;;;;;;;;;;;;;;;;;;
;;;;10E9A9505A8EA73F42BE9A0362D90796;88175;Scheidegg, im Allgäu;Scheidegg;Kurstraße;20;;1;;;;;;;;;;;;;;;;;;;;;;;;;;;;;;;;;;;;;;;;;;;
;;;;0E513995855E1ADF4203957D166E4E40;88175;Scheidegg, im Allgäu;Scheidegg;Kurstraße;21;;1;;;;;;;;;;;;;;;;;;;;;;;;;;;;;;;;;;;;;;;;;;;
;;;;018DD93ACD3B67467B68BE7D4978D4C1;88175;Scheidegg, im Allgäu;Scheidegg;Kurstraße;22;;1;;;;;;;;;;;;;;;;;;;;;;;;;;;;;;;;;;;;;;;;;;;
;;;;D7584375CA09162026681D80167AD2D7;88175;Scheidegg, im Allgäu;Scheidegg;Kurstraße;23;;1;;;;;;;;;;;;;;;;;;;;;;;;;;;;;;;;;;;;;;;;;;;
;;;;331E001E67C339D9A45D61310665770F;88175;Scheidegg, im Allgäu;Scheidegg;Kurstraße;23;/A;1;;;;;;;;;;;;;;;;;;;;;;;;;;;;;;;;;;;;;;;;;;;
;;;;1F221FB0F4ED8AEC18E5A37C7D1C2458;88175;Scheidegg, im Allgäu;Scheidegg;Kurstraße;25;;1;;;;;;;;;;;;;;;;;;;;;;;;;;;;;;;;;;;;;;;;;;;
;;;;01E6DC7689FE8FFFDA1647966DC40270;88175;Scheidegg, im Allgäu;Scheidegg;Mittlere Spielershalde;1;;1;;;;;;;;;;;;;;;;;;;;;;;;;;;;;;;;;;;;;;;;;;;
;;;;311AAE395C9F18DF36F49406EA925787;88175;Scheidegg, im Allgäu;Scheidegg;Mittlere Spielershalde;3;;1;;;;;;;;;;;;;;;;;;;;;;;;;;;;;;;;;;;;;;;;;;;
;;;;C312EBE6EBAAD913D0F4301D59CC2E02;88175;Scheidegg, im Allgäu;Scheidegg;Mittlere Spielershalde;5;;1;;;;;;;;;;;;;;;;;;;;;;;;;;;;;;;;;;;;;;;;;;;
;;;;1CA70EE04C1CBC02AC0821BDCD54CE2A;88175;Scheidegg, im Allgäu;Scheidegg;Obere Spielershalde;1;;1;;;;;;;;;;;;;;;;;;;;;;;;;;;;;;;;;;;;;;;;;;;
;;;;099856411ECA5F20DC12DB74E019E4E6;88175;Scheidegg, im Allgäu;Scheidegg;Obere Spielershalde;2;;1;;;;;;;;;;;;;;;;;;;;;;;;;;;;;;;;;;;;;;;;;;;
;;;;505F48E2C8AE29093B6D530A8C79A4D8;88175;Scheidegg, im Allgäu;Scheidegg;Obere Spielershalde;3;;1;;;;;;;;;;;;;;;;;;;;;;;;;;;;;;;;;;;;;;;;;;;
;;;;91F55D3D7015B928ED2C5BCABF713C05;88175;Scheidegg, im Allgäu;Scheidegg;Obere Spielershalde;4;;1;;;;;;;;;;;;;;;;;;;;;;;;;;;;;;;;;;;;;;;;;;;
;;;;F5B32EBF65F8FB53E16168322DCB7155;88175;Scheidegg, im Allgäu;Scheidegg;Obere Spielershalde;5;;1;;;;;;;;;;;;;;;;;;;;;;;;;;;;;;;;;;;;;;;;;;;
;;;;9BFE637CA2A32EDD1ED20C0093351EAF;88175;Scheidegg, im Allgäu;Scheidegg;Obere Spielershalde;6;/A;1;;;;;;;;;;;;;;;;;;;;;;;;;;;;;;;;;;;;;;;;;;;
;;;;63FBBDA78F950CCDC45780E1931E78B4;88175;Scheidegg, im Allgäu;Scheidegg;Obere Spielershalde;6;/B;1;;;;;;;;;;;;;;;;;;;;;;;;;;;;;;;;;;;;;;;;;;;
;;;;5A91B71F779F2CBC257E545A97B0F82A;88175;Scheidegg, im Allgäu;Scheidegg;Obere Spielershalde;7;;1;;;;;;;;;;;;;;;;;;;;;;;;;;;;;;;;;;;;;;;;;;;
;;;;3879AAC96A124B79679591B37CB3874F;88175;Scheidegg, im Allgäu;Scheidegg;Obere Spielershalde;7;/A;1;;;;;;;;;;;;;;;;;;;;;;;;;;;;;;;;;;;;;;;;;;;
;;;;600F02AFA6CC33F8C4ECB77E754E98B6;88175;Scheidegg, im Allgäu;Scheidegg;Obere Spielershalde;8;;1;;;;;;;;;;;;;;;;;;;;;;;;;;;;;;;;;;;;;;;;;;;
;;;;D3F186087CD42618A974832FD8BA1971;88175;Scheidegg, im Allgäu;Scheidegg;Obere Spielershalde;9;;1;;;;;;;;;;;;;;;;;;;;;;;;;;;;;;;;;;;;;;;;;;;
;;;;54EE5734F4C976AEB7E4768C3CBCDA89;88175;Scheidegg, im Allgäu;Scheidegg;Obere Spielershalde;11;;1;;;;;;;;;;;;;;;;;;;;;;;;;;;;;;;;;;;;;;;;;;;
;;;;43CEB5628883892B0CBF5CC158D46FC2;88175;Scheidegg, im Allgäu;Scheidegg;Obere Spielershalde;12;;1;;;;;;;;;;;;;;;;;;;;;;;;;;;;;;;;;;;;;;;;;;;
;;;;6A27937B26A44D1358DFD06475FD51C4;88175;Scheidegg, im Allgäu;Scheidegg;Obere Spielershalde;14;;1;;;;;;;;;;;;;;;;;;;;;;;;;;;;;;;;;;;;;;;;;;;
;;;;983E1C5BDFCE8A88097AFE2EA68E80E4;88175;Scheidegg, im Allgäu;Scheidegg;Obere Spielershalde;15;;1;;;;;;;;;;;;;;;;;;;;;;;;;;;;;;;;;;;;;;;;;;;
;;;;B191FF93D74CFD488A9CCB39CE8CC451;88175;Scheidegg, im Allgäu;Scheidegg;Obere Spielershalde;16;;1;;;;;;;;;;;;;;;;;;;;;;;;;;;;;;;;;;;;;;;;;;;
;;;;2082BF499E267C7788D58609D93D3D63;88175;Scheidegg, im Allgäu;Scheidegg;Obere Spielershalde;18;;1;;;;;;;;;;;;;;;;;;;;;;;;;;;;;;;;;;;;;;;;;;;
;;;;10D658F266F85791DAE1350E68DAC156;88175;Scheidegg, im Allgäu;Scheidegg;Obere Spielershalde;20;;1;;;;;;;;;;;;;;;;;;;;;;;;;;;;;;;;;;;;;;;;;;;
;;;;E3F9B7D5BC5F3D41154CDF24B0C6FA9A;88175;Scheidegg, im Allgäu;Scheidegg;Pfarrer-Kneipp-Weg;1;;1;;;;;;;;;;;;;;;;;;;;;;;;;;;;;;;;;;;;;;;;;;;
;;;;D04D51494728AC6EE514FD2B8DF2B405;88175;Scheidegg, im Allgäu;Scheidegg;Pfarrer-Kneipp-Weg;2;;1;;;;;;;;;;;;;;;;;;;;;;;;;;;;;;;;;;;;;;;;;;;
;;;;D13607493CC65546BFC400107E3F20E0;88175;Scheidegg, im Allgäu;Scheidegg;Pfarrer-Kneipp-Weg;3;;1;;;;;;;;;;;;;;;;;;;;;;;;;;;;;;;;;;;;;;;;;;;
;;;;B66F5A8BE2E91B9A35CF4FAA371E8D50;88175;Scheidegg, im Allgäu;Scheidegg;Pfarrer-Kneipp-Weg;4;;1;;;;;;;;;;;;;;;;;;;;;;;;;;;;;;;;;;;;;;;;;;;
;;;;5754EA9EFD98FB8219950B07C2F56D39;88175;Scheidegg, im Allgäu;Scheidegg;Pfarrer-Kneipp-Weg;5;;1;;;;;;;;;;;;;;;;;;;;;;;;;;;;;;;;;;;;;;;;;;;
;;;;DD097C9870BAE80999F16F3A79DB61B7;88175;Scheidegg, im Allgäu;Scheidegg;Pfarrer-Kneipp-Weg;6;;1;;;;;;;;;;;;;;;;;;;;;;;;;;;;;;;;;;;;;;;;;;;
;;;;9084CB2E632B1A9870C9AE5FC98F437A;88175;Scheidegg, im Allgäu;Scheidegg;Pfarrer-Kneipp-Weg;7;;1;;;;;;;;;;;;;;;;;;;;;;;;;;;;;;;;;;;;;;;;;;;
;;;;065F6BCE488DD09502D020D6791916B7;88175;Scheidegg, im Allgäu;Scheidegg;Pfarrer-Kneipp-Weg;8;;1;;;;;;;;;;;;;;;;;;;;;;;;;;;;;;;;;;;;;;;;;;;
;;;;112B88479919009F9344DB11F77C7E10;88175;Scheidegg, im Allgäu;Scheidegg;Pfarrer-Kneipp-Weg;9;;1;;;;;;;;;;;;;;;;;;;;;;;;;;;;;;;;;;;;;;;;;;;
;;;;46DADA516F20B721F63E30680A4F9673;88175;Scheidegg, im Allgäu;Scheidegg;Pfarrer-Kneipp-Weg;10;;1;;;;;;;;;;;;;;;;;;;;;;;;;;;;;;;;;;;;;;;;;;;
;;;;603F3992A92B3AD30226FCB2A5B9BE29;88175;Scheidegg, im Allgäu;Scheidegg;Pfarrweg;1;;1;;;;;;;;;;;;;;;;;;;;;;;;;;;;;;;;;;;;;;;;;;;
;;;;E85C2DCDFC8813935FA21A41234D74B7;88175;Scheidegg, im Allgäu;Scheidegg;Pfarrweg;2;;1;;;;;;;;;;;;;;;;;;;;;;;;;;;;;;;;;;;;;;;;;;;
;;;;E58BC61AF569A33DAF33E2433406708A;88175;Scheidegg, im Allgäu;Scheidegg;Pfarrweg;3;;1;;;;;;;;;;;;;;;;;;;;;;;;;;;;;;;;;;;;;;;;;;;
;;;;8F5C8E9ECB77192F29CCEE2FDBAD9D6C;88175;Scheidegg, im Allgäu;Scheidegg;Pfarrweg;5;;1;;;;;;;;;;;;;;;;;;;;;;;;;;;;;;;;;;;;;;;;;;;
;;;;418203FEF1C2AF5B561A43A9A2455D7D;88175;Scheidegg, im Allgäu;Scheidegg;Pfarrweg;7;;1;;;;;;;;;;;;;;;;;;;;;;;;;;;;;;;;;;;;;;;;;;;
;;;;0F64BEF1142281B2E89D2F024030AB8D;88175;Scheidegg, im Allgäu;Scheidegg;Pfänderweg;2;/A;1;;;;;;;;;;;;;;;;;;;;;;;;;;;;;;;;;;;;;;;;;;;
;;;;682E94EEC131C8A496F219CDF3F6F3AB;88175;Scheidegg, im Allgäu;Scheidegg;Pfänderweg;2;;1;;;;;;;;;;;;;;;;;;;;;;;;;;;;;;;;;;;;;;;;;;;
;;;;85B4469A2102B54F95219ADAF51C83D5;88175;Scheidegg, im Allgäu;Scheidegg;Pfänderweg;3;;1;;;;;;;;;;;;;;;;;;;;;;;;;;;;;;;;;;;;;;;;;;;
;;;;577D0346E6AEBEADFCC042540A5C5911;88175;Scheidegg, im Allgäu;Scheidegg;Pfänderweg;4;;1;;;;;;;;;;;;;;;;;;;;;;;;;;;;;;;;;;;;;;;;;;;
;;;;F6443C411017C10605BC2A21D31DBED5;88175;Scheidegg, im Allgäu;Scheidegg;Pfänderweg;4;/B;1;;;;;;;;;;;;;;;;;;;;;;;;;;;;;;;;;;;;;;;;;;;
;;;;6E68776E65D5D4B1540F2124F1E7F8C0;88175;Scheidegg, im Allgäu;Scheidegg;Pfänderweg;5;;1;;;;;;;;;;;;;;;;;;;;;;;;;;;;;;;;;;;;;;;;;;;
;;;;FAA4716D9AE344F02A69E1D495A23D3B;88175;Scheidegg, im Allgäu;Scheidegg;Pfänderweg;6;;1;;;;;;;;;;;;;;;;;;;;;;;;;;;;;;;;;;;;;;;;;;;
;;;;0CBDE445689EB7E0E997A68A6213709F;88175;Scheidegg, im Allgäu;Scheidegg;Pfänderweg;7;;1;;;;;;;;;;;;;;;;;;;;;;;;;;;;;;;;;;;;;;;;;;;
;;;;5684BCEAC9ACB199065B724C8EE3F194;88175;Scheidegg, im Allgäu;Scheidegg;Pfänderweg;8;;1;;;;;;;;;;;;;;;;;;;;;;;;;;;;;;;;;;;;;;;;;;;
;;;;FF4678DE890ABEE61C5AED889B7B7ED6;88175;Scheidegg, im Allgäu;Scheidegg;Pfänderweg;9;;1;;;;;;;;;;;;;;;;;;;;;;;;;;;;;;;;;;;;;;;;;;;
;;;;94C1485AB1F81B186547A274C9ABE360;88175;Scheidegg, im Allgäu;Scheidegg;Pfänderweg;10;;1;;;;;;;;;;;;;;;;;;;;;;;;;;;;;;;;;;;;;;;;;;;
;;;;236603552DCAF8F499F227D4D28E540A;88175;Scheidegg, im Allgäu;Scheidegg;Pfänderweg;11;;1;;;;;;;;;;;;;;;;;;;;;;;;;;;;;;;;;;;;;;;;;;;
;;;;C5D94B9D741DE6D0C13968B061FC0C18;88175;Scheidegg, im Allgäu;Scheidegg;Pfänderweg;12;;1;;;;;;;;;;;;;;;;;;;;;;;;;;;;;;;;;;;;;;;;;;;
;;;;B23CD7CAA65B9449C299E74A00E0DBF4;88175;Scheidegg, im Allgäu;Scheidegg;Pfänderweg;14;;1;;;;;;;;;;;;;;;;;;;;;;;;;;;;;;;;;;;;;;;;;;;
;;;;6D0C1C42FB673A1687D40779E49F96AF;88175;Scheidegg, im Allgäu;Scheidegg;Pfänderweg;16;;1;;;;;;;;;;;;;;;;;;;;;;;;;;;;;;;;;;;;;;;;;;;
;;;;34353268D4EACE0AECFF36D6C094154C;88175;Scheidegg, im Allgäu;Scheidegg;Prinzregent-Luitpold-Straße;1;;1;;;;;;;;;;;;;;;;;;;;;;;;;;;;;;;;;;;;;;;;;;;
;;;;566E221441E8B9E0FA0711CB46234CF6;88175;Scheidegg, im Allgäu;Scheidegg;Prinzregent-Luitpold-Straße;2;;1;;;;;;;;;;;;;;;;;;;;;;;;;;;;;;;;;;;;;;;;;;;
;;;;114D1C1E2FC09493BC2CA4AEA5A33312;88175;Scheidegg, im Allgäu;Scheidegg;Prinzregent-Luitpold-Straße;3;;1;;;;;;;;;;;;;;;;;;;;;;;;;;;;;;;;;;;;;;;;;;;
;;;;DD9B4D01E0BF4D6FA5A64BF75F92006A;88175;Scheidegg, im Allgäu;Scheidegg;Prinzregent-Luitpold-Straße;4;;1;;;;;;;;;;;;;;;;;;;;;;;;;;;;;;;;;;;;;;;;;;;
;;;;9EC5BE27FCE1A3E3AA25A53576377CB8;88175;Scheidegg, im Allgäu;Scheidegg;Prinzregent-Luitpold-Straße;6;;1;;;;;;;;;;;;;;;;;;;;;;;;;;;;;;;;;;;;;;;;;;;
;;;;99EA4D764C05BF9F406C13A12B7383DF;88175;Scheidegg, im Allgäu;Scheidegg;Prinzregent-Luitpold-Straße;7;;1;;;;;;;;;;;;;;;;;;;;;;;;;;;;;;;;;;;;;;;;;;;
;;;;85902014D999E3920607F6F2162E42C5;88175;Scheidegg, im Allgäu;Scheidegg;Prinzregent-Luitpold-Straße;8;;1;;;;;;;;;;;;;;;;;;;;;;;;;;;;;;;;;;;;;;;;;;;
;;;;E2A540C05EF009480FDCD871A334EF07;88175;Scheidegg, im Allgäu;Scheidegg;Prinzregent-Luitpold-Straße;9;;1;;;;;;;;;;;;;;;;;;;;;;;;;;;;;;;;;;;;;;;;;;;
;;;;CFEFE9E32A4E4D87980D6D8F66DCAD75;88175;Scheidegg, im Allgäu;Scheidegg;Prinzregent-Luitpold-Straße;13;;1;;;;;;;;;;;;;;;;;;;;;;;;;;;;;;;;;;;;;;;;;;;
;;;;7E6E8ED33D2AB3BB88ED8CF9109C316F;88175;Scheidegg, im Allgäu;Scheidegg;Prinzregent-Luitpold-Straße;14;;1;;;;;;;;;;;;;;;;;;;;;;;;;;;;;;;;;;;;;;;;;;;
;;;;43A993A0304503419F9B46DC10F16DED;88175;Scheidegg, im Allgäu;Scheidegg;Prinzregent-Luitpold-Straße;15;;1;;;;;;;;;;;;;;;;;;;;;;;;;;;;;;;;;;;;;;;;;;;
;;;;F6F8AFC0B849F146D7B852DB088450D2;88175;Scheidegg, im Allgäu;Scheidegg;Prinzregent-Luitpold-Straße;17;;1;;;;;;;;;;;;;;;;;;;;;;;;;;;;;;;;;;;;;;;;;;;
;;;;D73AC21F5735CE4D089B52FDB86B33AD;88175;Scheidegg, im Allgäu;Scheidegg;Prinzregent-Luitpold-Straße;18;;1;;;;;;;;;;;;;;;;;;;;;;;;;;;;;;;;;;;;;;;;;;;
;;;;1CEEFBF91F1CCE093679668B08EB7C1E;88175;Scheidegg, im Allgäu;Scheidegg;Prinzregent-Luitpold-Straße;19;;1;;;;;;;;;;;;;;;;;;;;;;;;;;;;;;;;;;;;;;;;;;;
;;;;1FD500963E745FA6C517D1E685D89278;88175;Scheidegg, im Allgäu;Scheidegg;Prinzregent-Luitpold-Straße;20;;1;;;;;;;;;;;;;;;;;;;;;;;;;;;;;;;;;;;;;;;;;;;
;;;;0B78BDC4AE1129DB0D3C890F10EB8955;88175;Scheidegg, im Allgäu;Scheidegg;Prinzregent-Luitpold-Straße;21;;1;;;;;;;;;;;;;;;;;;;;;;;;;;;;;;;;;;;;;;;;;;;
;;;;FB0D02F5F00155479BEF44EB55A474FA;88175;Scheidegg, im Allgäu;Scheidegg;Prinzregent-Luitpold-Straße;22;/A;1;;;;;;;;;;;;;;;;;;;;;;;;;;;;;;;;;;;;;;;;;;;
;;;;9C7031E10961D12FC899FA6E39752CA1;88175;Scheidegg, im Allgäu;Scheidegg;Prinzregent-Luitpold-Straße;22;;1;;;;;;;;;;;;;;;;;;;;;;;;;;;;;;;;;;;;;;;;;;;
;;;;CED41EFB238B80C0AE3196EF28D448F1;88175;Scheidegg, im Allgäu;Scheidegg;Prinzregent-Luitpold-Straße;23;;1;;;;;;;;;;;;;;;;;;;;;;;;;;;;;;;;;;;;;;;;;;;
;;;;97AEEF55AAE7686DF6E8C4266B1F1D48;88175;Scheidegg, im Allgäu;Scheidegg;Prinzregent-Luitpold-Straße;24;;1;;;;;;;;;;;;;;;;;;;;;;;;;;;;;;;;;;;;;;;;;;;
;;;;01B31DA2BD5E2A6E65C6603AE734705C;88175;Scheidegg, im Allgäu;Scheidegg;Prinzregent-Luitpold-Straße;25;;1;;;;;;;;;;;;;;;;;;;;;;;;;;;;;;;;;;;;;;;;;;;
;;;;E402F874793F96D1E74660752B520BBA;88175;Scheidegg, im Allgäu;Scheidegg;Prinzregent-Luitpold-Straße;26;;1;;;;;;;;;;;;;;;;;;;;;;;;;;;;;;;;;;;;;;;;;;;
;;;;9FEAA640E5B3CE35F4AA252B74CFE033;88175;Scheidegg, im Allgäu;Scheidegg;Prinzregent-Luitpold-Straße;27;;1;;;;;;;;;;;;;;;;;;;;;;;;;;;;;;;;;;;;;;;;;;;
;;;;A03D230C39411B941BCAA28F2F45EAE8;88175;Scheidegg, im Allgäu;Scheidegg;Prinzregent-Luitpold-Straße;28;;1;;;;;;;;;;;;;;;;;;;;;;;;;;;;;;;;;;;;;;;;;;;
;;;;9F1AF624EE2944CFE90D85CD9B41D5E8;88175;Scheidegg, im Allgäu;Scheidegg;Prinzregent-Luitpold-Straße;29;;1;;;;;;;;;;;;;;;;;;;;;;;;;;;;;;;;;;;;;;;;;;;
;;;;07A288EFBA39278D5E88421EBBC16D93;88175;Scheidegg, im Allgäu;Scheidegg;Prinzregent-Luitpold-Straße;30;/A;1;;;;;;;;;;;;;;;;;;;;;;;;;;;;;;;;;;;;;;;;;;;
;;;;DD19E0184CEEFD0C239E136F471BD32D;88175;Scheidegg, im Allgäu;Scheidegg;Prinzregent-Luitpold-Straße;30;;1;;;;;;;;;;;;;;;;;;;;;;;;;;;;;;;;;;;;;;;;;;;
;;;;2432CCC6F54C466FD5194E5D73076607;88175;Scheidegg, im Allgäu;Scheidegg;Prinzregent-Luitpold-Straße;31;;1;;;;;;;;;;;;;;;;;;;;;;;;;;;;;;;;;;;;;;;;;;;
;;;;AC1A301E2E1B336023E05FB75DBD41B3;88175;Scheidegg, im Allgäu;Scheidegg;Prinzregent-Luitpold-Straße;32;;1;;;;;;;;;;;;;;;;;;;;;;;;;;;;;;;;;;;;;;;;;;;
;;;;EC24123F587D044DE40AA0AAE5E5B097;88175;Scheidegg, im Allgäu;Scheidegg;Prinzregent-Luitpold-Straße;32;/A;1;;;;;;;;;;;;;;;;;;;;;;;;;;;;;;;;;;;;;;;;;;;
;;;;7FB02783BBFFDDE3FB7898AD3F2D9AEC;88175;Scheidegg, im Allgäu;Scheidegg;Prinzregent-Luitpold-Straße;34;;1;;;;;;;;;;;;;;;;;;;;;;;;;;;;;;;;;;;;;;;;;;;
;;;;78BB0E3D5BB1F077E2FAD1562F585211;88175;Scheidegg, im Allgäu;Scheidegg;Prinzregent-Luitpold-Straße;35;;1;;;;;;;;;;;;;;;;;;;;;;;;;;;;;;;;;;;;;;;;;;;
;;;;FFB4174BF91491F12821621338EC2F9B;88175;Scheidegg, im Allgäu;Scheidegg;Prinzregent-Luitpold-Straße;36;;1;;;;;;;;;;;;;;;;;;;;;;;;;;;;;;;;;;;;;;;;;;;
;;;;F572BAC9443777A0EEC28C47910320F6;88175;Scheidegg, im Allgäu;Scheidegg;Prinzregent-Luitpold-Straße;37;;1;;;;;;;;;;;;;;;;;;;;;;;;;;;;;;;;;;;;;;;;;;;
;;;;1F77BC24E760EBEB0F684F31DBA7D6D0;88175;Scheidegg, im Allgäu;Scheidegg;Prinzregent-Luitpold-Straße;38;;1;;;;;;;;;;;;;;;;;;;;;;;;;;;;;;;;;;;;;;;;;;;
;;;;EF979102A82968449FD07ED45CA3AF10;88175;Scheidegg, im Allgäu;Scheidegg;Prinzregent-Luitpold-Straße;39;;1;;;;;;;;;;;;;;;;;;;;;;;;;;;;;;;;;;;;;;;;;;;
;;;;DF354A1B62C5B5ACCB2623CA9C9DE0BD;88175;Scheidegg, im Allgäu;Scheidegg;Prinzregent-Luitpold-Straße;40;;1;;;;;;;;;;;;;;;;;;;;;;;;;;;;;;;;;;;;;;;;;;;
;;;;3A8275729E6AFBD3EECECBA51CC32FD2;88175;Scheidegg, im Allgäu;Scheidegg;Prinzregent-Luitpold-Straße;41;;1;;;;;;;;;;;;;;;;;;;;;;;;;;;;;;;;;;;;;;;;;;;
;;;;B2FF8D4DE93D5A2B89B8C6C0D2D95D70;88175;Scheidegg, im Allgäu;Scheidegg;Prinzregent-Luitpold-Straße;42;;1;;;;;;;;;;;;;;;;;;;;;;;;;;;;;;;;;;;;;;;;;;;
;;;;4F63F0F43BF4D8782EA0590D89309AF6;88175;Scheidegg, im Allgäu;Scheidegg;Prinzregent-Luitpold-Straße;43;;1;;;;;;;;;;;;;;;;;;;;;;;;;;;;;;;;;;;;;;;;;;;
;;;;1ED3EA73120711397F6C62F36AB4BA8C;88175;Scheidegg, im Allgäu;Scheidegg;Prinzregent-Luitpold-Straße;44;;1;;;;;;;;;;;;;;;;;;;;;;;;;;;;;;;;;;;;;;;;;;;
;;;;C42760FEE1438A6F04EE3DEF20274509;88175;Scheidegg, im Allgäu;Scheidegg;Prinzregent-Luitpold-Straße;45;;1;;;;;;;;;;;;;;;;;;;;;;;;;;;;;;;;;;;;;;;;;;;
;;;;114642AD16EE80382C2707FCFCFE29D8;88175;Scheidegg, im Allgäu;Scheidegg;Prinzregent-Luitpold-Straße;46;;1;;;;;;;;;;;;;;;;;;;;;;;;;;;;;;;;;;;;;;;;;;;
;;;;A6DA0ECF965FC5EFAF52A50F478A4455;88175;Scheidegg, im Allgäu;Scheidegg;Prinzregent-Luitpold-Straße;47;;1;;;;;;;;;;;;;;;;;;;;;;;;;;;;;;;;;;;;;;;;;;;
;;;;B81BD106B87DF39107BAE530D5A70EA6;88175;Scheidegg, im Allgäu;Scheidegg;Prinzregent-Luitpold-Straße;48;;1;;;;;;;;;;;;;;;;;;;;;;;;;;;;;;;;;;;;;;;;;;;
;;;;253DF5EE0FFB4A19B34094BDA0AB7770;88175;Scheidegg, im Allgäu;Scheidegg;Prinzregent-Luitpold-Straße;48;/B;1;155;;;;;;;;;;;;;;;;;;;;;;;;;;;;;;;;;;;;;;;;;;
;;;;9403DF130F0FBE884584D68AA76732F8;88175;Scheidegg, im Allgäu;Scheidegg;Prinzregent-Luitpold-Straße;48;/A;1;;;;;;;;;;;;;;;;;;;;;;;;;;;;;;;;;;;;;;;;;;;
;;;;C554291BEE93ED1DEC188050270F415D;88175;Scheidegg, im Allgäu;Scheidegg;Prinzregent-Luitpold-Straße;49;;1;;;;;;;;;;;;;;;;;;;;;;;;;;;;;;;;;;;;;;;;;;;
;;;;7504DD4BE1E2BE38AF20C8438CE26308;88175;Scheidegg, im Allgäu;Scheidegg;Prinzregent-Luitpold-Straße;50;;1;;;;;;;;;;;;;;;;;;;;;;;;;;;;;;;;;;;;;;;;;;;
;;;;551E600BBA4DD1FBE4A83AB7D846DFCD;88175;Scheidegg, im Allgäu;Scheidegg;Rathausplatz;1;;1;;;;;;;;;;;;;;;;;;;;;;;;;;;;;;;;;;;;;;;;;;;
;;;;078FDC33721AD719B69C8D93919FE941;88175;Scheidegg, im Allgäu;Scheidegg;Rathausplatz;2;;1;;;;;;;;;;;;;;;;;;;;;;;;;;;;;;;;;;;;;;;;;;;
;;;;8B6F62779B4F0E7BCE62D7FF69571FF3;88175;Scheidegg, im Allgäu;Scheidegg;Rathausplatz;3;;1;;;;;;;;;;;;;;;;;;;;;;;;;;;;;;;;;;;;;;;;;;;
;;;;2CBC55E5F0E351C33C81CA710923F494;88175;Scheidegg, im Allgäu;Scheidegg;Rathausplatz;4;;1;;;;;;;;;;;;;;;;;;;;;;;;;;;;;;;;;;;;;;;;;;;
;;;;3D772E927D702C720DE887975EF0A856;88175;Scheidegg, im Allgäu;Scheidegg;Rathausplatz;5;;1;;;;;;;;;;;;;;;;;;;;;;;;;;;;;;;;;;;;;;;;;;;
;;;;BB1539AED5CC0538E2ACAEED9D425323;88175;Scheidegg, im Allgäu;Scheidegg;Rathausplatz;6;;1;;;;;;;;;;;;;;;;;;;;;;;;;;;;;;;;;;;;;;;;;;;
;;;;8E0D14A92A6BA816FFBF5C175DE887E1;88175;Scheidegg, im Allgäu;Scheidegg;Rathausplatz;8;;1;;;;;;;;;;;;;;;;;;;;;;;;;;;;;;;;;;;;;;;;;;;
;;;;15387BBBA35340FFBD02D46354F67BE9;88175;Scheidegg, im Allgäu;Scheidegg;Rathausplatz;10;;1;;;;;;;;;;;;;;;;;;;;;;;;;;;;;;;;;;;;;;;;;;;
;;;;5BCA0AF7162449D028F6826DCBE391A8;88175;Scheidegg, im Allgäu;Scheidegg;Rathausplatz;12;;1;;;;;;;;;;;;;;;;;;;;;;;;;;;;;;;;;;;;;;;;;;;
;;;;BBD046C935ADC0FB5D5F712950CD94CA;88175;Scheidegg, im Allgäu;Scheidegg;Rathausplatz;14;;1;;;;;;;;;;;;;;;;;;;;;;;;;;;;;;;;;;;;;;;;;;;
;;;;73F2F6FA6FF1AE56F67C5E1015B21DBD;88175;Scheidegg, im Allgäu;Scheidegg;Ruhmühle;1;;1;;;;;;;;;;;;;;;;;;;;;;;;;;;;;;;;;;;;;;;;;;;
;;;;6963E46B95B7F17DD70015FFC67E0C98;88175;Scheidegg, im Allgäu;Scheidegg;Ruhmühle;2;;1;;;;;;;;;;;;;;;;;;;;;;;;;;;;;;;;;;;;;;;;;;;
;;;;DF84CE3E1290F23B457D3540024ACEE1;88175;Scheidegg, im Allgäu;Scheidegg;Sankt-Gallus-Weg;3;;1;;;;;;;;;;;;;;;;;;;;;;;;;;;;;;;;;;;;;;;;;;;
;;;;A88E4F980E814A15A40827656F53D6B8;88175;Scheidegg, im Allgäu;Scheidegg;Sankt-Gallus-Weg;5;;1;;;;;;;;;;;;;;;;;;;;;;;;;;;;;;;;;;;;;;;;;;;
;;;;9EB24294FA4A5AA90922F3E276769D6E;88175;Scheidegg, im Allgäu;Scheidegg;Sankt-Gallus-Weg;6;;1;;;;;;;;;;;;;;;;;;;;;;;;;;;;;;;;;;;;;;;;;;;
;;;;8B3BE750C86483DEFE7F01E9D05294AA;88175;Scheidegg, im Allgäu;Scheidegg;Sankt-Gallus-Weg;7;;1;;;;;;;;;;;;;;;;;;;;;;;;;;;;;;;;;;;;;;;;;;;
;;;;3A767CEFF8525500888362A02F1CFCA6;88175;Scheidegg, im Allgäu;Scheidegg;Sankt-Gallus-Weg;8;;1;;;;;;;;;;;;;;;;;;;;;;;;;;;;;;;;;;;;;;;;;;;
;;;;7B1D01278D00C7CBE5940CB32973A0BD;88175;Scheidegg, im Allgäu;Scheidegg;Sankt-Gallus-Weg;9;/A;1;;;;;;;;;;;;;;;;;;;;;;;;;;;;;;;;;;;;;;;;;;;
;;;;4048A54279BFE7BD4E728D12DD93F44F;88175;Scheidegg, im Allgäu;Scheidegg;Sankt-Gallus-Weg;9;;1;;;;;;;;;;;;;;;;;;;;;;;;;;;;;;;;;;;;;;;;;;;
;;;;5EDD0309081E47A4FEDB990518C94447;88175;Scheidegg, im Allgäu;Scheidegg;Sankt-Gallus-Weg;10;;1;;;;;;;;;;;;;;;;;;;;;;;;;;;;;;;;;;;;;;;;;;;
;;;;5A66A37EB7715E3F8B9A2D02E9FBB3C3;88175;Scheidegg, im Allgäu;Scheidegg;Sankt-Gallus-Weg;11;;1;;;;;;;;;;;;;;;;;;;;;;;;;;;;;;;;;;;;;;;;;;;
;;;;B4BEB227381C52DF92FFE57CD3FDFA7B;88175;Scheidegg, im Allgäu;Scheidegg;Sankt-Gallus-Weg;11;/A;1;;;;;;;;;;;;;;;;;;;;;;;;;;;;;;;;;;;;;;;;;;;
;;;;C56B723AF465967CBF5D0FCE78CB5B98;88175;Scheidegg, im Allgäu;Scheidegg;Schlosserweg;3;;1;;;;;;;;;;;;;;;;;;;;;;;;;;;;;;;;;;;;;;;;;;;
;;;;77677F284BC30DF6ED45B084BC62B41C;88175;Scheidegg, im Allgäu;Scheidegg;Schlosserweg;5;;1;;;;;;;;;;;;;;;;;;;;;;;;;;;;;;;;;;;;;;;;;;;
;;;;D76995C4704DC629EC8646F13886904F;88175;Scheidegg, im Allgäu;Scheidegg;Siedlung Heimatland;1;;1;;;;;;;;;;;;;;;;;;;;;;;;;;;;;;;;;;;;;;;;;;;
;;;;1BA5018533E9BD7C4D5FA575217952FB;88175;Scheidegg, im Allgäu;Scheidegg;Siedlung Heimatland;2;;1;;;;;;;;;;;;;;;;;;;;;;;;;;;;;;;;;;;;;;;;;;;
;;;;19D8065B8CA9A081682006BACD26300F;88175;Scheidegg, im Allgäu;Scheidegg;Siedlung Heimatland;3;;1;;;;;;;;;;;;;;;;;;;;;;;;;;;;;;;;;;;;;;;;;;;
;;;;593AD2EF7E43210839E8D055E4912EFC;88175;Scheidegg, im Allgäu;Scheidegg;Siedlung Heimatland;4;;1;;;;;;;;;;;;;;;;;;;;;;;;;;;;;;;;;;;;;;;;;;;
;;;;078C1ECE3DFFCA93E2FD0BBD46E2DECE;88175;Scheidegg, im Allgäu;Scheidegg;Siedlung Heimatland;5;;1;;;;;;;;;;;;;;;;;;;;;;;;;;;;;;;;;;;;;;;;;;;
;;;;291E15733BCA880C1BF182F5AA5CF8F4;88175;Scheidegg, im Allgäu;Scheidegg;Siedlung Heimatland;6;;1;;;;;;;;;;;;;;;;;;;;;;;;;;;;;;;;;;;;;;;;;;;
;;;;D5E8269C75763315EDDDD1BFF279C72D;88175;Scheidegg, im Allgäu;Scheidegg;Siedlung Heimatland;7;;1;;;;;;;;;;;;;;;;;;;;;;;;;;;;;;;;;;;;;;;;;;;
;;;;1439BFF5B1B2FE2CE0DA9742D2A0CE93;88175;Scheidegg, im Allgäu;Scheidegg;Siedlung Heimatland;8;;1;;;;;;;;;;;;;;;;;;;;;;;;;;;;;;;;;;;;;;;;;;;
;;;;765F3B0365602A8638D657B4FB1D9FA7;88175;Scheidegg, im Allgäu;Scheidegg;Siedlung Heimatland;9;;1;;;;;;;;;;;;;;;;;;;;;;;;;;;;;;;;;;;;;;;;;;;
;;;;4DE3CEA3223FBF748099CE5770F9AEEC;88175;Scheidegg, im Allgäu;Scheidegg;Siedlung Heimatland;10;;1;;;;;;;;;;;;;;;;;;;;;;;;;;;;;;;;;;;;;;;;;;;
;;;;52582583173F49BE96CE3F914A969941;88175;Scheidegg, im Allgäu;Scheidegg;Siedlung Heimatland;11;;1;;;;;;;;;;;;;;;;;;;;;;;;;;;;;;;;;;;;;;;;;;;
;;;;17166150370CB575229A0415C719A81C;88175;Scheidegg, im Allgäu;Scheidegg;Siedlung Heimatland;12;;1;;;;;;;;;;;;;;;;;;;;;;;;;;;;;;;;;;;;;;;;;;;
;;;;CFFA1FB8878894EF8BCF49B3F37E7ADB;88175;Scheidegg, im Allgäu;Scheidegg;Siedlung Heimatland;13;;1;;;;;;;;;;;;;;;;;;;;;;;;;;;;;;;;;;;;;;;;;;;
;;;;6030B6B66DEE0F9C1B266A7574EBFD11;88175;Scheidegg, im Allgäu;Scheidegg;Siedlung Heimatland;14;;1;;;;;;;;;;;;;;;;;;;;;;;;;;;;;;;;;;;;;;;;;;;
;;;;F510F9F3FB2F507CD719994DC63EBDBE;88175;Scheidegg, im Allgäu;Scheidegg;Siedlung Heimatland;15;;1;;;;;;;;;;;;;;;;;;;;;;;;;;;;;;;;;;;;;;;;;;;
;;;;1758AE66559BF91B0990FFEF51084645;88175;Scheidegg, im Allgäu;Scheidegg;Siedlung Heimatland;16;;1;;;;;;;;;;;;;;;;;;;;;;;;;;;;;;;;;;;;;;;;;;;
;;;;11FB0138639B560550A78BB30B387159;88175;Scheidegg, im Allgäu;Scheidegg;Siedlung Heimatland;17;;1;;;;;;;;;;;;;;;;;;;;;;;;;;;;;;;;;;;;;;;;;;;
;;;;FA0DFB06B6891BF7BC031D099866E656;88175;Scheidegg, im Allgäu;Scheidegg;Siedlung Heimatland;18;;1;;;;;;;;;;;;;;;;;;;;;;;;;;;;;;;;;;;;;;;;;;;
;;;;E13FBAABF36C68C5342ECB2D35011AF9;88175;Scheidegg, im Allgäu;Scheidegg;Siedlung Heimatland;19;;1;;;;;;;;;;;;;;;;;;;;;;;;;;;;;;;;;;;;;;;;;;;
;;;;F231C161FD62BB39C9C1E1554CEED3DE;88175;Scheidegg, im Allgäu;Scheidegg;Siedlung Heimatland;20;;1;;;;;;;;;;;;;;;;;;;;;;;;;;;;;;;;;;;;;;;;;;;
;;;;184B8F1A0ECADEB68099D8F84C5DCD7E;88175;Scheidegg, im Allgäu;Scheidegg;Siedlung Heimatland;21;;1;;;;;;;;;;;;;;;;;;;;;;;;;;;;;;;;;;;;;;;;;;;
;;;;E10E31B78839EB20E17DA668B856F233;88175;Scheidegg, im Allgäu;Scheidegg;Siedlung Heimatland;22;;1;;;;;;;;;;;;;;;;;;;;;;;;;;;;;;;;;;;;;;;;;;;
;;;;C2BA0F57760DCFE3DF7A704A46F1A406;88175;Scheidegg, im Allgäu;Scheidegg;Siedlung Heimatland;23;;1;;;;;;;;;;;;;;;;;;;;;;;;;;;;;;;;;;;;;;;;;;;
;;;;A5E5151A1B07A6C2893DA253721704E3;88175;Scheidegg, im Allgäu;Scheidegg;Siedlung Heimatland;24;;1;;;;;;;;;;;;;;;;;;;;;;;;;;;;;;;;;;;;;;;;;;;
;;;;34C99FCE017A4F6BDE22A7E17F248488;88175;Scheidegg, im Allgäu;Scheidegg;Siedlung Heimatland;25;;1;;;;;;;;;;;;;;;;;;;;;;;;;;;;;;;;;;;;;;;;;;;
;;;;200BF8DCDE3DE8C2FEAA7D1F097B8EE5;88175;Scheidegg, im Allgäu;Scheidegg;Siedlung Heimatland;26;;1;;;;;;;;;;;;;;;;;;;;;;;;;;;;;;;;;;;;;;;;;;;
;;;;8718772F007E4393107C03ED1C0FB81F;88175;Scheidegg, im Allgäu;Scheidegg;Siedlung Heimatland;27;;1;;;;;;;;;;;;;;;;;;;;;;;;;;;;;;;;;;;;;;;;;;;
;;;;51687279FD231F6D2830115C9124D956;88175;Scheidegg, im Allgäu;Scheidegg;Siedlung Heimatland;28;;1;;;;;;;;;;;;;;;;;;;;;;;;;;;;;;;;;;;;;;;;;;;
;;;;7485D9D118EFEF90B11A7CF95BC08AA3;88175;Scheidegg, im Allgäu;Scheidegg;Sonnenstraße;3;;1;;;;;;;;;;;;;;;;;;;;;;;;;;;;;;;;;;;;;;;;;;;
;;;;0271E8BC961764241F09396478D38780;88175;Scheidegg, im Allgäu;Scheidegg;Sonnenstraße;4;;1;;;;;;;;;;;;;;;;;;;;;;;;;;;;;;;;;;;;;;;;;;;
;;;;45D4031295DC85DDC8A193BF1A5FA37C;88175;Scheidegg, im Allgäu;Scheidegg;Sonnenstraße;5;;1;;;;;;;;;;;;;;;;;;;;;;;;;;;;;;;;;;;;;;;;;;;
;;;;93201E67082441A505758175FC9A87A7;88175;Scheidegg, im Allgäu;Scheidegg;Sonnenstraße;6;;1;;;;;;;;;;;;;;;;;;;;;;;;;;;;;;;;;;;;;;;;;;;
;;;;28BB86F97B228E149A4796838D3D917A;88175;Scheidegg, im Allgäu;Scheidegg;Sonnenstraße;8;;1;;;;;;;;;;;;;;;;;;;;;;;;;;;;;;;;;;;;;;;;;;;
;;;;D6812AE7B810CE12E6BFAECD9F4375CA;88175;Scheidegg, im Allgäu;Scheidegg;Sonnenstraße;10;;1;;;;;;;;;;;;;;;;;;;;;;;;;;;;;;;;;;;;;;;;;;;
;;;;46DFDE414C593AD618D794C9D4CFAC71;88175;Scheidegg, im Allgäu;Scheidegg;Sonnenstraße;11;;1;;;;;;;;;;;;;;;;;;;;;;;;;;;;;;;;;;;;;;;;;;;
;;;;C2CCF8C9261E93128B9E1660F9E2903F;88175;Scheidegg, im Allgäu;Scheidegg;Sonnenstraße;12;;1;;;;;;;;;;;;;;;;;;;;;;;;;;;;;;;;;;;;;;;;;;;
;;;;70CF6A738D4BF5F2D485488B320DFE8A;88175;Scheidegg, im Allgäu;Scheidegg;Sonnenstraße;14;;1;;;;;;;;;;;;;;;;;;;;;;;;;;;;;;;;;;;;;;;;;;;
;;;;7B02CBD2096A72FD7B986445A1D31626;88175;Scheidegg, im Allgäu;Scheidegg;Sonnenstraße;16;;1;;;;;;;;;;;;;;;;;;;;;;;;;;;;;;;;;;;;;;;;;;;
;;;;0FA31AD8A4B244332CC974C1D51CE227;88175;Scheidegg, im Allgäu;Scheidegg;Sonnenstraße;16;/A;1;;;;;;;;;;;;;;;;;;;;;;;;;;;;;;;;;;;;;;;;;;;
;;;;4B4863FCF6312EA00E598ACCEA199459;88175;Scheidegg, im Allgäu;Scheidegg;Sonnenstraße;18;;1;;;;;;;;;;;;;;;;;;;;;;;;;;;;;;;;;;;;;;;;;;;
;;;;A7C7AC658FBE26B6EA33BC6E96E5DB48;88175;Scheidegg, im Allgäu;Scheidegg;Sonnenstraße;22;;1;;;;;;;;;;;;;;;;;;;;;;;;;;;;;;;;;;;;;;;;;;;
;;;;D3C05198E9D2FAE8965FD526C5FAE43F;88175;Scheidegg, im Allgäu;Scheidegg;Sonnenstraße;24;;1;;;;;;;;;;;;;;;;;;;;;;;;;;;;;;;;;;;;;;;;;;;
;;;;0FC6B28DC004B1F646F74C8CDCB7DC5A;88175;Scheidegg, im Allgäu;Scheidegg;Sonnenstraße;26;;1;;;;;;;;;;;;;;;;;;;;;;;;;;;;;;;;;;;;;;;;;;;
;;;;FBA21641B0EEC43731FB6CFA1637094C;88175;Scheidegg, im Allgäu;Scheidegg;Sonnenstraße;32;;1;;;;;;;;;;;;;;;;;;;;;;;;;;;;;;;;;;;;;;;;;;;
;;;;A98C80FCAE4E470B9035F0A32DEE2228;88175;Scheidegg, im Allgäu;Scheidegg;Untere Spielershalde;3;;1;;;;;;;;;;;;;;;;;;;;;;;;;;;;;;;;;;;;;;;;;;;
;;;;98FDCFD5F09D5AF765992C0D113EAA35;88175;Scheidegg, im Allgäu;Scheidegg;Untere Spielershalde;5;;1;;;;;;;;;;;;;;;;;;;;;;;;;;;;;;;;;;;;;;;;;;;
;;;;F04D1CE49E98E95904580883144299C5;88175;Scheidegg, im Allgäu;Scheidegg;Untere Spielershalde;7;;1;;;;;;;;;;;;;;;;;;;;;;;;;;;;;;;;;;;;;;;;;;;
;;;;93574293660A6480C6E2EABA082E75EC;88175;Scheidegg, im Allgäu;Scheidegg;Untere Spielershalde;9;/A;1;;;;;;;;;;;;;;;;;;;;;;;;;;;;;;;;;;;;;;;;;;;
;;;;7737C1842D3AAE7340D4EAFFFF8A1EA9;88175;Scheidegg, im Allgäu;Scheidegg;Untere Spielershalde;9;;1;;;;;;;;;;;;;;;;;;;;;;;;;;;;;;;;;;;;;;;;;;;
;;;;8421AD67FC6E786F974D027C09068E8C;88175;Scheidegg, im Allgäu;Scheidegg;Untere Spielershalde;11;;1;;;;;;;;;;;;;;;;;;;;;;;;;;;;;;;;;;;;;;;;;;;
;;;;7E57EDC1079C24ECA4333FE1229CC30C;88175;Scheidegg, im Allgäu;Scheidegg;Westpark;10;;1;;;;;;;;;;;;;;;;;;;;;;;;;;;;;;;;;;;;;;;;;;;
;;;;B57B40E39889913271F586B9DE6746B5;88175;Scheidegg, im Allgäu;Scheidegg;Westpark;20;;1;;;;;;;;;;;;;;;;;;;;;;;;;;;;;;;;;;;;;;;;;;;
;;;;73078E66CCD4BD41AD3E39B2B4882EA5;88175;Scheidegg, im Allgäu;Scheidegg;Westpark;22;;1;;;;;;;;;;;;;;;;;;;;;;;;;;;;;;;;;;;;;;;;;;;
;;;;30E422B2611EE5942A51846A81610CFE;88175;Scheidegg, im Allgäu;Scheidegg;Widdumweg;1;;1;;;;;;;;;;;;;;;;;;;;;;;;;;;;;;;;;;;;;;;;;;;
;;;;B1BB9E754AD970307685CD856D93B84B;88175;Scheidegg, im Allgäu;Scheidegg;Widdumweg;4;;1;;;;;;;;;;;;;;;;;;;;;;;;;;;;;;;;;;;;;;;;;;;
;;;;1E60DA06DE138CF6BB4E65A75E40AD07;88175;Scheidegg, im Allgäu;Scheidegg;Widdumweg;6;;1;;;;;;;;;;;;;;;;;;;;;;;;;;;;;;;;;;;;;;;;;;;
;;;;C528A70E2BE7B37BC2DFF0DD716E8C59;88175;Scheidegg, im Allgäu;Scheidegg;Zollamt;63;/1/2;1;;;;;;;;;;;;;;;;;;;;;;;;;;;;;;;;;;;;;;;;;;;
;;;;0EFA45AD1107854DC6974AD423F02FC3;88175;Scheidegg, im Allgäu;Scheidegg;Zollstraße;2;;1;;;;;;;;;;;;;;;;;;;;;;;;;;;;;;;;;;;;;;;;;;;
;;;;C631DC73A5E3C5863A6C55E6E749062F;88175;Scheidegg, im Allgäu;Scheidegg;Zollstraße;3;;1;;;;;;;;;;;;;;;;;;;;;;;;;;;;;;;;;;;;;;;;;;;
;;;;F436834B208BB9A7009202B90252FAF7;88175;Scheidegg, im Allgäu;Scheidegg;Zollstraße;4;;1;;;;;;;;;;;;;;;;;;;;;;;;;;;;;;;;;;;;;;;;;;;
;;;;C37214658FBC998CD931454034FEEAE6;88175;Scheidegg, im Allgäu;Scheidegg;Zollstraße;6;/A;1;;;;;;;;;;;;;;;;;;;;;;;;;;;;;;;;;;;;;;;;;;;
;;;;C668187D377575FD4D61D5FF8302FB6A;88175;Scheidegg, im Allgäu;Scheidegg;Zollstraße;6;;1;;;;;;;;;;;;;;;;;;;;;;;;;;;;;;;;;;;;;;;;;;;
;;;;053D7DF87F9930B8E0B7FEF8DB5CD244;88175;Scheidegg, im Allgäu;Scheidegg;Zollstraße;8;;1;;;;;;;;;;;;;;;;;;;;;;;;;;;;;;;;;;;;;;;;;;;
;;;;C3A6781F3951111373DEEF48F7F99497;88175;Scheidegg, im Allgäu;Scheidegg;Zollstraße;10;;1;;;;;;;;;;;;;;;;;;;;;;;;;;;;;;;;;;;;;;;;;;;
;;;;C3EBA62553A687D54485EA582B87ED9F;88175;Scheidegg, im Allgäu;Scheidegg;Zollstraße;10;/B;1;;;;;;;;;;;;;;;;;;;;;;;;;;;;;;;;;;;;;;;;;;;
;;;;E4E022DF6CDD2409830D95F514A8E148;88175;Scheidegg, im Allgäu;Scheidegg;Zollstraße;10;/C;1;;;;;;;;;;;;;;;;;;;;;;;;;;;;;;;;;;;;;;;;;;;
;;;;1F3E2249478F1E7D0E96E0EBB598BD37;88175;Scheidegg, im Allgäu;Scheidegg;Zollstraße;10;/A;1;;;;;;;;;;;;;;;;;;;;;;;;;;;;;;;;;;;;;;;;;;;
;;;;9471E2D1426B616DAB8A42E114BEF980;88175;Scheidegg, im Allgäu;Scheidegg;Zollstraße;12;;1;;;;;;;;;;;;;;;;;;;;;;;;;;;;;;;;;;;;;;;;;;;
;;;;1AFFB2973A5419202A8288A3E018F100;88175;Scheidegg, im Allgäu;Scheidegg;Zollstraße;16;;1;;;;;;;;;;;;;;;;;;;;;;;;;;;;;;;;;;;;;;;;;;;
;;;;6E8E8A11385F90A0F01CCE6F4F287CC8;88175;Scheidegg, im Allgäu;Scheidegg;Zollstraße;18;;1;;;;;;;;;;;;;;;;;;;;;;;;;;;;;;;;;;;;;;;;;;;
;;;;B66D7001AEC50F1D49D205A40CA9548A;88175;Scheidegg, im Allgäu;Scheidegg;Zollstraße;19;;1;;;;;;;;;;;;;;;;;;;;;;;;;;;;;;;;;;;;;;;;;;;
;;;;BDE799734A973E1FC75F5ED6CF9D4AEA;88175;Scheidegg, im Allgäu;Scheidegg;Zollstraße;20;;1;;;;;;;;;;;;;;;;;;;;;;;;;;;;;;;;;;;;;;;;;;;
;;;;C07ECB7210E07BDE340048CFA8175234;88175;Scheidegg, im Allgäu;Scheidegg;Zollstraße;21;;1;;;;;;;;;;;;;;;;;;;;;;;;;;;;;;;;;;;;;;;;;;;
;;;;B5FCE4A977E37CCC805306706AA71595;88175;Scheidegg, im Allgäu;Scheidegg;Zollstraße;23;;1;;;;;;;;;;;;;;;;;;;;;;;;;;;;;;;;;;;;;;;;;;;
;;;;2E6420B9BBBD839A26C32DC509DA90ED;88175;Scheidegg, im Allgäu;Scheidegg;Zollstraße;25;;1;;;;;;;;;;;;;;;;;;;;;;;;;;;;;;;;;;;;;;;;;;;
;;;;BF48EBEA9B3714F10F40A221BEA0FDF3;88175;Scheidegg, im Allgäu;Scheidegg;Zollstraße;26;;1;;;;;;;;;;;;;;;;;;;;;;;;;;;;;;;;;;;;;;;;;;;
;;;;2AC5E00FAD9121320EC647EAB760D582;88175;Scheidegg, im Allgäu;Scheidegg;Zollstraße;27;;1;;;;;;;;;;;;;;;;;;;;;;;;;;;;;;;;;;;;;;;;;;;
;;;;441A9FFB0338021B176226113E2FCDC0;88175;Scheidegg, im Allgäu;Scheidegg;Zollstraße;28;;1;;;;;;;;;;;;;;;;;;;;;;;;;;;;;;;;;;;;;;;;;;;
;;;;8003BF549BC982EFFBD9572E76F00578;88175;Scheidegg, im Allgäu;Scheidegg;Zollstraße;29;;1;;;;;;;;;;;;;;;;;;;;;;;;;;;;;;;;;;;;;;;;;;;
;;;;805DF0FA493242216F70F7B05AFB320B;88175;Scheidegg, im Allgäu;Scheidegg;Zollstraße;30;;1;;;;;;;;;;;;;;;;;;;;;;;;;;;;;;;;;;;;;;;;;;;
;;;;FAFBB2FD38221FB4279C40A3629D8AB8;88175;Scheidegg, im Allgäu;Scheidegg;Zollstraße;31;;1;;;;;;;;;;;;;;;;;;;;;;;;;;;;;;;;;;;;;;;;;;;
;;;;4BC459C523D9B7352A03FC1D995F747D;88175;Scheidegg, im Allgäu;Scheidegg;Zollstraße;53;;1;;;;;;;;;;;;;;;;;;;;;;;;;;;;;;;;;;;;;;;;;;;
;;;;F2897736595FCAECA69AE56EBCD3241B;88175;Scheidegg, im Allgäu;Scheidegg;Zollstraße;55;/1/4;1;;;;;;;;;;;;;;;;;;;;;;;;;;;;;;;;;;;;;;;;;;;
;;;;74C72F781A8D2E6E0815DB506A3B655C;88175;Scheidegg, im Allgäu;Scheidegg;Zur Schmalzgrube;6;;1;;;;;;;;;;;;;;;;;;;;;;;;;;;;;;;;;;;;;;;;;;;
;;;;DC0954B952C6358573DF522EE273CF60;88175;Scheidegg, im Allgäu;Scheidegg;Zur Schmalzgrube;48;;1;;;;;;;;;;;;;;;;;;;;;;;;;;;;;;;;;;;;;;;;;;;
;;;;2CCD7BAE8C2AD06A080C9F158AC5CD76;88175;Scheidegg, im Allgäu;Schirpfentobel;Schirpfentobel;2;;1;;;;;;;;;;;;;;;;;;;;;;;;;;;;;;;;;;;;;;;;;;;
;;;;F5C90E718B6218B1CF78B9CC28FAF538;88175;Scheidegg, im Allgäu;Schirpfentobel;Schirpfentobel;5;;1;;;;;;;;;;;;;;;;;;;;;;;;;;;;;;;;;;;;;;;;;;;
;;;;28947719A01EDFEA43735CDB8323E12D;88175;Scheidegg, im Allgäu;Unterschwenden;Unterschwenden;65;;1;;;;;;;;;;;;;;;;;;;;;;;;;;;;;;;;;;;;;;;;;;;
;;;;B5EEE354DF14190CB52173851F83D1DD;88175;Scheidegg, im Allgäu;Unterschwenden;Unterschwenden;66;;1;;;;;;;;;;;;;;;;;;;;;;;;;;;;;;;;;;;;;;;;;;;
;;;;3E3F7D5EDC1443DD86FDAE29376886A3;88175;Scheidegg, im Allgäu;Unterschwenden;Unterschwenden;67;;1;;;;;;;;;;;;;;;;;;;;;;;;;;;;;;;;;;;;;;;;;;;
;;;;471BE46D1A60BF74C876B7F655C0EA03;88175;Scheidegg, im Allgäu;Unterschwenden;Unterschwenden;68;;1;;;;;;;;;;;;;;;;;;;;;;;;;;;;;;;;;;;;;;;;;;;
;;;;1480F43E97E34D3AB253B9D618203FFB;88175;Scheidegg, im Allgäu;Unterstein;Unterstein;3;;1;;;;;;;;;;;;;;;;;;;;;;;;;;;;;;;;;;;;;;;;;;;
;;;;963CF77FBA63EE2B157E76457783FDC3;88175;Scheidegg, im Allgäu;Unterstein;Unterstein;5;;1;;;;;;;;;;;;;;;;;;;;;;;;;;;;;;;;;;;;;;;;;;;
;;;;EF815E13E4A245159B0B08E87C309A56;88175;Scheidegg, im Allgäu;Unterstein;Unterstein;9;;1;;;;;;;;;;;;;;;;;;;;;;;;;;;;;;;;;;;;;;;;;;;
;;;;2D56AA25985AEEC1C66E4BD968714E4C;88175;Scheidegg, im Allgäu;Unterstein;Unterstein;12;;1;;;;;;;;;;;;;;;;;;;;;;;;;;;;;;;;;;;;;;;;;;;
;;;;B1CE08F8095DBE649D53404A325014C8;88175;Scheidegg, im Allgäu;Unterstein;Unterstein;17;;1;;;;;;;;;;;;;;;;;;;;;;;;;;;;;;;;;;;;;;;;;;;
;;;;A4B8E16A4ABCFAFAF7E09EFFD6590A2A;88175;Scheidegg, im Allgäu;Unterstein;Unterstein;22;;1;;;;;;;;;;;;;;;;;;;;;;;;;;;;;;;;;;;;;;;;;;;
;;;;D168804AF3802974B92061182C6405A1;88175;Scheidegg, im Allgäu;Unterstein;Unterstein;24;;1;;;;;;;;;;;;;;;;;;;;;;;;;;;;;;;;;;;;;;;;;;;
;;;;AC0850069562F5C7A7D7E18E1C001834;88175;Scheidegg, im Allgäu;Unterstein;Unterstein;25;;1;;;;;;;;;;;;;;;;;;;;;;;;;;;;;;;;;;;;;;;;;;;
;;;;7C4B7A3D4F5E0DF88B416CE01DCF80FD;88175;Scheidegg, im Allgäu;Unterstein;Unterstein;28;;1;;;;;;;;;;;;;;;;;;;;;;;;;;;;;;;;;;;;;;;;;;;
;;;;74A1C26ACF40BA339D5302EE99EE7949;88175;Scheidegg, im Allgäu;Unterstein;Unterstein;29;;1;;;;;;;;;;;;;;;;;;;;;;;;;;;;;;;;;;;;;;;;;;;
;;;;8B4BD7B01F00DAC9FD4FCECC0DC7049E;88175;Scheidegg, im Allgäu;Unterstein;Unterstein;31;;1;;;;;;;;;;;;;;;;;;;;;;;;;;;;;;;;;;;;;;;;;;;
;;;;2B0EFBF59F8D7A27BFE425A6667CCFFA;88175;Scheidegg, im Allgäu;Unterstein;Unterstein;33;;1;;;;;;;;;;;;;;;;;;;;;;;;;;;;;;;;;;;;;;;;;;;
;;;;EAEE9281159E0253712AD46B930B20AB;88175;Scheidegg, im Allgäu;Unterstein;Unterstein;40;;1;;;;;;;;;;;;;;;;;;;;;;;;;;;;;;;;;;;;;;;;;;;
;;;;DB1CA7B5EDC772E6B4429C06C0E658B5;88175;Scheidegg, im Allgäu;Unterstein;Unterstein;47;;1;;;;;;;;;;;;;;;;;;;;;;;;;;;;;;;;;;;;;;;;;;;
;;;;977DAEBFED6D2984E3C1C225C23C3716;88175;Scheidegg, im Allgäu;Unterstein;Unterstein;67;;1;;;;;;;;;;;;;;;;;;;;;;;;;;;;;;;;;;;;;;;;;;;
;;;;5879600A9F831DF74C077B41E2E15791;88175;Scheidegg, im Allgäu;Unterstein;Unterstein;68;;1;;;;;;;;;;;;;;;;;;;;;;;;;;;;;;;;;;;;;;;;;;;
;;;;48AE8643B83EE5B31965352178DC3340;88175;Scheidegg, im Allgäu;Unterstein;Unterstein;69;;1;;;;;;;;;;;;;;;;;;;;;;;;;;;;;;;;;;;;;;;;;;;
;;;;E943FA6491552D0FE36056094982C078;88175;Scheidegg, im Allgäu;Unterstein;Unterstein;80;;1;;;;;;;;;;;;;;;;;;;;;;;;;;;;;;;;;;;;;;;;;;;
